line_family,line_source_tab,requested_by,implementer_type,implementer_name,line_destination,required_line,ad_system_domain,seller_id,relationship,caid,priority_flag,is_tbd,notes,partner_name,line_id
Dauup Authorization,Publishers Seller ID Tracker,Dauup,Publisher,Handcent,Publisher Ads.txt,"dauup.com, 38101, DIRECT",dauup.com,38101,DIRECT,,False,False,,,
Dauup Authorization,Publishers Seller ID Tracker,Dauup,Publisher,Smarter-Wireless,Publisher Ads.txt,"dauup.com, 38102, DIRECT",dauup.com,38102,DIRECT,,False,False,,,
Dauup Authorization,Publishers Seller ID Tracker,Dauup,Publisher,MX Player,Publisher Ads.txt,"dauup.com, 38103, DIRECT",dauup.com,38103,DIRECT,,False,False,,,
Dauup Authorization,Publishers Seller ID Tracker,Dauup,Publisher,Mode Mobile,Publisher Ads.txt,"dauup.com, 38104, DIRECT",dauup.com,38104,DIRECT,,False,False,,,
Dauup Authorization,Publishers Seller ID Tracker,Dauup,Publisher,StarBerry Games,Publisher Ads.txt,"dauup.com, 38105, DIRECT",dauup.com,38105,DIRECT,,False,False,,,
Dauup Authorization,Publishers Seller ID Tracker,Dauup,Publisher,Airbrush,Publisher Ads.txt,"dauup.com, 38106, DIRECT",dauup.com,38106,DIRECT,,False,False,,,
Dauup Authorization,Publishers Seller ID Tracker,Dauup,Publisher,Cats the Game (Zepto Labs),Publisher Ads.txt,"dauup.com, 38107, DIRECT",dauup.com,38107,DIRECT,,False,False,,,
Dauup Authorization,Publishers Seller ID Tracker,Dauup,Publisher,Mobicia,Publisher Ads.txt,"dauup.com, 38108, DIRECT",dauup.com,38108,DIRECT,,False,False,,,
Dauup Authorization,Publishers Seller ID Tracker,Dauup,Publisher,Wafour,Publisher Ads.txt,"dauup.com, 38109, DIRECT",dauup.com,38109,DIRECT,,False,False,,,
Dauup Authorization,Publishers Seller ID Tracker,Dauup,Publisher,IEC Games,Publisher Ads.txt,"dauup.com, 38110, DIRECT",dauup.com,38110,DIRECT,,False,False,,,
Dauup Authorization,Publishers Seller ID Tracker,Dauup,Publisher,nWay,Publisher Ads.txt,"dauup.com, 38111, DIRECT",dauup.com,38111,DIRECT,,False,False,,,
Dauup Authorization,Publishers Seller ID Tracker,Dauup,Publisher,Mobirate,Publisher Ads.txt,"dauup.com, 38112, DIRECT",dauup.com,38112,DIRECT,,False,False,,,
Dauup Authorization,Publishers Seller ID Tracker,Dauup,Publisher,Belka,Publisher Ads.txt,"dauup.com, 38113, DIRECT",dauup.com,38113,DIRECT,,False,False,,,
Dauup Authorization,Publishers Seller ID Tracker,Dauup,Publisher,LIHUHU,Publisher Ads.txt,"dauup.com, 38114, DIRECT",dauup.com,38114,DIRECT,,False,False,,,
Dauup Authorization,Publishers Seller ID Tracker,Dauup,Publisher,www.airkast.com,Publisher Ads.txt,"dauup.com, 38115, DIRECT",dauup.com,38115,DIRECT,,False,False,,,
Dauup Authorization,Publishers Seller ID Tracker,Dauup,Publisher,devgame.me,Publisher Ads.txt,"dauup.com, 38116, DIRECT",dauup.com,38116,DIRECT,,False,False,,,
Dauup Authorization,Publishers Seller ID Tracker,Dauup,Publisher,www.ysocorp.com,Publisher Ads.txt,"dauup.com, 38118, DIRECT",dauup.com,38118,DIRECT,,False,False,,,
Dauup Authorization,Publishers Seller ID Tracker,Dauup,Publisher,www.mobirix.com,Publisher Ads.txt,"dauup.com, 38119, DIRECT",dauup.com,38119,DIRECT,,False,False,,,
Dauup Authorization,Publishers Seller ID Tracker,Dauup,Publisher,www.dic1.com,Publisher Ads.txt,"dauup.com, 38120, DIRECT",dauup.com,38120,DIRECT,,False,False,,,
Dauup Authorization,Publishers Seller ID Tracker,Dauup,Publisher,rollicgames.com,Publisher Ads.txt,"dauup.com, 38121, DIRECT",dauup.com,38121,DIRECT,,False,False,,,
Dauup Authorization,Publishers Seller ID Tracker,Dauup,Publisher,apperdevelop.com,Publisher Ads.txt,"dauup.com, 38122, DIRECT",dauup.com,38122,DIRECT,,False,False,,,
Dauup Authorization,Publishers Seller ID Tracker,Dauup,Publisher,ozoqo.com,Publisher Ads.txt,"dauup.com, 38123, DIRECT",dauup.com,38123,DIRECT,,False,False,,,
Dauup Authorization,Publishers Seller ID Tracker,Dauup,Publisher,aigames.ae,Publisher Ads.txt,"dauup.com, 38124, DIRECT",dauup.com,38124,DIRECT,,False,False,,,
Dauup Authorization,Publishers Seller ID Tracker,Dauup,Publisher,Koei Tecmo,Publisher Ads.txt,"dauup.com, 38125, DIRECT",dauup.com,38125,DIRECT,,False,False,,,
Dauup Authorization,Publishers Seller ID Tracker,Dauup,Publisher,STUDIO WAKABA,Publisher Ads.txt,"dauup.com, 38126, DIRECT",dauup.com,38126,DIRECT,,False,False,,,
Dauup Authorization,Publishers Seller ID Tracker,Dauup,Publisher,Nazokoi,Publisher Ads.txt,"dauup.com, 38127, DIRECT",dauup.com,38127,DIRECT,,False,False,,,
Dauup Authorization,Publishers Seller ID Tracker,Dauup,Publisher,Keisuke Watanabe,Publisher Ads.txt,"dauup.com, 38128, DIRECT",dauup.com,38128,DIRECT,,False,False,,,
Dauup Authorization,Publishers Seller ID Tracker,Dauup,Publisher,Scaebako Productions,Publisher Ads.txt,"dauup.com, 38129, DIRECT",dauup.com,38129,DIRECT,,False,False,,,
Dauup Authorization,Publishers Seller ID Tracker,Dauup,Publisher,Jammsworks,Publisher Ads.txt,"dauup.com, 38130, DIRECT",dauup.com,38130,DIRECT,,False,False,,,
Dauup Authorization,Publishers Seller ID Tracker,Dauup,Publisher,UNBALANCE,Publisher Ads.txt,"dauup.com, 38133, DIRECT",dauup.com,38133,DIRECT,,False,False,,,
Dauup Authorization,Publishers Seller ID Tracker,Dauup,Publisher,ArtsPlanet,Publisher Ads.txt,"dauup.com, 38135, DIRECT",dauup.com,38135,DIRECT,,False,False,,,
Dauup Authorization,Publishers Seller ID Tracker,Dauup,Publisher,Gamesys,Publisher Ads.txt,"dauup.com, 38136, DIRECT",dauup.com,38136,DIRECT,,False,False,,,
Dauup Authorization,Publishers Seller ID Tracker,Dauup,Publisher,Beansprites,Publisher Ads.txt,"dauup.com, 38137, DIRECT",dauup.com,38137,DIRECT,,False,False,,,
Dauup Authorization,Publishers Seller ID Tracker,Dauup,Publisher,Masahiro Morishima,Publisher Ads.txt,"dauup.com, 38139, DIRECT",dauup.com,38139,DIRECT,,False,False,,,
Dauup Authorization,Publishers Seller ID Tracker,Dauup,Publisher,Genius Inc,Publisher Ads.txt,"dauup.com, 38140, DIRECT",dauup.com,38140,DIRECT,,False,False,,,
Dauup Authorization,Publishers Seller ID Tracker,Dauup,Publisher,TipTop Limited,Publisher Ads.txt,"dauup.com, 38143, DIRECT",dauup.com,38143,DIRECT,,False,False,,,
Dauup Authorization,Publishers Seller ID Tracker,Dauup,Publisher,Tristore,Publisher Ads.txt,"dauup.com, 38145, DIRECT",dauup.com,38145,DIRECT,,False,False,,,
Dauup Authorization,Publishers Seller ID Tracker,Dauup,Publisher,NEAT ESCAPE,Publisher Ads.txt,"dauup.com, 38148, DIRECT",dauup.com,38148,DIRECT,,False,False,,,
Dauup Authorization,Publishers Seller ID Tracker,Dauup,Publisher,Commseed,Publisher Ads.txt,"dauup.com, 38149, DIRECT",dauup.com,38149,DIRECT,,False,False,,,
Dauup Authorization,Publishers Seller ID Tracker,Dauup,Publisher,いーちま珈琲堂,Publisher Ads.txt,"dauup.com, 38152, DIRECT",dauup.com,38152,DIRECT,,False,False,,,
Dauup Authorization,Publishers Seller ID Tracker,Dauup,Publisher,Toshihiko Ono,Publisher Ads.txt,"dauup.com, 38154, DIRECT",dauup.com,38154,DIRECT,,False,False,,,
Dauup Authorization,Publishers Seller ID Tracker,Dauup,Publisher,KidsStar,Publisher Ads.txt,"dauup.com, 38156, DIRECT",dauup.com,38156,DIRECT,,False,False,,,
Dauup Authorization,Publishers Seller ID Tracker,Dauup,Publisher,Redemption Games,Publisher Ads.txt,"dauup.com, 38157, DIRECT",dauup.com,38157,DIRECT,,False,False,,,
Dauup Authorization,Publishers Seller ID Tracker,Dauup,Publisher,株式会社コメダ,Publisher Ads.txt,"dauup.com, 38158, DIRECT",dauup.com,38158,DIRECT,,False,False,,,
Dauup Authorization,Publishers Seller ID Tracker,Dauup,Publisher,Code Dish,Publisher Ads.txt,"dauup.com, 38159, DIRECT",dauup.com,38159,DIRECT,,False,False,,,
Dauup Authorization,Publishers Seller ID Tracker,Dauup,Publisher,GoodLuck3,Publisher Ads.txt,"dauup.com, 38160, DIRECT",dauup.com,38160,DIRECT,,False,False,,,
Dauup Authorization,Publishers Seller ID Tracker,Dauup,Publisher,Hazard Studio,Publisher Ads.txt,"dauup.com, 38162, DIRECT",dauup.com,38162,DIRECT,,False,False,,,
Dauup Authorization,Publishers Seller ID Tracker,Dauup,Publisher,Shiro Miyahara,Publisher Ads.txt,"dauup.com, 38164, DIRECT",dauup.com,38164,DIRECT,,False,False,,,
Dauup Authorization,Publishers Seller ID Tracker,Dauup,Publisher,Hiboshi Panda.Studio,Publisher Ads.txt,"dauup.com, 38165, DIRECT",dauup.com,38165,DIRECT,,False,False,,,
Dauup Authorization,Publishers Seller ID Tracker,Dauup,Publisher,Y2SGAMES,Publisher Ads.txt,"dauup.com, 38166, DIRECT",dauup.com,38166,DIRECT,,False,False,,,
Dauup Authorization,Publishers Seller ID Tracker,Dauup,Publisher,Borussia VfL 1900 Mönchengladbach GmbH,Publisher Ads.txt,"dauup.com, 38168, DIRECT",dauup.com,38168,DIRECT,,False,False,,,
Dauup Authorization,Publishers Seller ID Tracker,Dauup,Publisher,COLOPL,Publisher Ads.txt,"dauup.com, 38169, DIRECT",dauup.com,38169,DIRECT,,False,False,,,
Dauup Authorization,Publishers Seller ID Tracker,Dauup,Publisher,Outdooractive,Publisher Ads.txt,"dauup.com, 38173, DIRECT",dauup.com,38173,DIRECT,,False,False,,,
Dauup Authorization,Publishers Seller ID Tracker,Dauup,Publisher,Mitchell Room,Publisher Ads.txt,"dauup.com, 38174, DIRECT",dauup.com,38174,DIRECT,,False,False,,,
Dauup Authorization,Publishers Seller ID Tracker,Dauup,Publisher,Difference Games,Publisher Ads.txt,"dauup.com, 38175, DIRECT",dauup.com,38175,DIRECT,,False,False,,,
Dauup Authorization,Publishers Seller ID Tracker,Dauup,Publisher,MIDI OLYMPIQUE,Publisher Ads.txt,"dauup.com, 38177, DIRECT",dauup.com,38177,DIRECT,,False,False,,,
Dauup Authorization,Publishers Seller ID Tracker,Dauup,Publisher,Big Run Studios,Publisher Ads.txt,"dauup.com, 38181, DIRECT",dauup.com,38181,DIRECT,,False,False,,,
Dauup Authorization,Publishers Seller ID Tracker,Dauup,Publisher,DraftKings,Publisher Ads.txt,"dauup.com, 38182, DIRECT",dauup.com,38182,DIRECT,,False,False,,,
Dauup Authorization,Publishers Seller ID Tracker,Dauup,Publisher,Appenvision,Publisher Ads.txt,"dauup.com, 38183, DIRECT",dauup.com,38183,DIRECT,,False,False,,,
Dauup Authorization,Publishers Seller ID Tracker,Dauup,Publisher,doTERRA,Publisher Ads.txt,"dauup.com, 38186, DIRECT",dauup.com,38186,DIRECT,,False,False,,,
Dauup Authorization,Publishers Seller ID Tracker,Dauup,Publisher,SensusTech,Publisher Ads.txt,"dauup.com, 38187, DIRECT",dauup.com,38187,DIRECT,,False,False,,,
Dauup Authorization,Publishers Seller ID Tracker,Dauup,Publisher,Ace Viral,Publisher Ads.txt,"dauup.com, 38189, DIRECT",dauup.com,38189,DIRECT,,False,False,,,
Dauup Authorization,Publishers Seller ID Tracker,Dauup,Publisher,FreePlay,Publisher Ads.txt,"dauup.com, 38190, DIRECT",dauup.com,38190,DIRECT,,False,False,,,
Dauup Authorization,Publishers Seller ID Tracker,Dauup,Publisher,ArayashikiGame,Publisher Ads.txt,"dauup.com, 38192, DIRECT",dauup.com,38192,DIRECT,,False,False,,,
Dauup Authorization,Publishers Seller ID Tracker,Dauup,Publisher,SciPlay,Publisher Ads.txt,"dauup.com, 38194, DIRECT",dauup.com,38194,DIRECT,,False,False,,,
Dauup Authorization,Publishers Seller ID Tracker,Dauup,Publisher,kabu.com,Publisher Ads.txt,"dauup.com, 38196, DIRECT",dauup.com,38196,DIRECT,,False,False,,,
Dauup Authorization,Publishers Seller ID Tracker,Dauup,Publisher,ZOO,Publisher Ads.txt,"dauup.com, 38197, DIRECT",dauup.com,38197,DIRECT,,False,False,,,
Dauup Authorization,Publishers Seller ID Tracker,Dauup,Publisher,Candy Grill,Publisher Ads.txt,"dauup.com, 38198, DIRECT",dauup.com,38198,DIRECT,,False,False,,,
Dauup Authorization,Publishers Seller ID Tracker,Dauup,Publisher,Evolution Games GmbH,Publisher Ads.txt,"dauup.com, 38201, DIRECT",dauup.com,38201,DIRECT,,False,False,,,
Dauup Authorization,Publishers Seller ID Tracker,Dauup,Publisher,Az Mobile Software,Publisher Ads.txt,"dauup.com, 38202, DIRECT",dauup.com,38202,DIRECT,,False,False,,,
Dauup Authorization,Publishers Seller ID Tracker,Dauup,Publisher,Vira Games,Publisher Ads.txt,"dauup.com, 38203, DIRECT",dauup.com,38203,DIRECT,,False,False,,,
Dauup Authorization,Publishers Seller ID Tracker,Dauup,Publisher,Mirrativ,Publisher Ads.txt,"dauup.com, 38211, DIRECT",dauup.com,38211,DIRECT,,False,False,,,
Dauup Authorization,Publishers Seller ID Tracker,Dauup,Publisher,Takaratomy Arts,Publisher Ads.txt,"dauup.com, 38214, DIRECT",dauup.com,38214,DIRECT,,False,False,,,
Dauup Authorization,Publishers Seller ID Tracker,Dauup,Publisher,プラクリ,Publisher Ads.txt,"dauup.com, 38217, DIRECT",dauup.com,38217,DIRECT,,False,False,,,
Dauup Authorization,Publishers Seller ID Tracker,Dauup,Publisher,Whow Games,Publisher Ads.txt,"dauup.com, 38218, DIRECT",dauup.com,38218,DIRECT,,False,False,,,
Dauup Authorization,Publishers Seller ID Tracker,Dauup,Publisher,Imagineer,Publisher Ads.txt,"dauup.com, 38219, DIRECT",dauup.com,38219,DIRECT,,False,False,,,
Dauup Authorization,Publishers Seller ID Tracker,Dauup,Publisher,YoGreenSoft,Publisher Ads.txt,"dauup.com, 38221, DIRECT",dauup.com,38221,DIRECT,,False,False,,,
Dauup Authorization,Publishers Seller ID Tracker,Dauup,Publisher,UOL,Publisher Ads.txt,"dauup.com, 38224, DIRECT",dauup.com,38224,DIRECT,,False,False,,,
Dauup Authorization,Publishers Seller ID Tracker,Dauup,Publisher,日本気象,Publisher Ads.txt,"dauup.com, 38226, DIRECT",dauup.com,38226,DIRECT,,False,False,,,
Dauup Authorization,Publishers Seller ID Tracker,Dauup,Publisher,Smarts ElWady,Publisher Ads.txt,"dauup.com, 38228, DIRECT",dauup.com,38228,DIRECT,,False,False,,,
Dauup Authorization,Publishers Seller ID Tracker,Dauup,Publisher,DWANGO,Publisher Ads.txt,"dauup.com, 38229, DIRECT",dauup.com,38229,DIRECT,,False,False,,,
Dauup Authorization,Publishers Seller ID Tracker,Dauup,Publisher,SponsorAds,Publisher Ads.txt,"dauup.com, 38231, DIRECT",dauup.com,38231,DIRECT,,False,False,,,
Dauup Authorization,Publishers Seller ID Tracker,Dauup,Publisher,PJ Solution,Publisher Ads.txt,"dauup.com, 38232, DIRECT",dauup.com,38232,DIRECT,,False,False,,,
Dauup Authorization,Publishers Seller ID Tracker,Dauup,Publisher,Lumiplan,Publisher Ads.txt,"dauup.com, 38233, DIRECT",dauup.com,38233,DIRECT,,False,False,,,
Dauup Authorization,Publishers Seller ID Tracker,Dauup,Publisher,Tiny Touch Tales,Publisher Ads.txt,"dauup.com, 38234, DIRECT",dauup.com,38234,DIRECT,,False,False,,,
Dauup Authorization,Publishers Seller ID Tracker,Dauup,Publisher,+HOME by Ateam Entertainment,Publisher Ads.txt,"dauup.com, 38236, DIRECT",dauup.com,38236,DIRECT,,False,False,,,
Dauup Authorization,Publishers Seller ID Tracker,Dauup,Publisher,Sammy NetWorks,Publisher Ads.txt,"dauup.com, 38237, DIRECT",dauup.com,38237,DIRECT,,False,False,,,
Dauup Authorization,Publishers Seller ID Tracker,Dauup,Publisher,Valentina Malinovskaya,Publisher Ads.txt,"dauup.com, 38238, DIRECT",dauup.com,38238,DIRECT,,False,False,,,
Dauup Authorization,Publishers Seller ID Tracker,Dauup,Publisher,BP,Publisher Ads.txt,"dauup.com, 38243, DIRECT",dauup.com,38243,DIRECT,,False,False,,,
Dauup Authorization,Publishers Seller ID Tracker,Dauup,Publisher,Lutech Ltd,Publisher Ads.txt,"dauup.com, 38246, DIRECT",dauup.com,38246,DIRECT,,False,False,,,
Dauup Authorization,Publishers Seller ID Tracker,Dauup,Publisher,CRAYON Inc,Publisher Ads.txt,"dauup.com, 38247, DIRECT",dauup.com,38247,DIRECT,,False,False,,,
Dauup Authorization,Publishers Seller ID Tracker,Dauup,Publisher,Room's Room,Publisher Ads.txt,"dauup.com, 38248, DIRECT",dauup.com,38248,DIRECT,,False,False,,,
Dauup Authorization,Publishers Seller ID Tracker,Dauup,Publisher,NTT DOCOMO,Publisher Ads.txt,"dauup.com, 38252, DIRECT",dauup.com,38252,DIRECT,,False,False,,,
Dauup Authorization,Publishers Seller ID Tracker,Dauup,Publisher,PlaySide,Publisher Ads.txt,"dauup.com, 38254, DIRECT",dauup.com,38254,DIRECT,,False,False,,,
Dauup Authorization,Publishers Seller ID Tracker,Dauup,Publisher,Ryman Racing,Publisher Ads.txt,"dauup.com, 38255, DIRECT",dauup.com,38255,DIRECT,,False,False,,,
Dauup Authorization,Publishers Seller ID Tracker,Dauup,Publisher,GOODROID,Publisher Ads.txt,"dauup.com, 38256, DIRECT",dauup.com,38256,DIRECT,,False,False,,,
Dauup Authorization,Publishers Seller ID Tracker,Dauup,Publisher,Mobile Fox,Publisher Ads.txt,"dauup.com, 38259, DIRECT",dauup.com,38259,DIRECT,,False,False,,,
Dauup Authorization,Publishers Seller ID Tracker,Dauup,Publisher,FTY,Publisher Ads.txt,"dauup.com, 38260, DIRECT",dauup.com,38260,DIRECT,,False,False,,,
Dauup Authorization,Publishers Seller ID Tracker,Dauup,Publisher,Ubisoft,Publisher Ads.txt,"dauup.com, 38262, DIRECT",dauup.com,38262,DIRECT,,False,False,,,
Dauup Authorization,Publishers Seller ID Tracker,Dauup,Publisher,BANDAI NAMCO Entertainment,Publisher Ads.txt,"dauup.com, 38266, DIRECT",dauup.com,38266,DIRECT,,False,False,,,
Dauup Authorization,Publishers Seller ID Tracker,Dauup,Publisher,SHUEISHA,Publisher Ads.txt,"dauup.com, 38267, DIRECT",dauup.com,38267,DIRECT,,False,False,,,
Dauup Authorization,Publishers Seller ID Tracker,Dauup,Publisher,StepsApp,Publisher Ads.txt,"dauup.com, 38272, DIRECT",dauup.com,38272,DIRECT,,False,False,,,
Dauup Authorization,Publishers Seller ID Tracker,Dauup,Publisher,Wild in Art,Publisher Ads.txt,"dauup.com, 38274, DIRECT",dauup.com,38274,DIRECT,,False,False,,,
Dauup Authorization,Publishers Seller ID Tracker,Dauup,Publisher,Garden of Dreams,Publisher Ads.txt,"dauup.com, 38275, DIRECT",dauup.com,38275,DIRECT,,False,False,,,
Dauup Authorization,Publishers Seller ID Tracker,Dauup,Publisher,IEC Global,Publisher Ads.txt,"dauup.com, 38276, DIRECT",dauup.com,38276,DIRECT,,False,False,,,
Dauup Authorization,Publishers Seller ID Tracker,Dauup,Publisher,Smarter Mobi,Publisher Ads.txt,"dauup.com, 38277, DIRECT",dauup.com,38277,DIRECT,,False,False,,,
Dauup Authorization,Publishers Seller ID Tracker,Dauup,Publisher,Smarter Mobi,Publisher Ads.txt,"dauup.com, 38278, DIRECT",dauup.com,38278,DIRECT,,False,False,,,
Dauup Authorization,Publishers Seller ID Tracker,Dauup,Publisher,Smarter Mobi,Publisher Ads.txt,"dauup.com, 38279, DIRECT",dauup.com,38279,DIRECT,,False,False,,,
Dauup Authorization,Publishers Seller ID Tracker,Dauup,Publisher,Smarter Mobi,Publisher Ads.txt,"dauup.com, 38280, DIRECT",dauup.com,38280,DIRECT,,False,False,,,
Dauup Authorization,Publishers Seller ID Tracker,Dauup,Publisher,Smarter Mobi,Publisher Ads.txt,"dauup.com, 38281, DIRECT",dauup.com,38281,DIRECT,,False,False,,,
Dauup Authorization,Publishers Seller ID Tracker,Dauup,Publisher,say.games,Publisher Ads.txt,"dauup.com, 38282, DIRECT",dauup.com,38282,DIRECT,,False,False,,,
Dauup Authorization,Publishers Seller ID Tracker,Dauup,Publisher,www.voodoo.io,Publisher Ads.txt,"dauup.com, 38283, DIRECT",dauup.com,38283,DIRECT,,False,False,,,
Dauup Authorization,Publishers Seller ID Tracker,Dauup,Publisher,www.crazylabs.com,Publisher Ads.txt,"dauup.com, 38284, DIRECT",dauup.com,38284,DIRECT,,False,False,,,
Dauup Authorization,Publishers Seller ID Tracker,Dauup,Publisher,global-gear.jp,Publisher Ads.txt,"dauup.com, 38285, DIRECT",dauup.com,38285,DIRECT,,False,False,,,
Dauup Authorization,Publishers Seller ID Tracker,Dauup,Publisher,TBD,Publisher Ads.txt,"dauup.com, 38286, DIRECT",dauup.com,38286,DIRECT,,False,True,,,
Dauup Authorization,Publishers Seller ID Tracker,Dauup,Publisher,elcapitan.games,Publisher Ads.txt,"dauup.com, 38287, DIRECT",dauup.com,38287,DIRECT,,False,False,,,
Dauup Authorization,Publishers Seller ID Tracker,Dauup,Publisher,abigames.com.vn,Publisher Ads.txt,"dauup.com, 38289, DIRECT",dauup.com,38289,DIRECT,,False,False,,,
Dauup Authorization,Publishers Seller ID Tracker,Dauup,Publisher,www.momentsvideos.com,Publisher Ads.txt,"dauup.com, 38290, DIRECT",dauup.com,38290,DIRECT,,False,False,,,
Dauup Authorization,Publishers Seller ID Tracker,Dauup,Publisher,supersonic.com,Publisher Ads.txt,"dauup.com, 38291, DIRECT",dauup.com,38291,DIRECT,,False,False,,,
Dauup Authorization,Publishers Seller ID Tracker,Dauup,Publisher,superbox.kr,Publisher Ads.txt,"dauup.com, 38292, DIRECT",dauup.com,38292,DIRECT,,False,False,,,
Dauup Authorization,Publishers Seller ID Tracker,Dauup,Publisher,oneup.games,Publisher Ads.txt,"dauup.com, 38293, DIRECT",dauup.com,38293,DIRECT,,False,False,,,
Dauup Authorization,Publishers Seller ID Tracker,Dauup,Publisher,kwalee.com,Publisher Ads.txt,"dauup.com, 38294, DIRECT",dauup.com,38294,DIRECT,,False,False,,,
Dauup Authorization,Publishers Seller ID Tracker,Dauup,Publisher,madpixel.dev,Publisher Ads.txt,"dauup.com, 38295, DIRECT",dauup.com,38295,DIRECT,,False,False,,,
Dauup Authorization,Publishers Seller ID Tracker,Dauup,Publisher,peaksel.com,Publisher Ads.txt,"dauup.com, 38297, DIRECT",dauup.com,38297,DIRECT,,False,False,,,
Dauup Authorization,Publishers Seller ID Tracker,Dauup,Publisher,icestonesoft.com,Publisher Ads.txt,"dauup.com, 38298, DIRECT",dauup.com,38298,DIRECT,,False,False,,,
Dauup Authorization,Publishers Seller ID Tracker,Dauup,Publisher,bitmango.com,Publisher Ads.txt,"dauup.com, 38299, DIRECT",dauup.com,38299,DIRECT,,False,False,,,
Dauup Authorization,Publishers Seller ID Tracker,Dauup,Publisher,unicostudio.co,Publisher Ads.txt,"dauup.com, 38301, DIRECT",dauup.com,38301,DIRECT,,False,False,,,
Dauup Authorization,Publishers Seller ID Tracker,Dauup,Publisher,maplemedia.io,Publisher Ads.txt,"dauup.com, 38302, DIRECT",dauup.com,38302,DIRECT,,False,False,,,
Dauup Authorization,Publishers Seller ID Tracker,Dauup,Publisher,radiofxinc.com,Publisher Ads.txt,"dauup.com, 38303, DIRECT",dauup.com,38303,DIRECT,,False,False,,,
Dauup Authorization,Publishers Seller ID Tracker,Dauup,Publisher,falcongames.com.vn,Publisher Ads.txt,"dauup.com, 38304, DIRECT",dauup.com,38304,DIRECT,,False,False,,,
Dauup Authorization,Publishers Seller ID Tracker,Dauup,Publisher,adone.net,Publisher Ads.txt,"dauup.com, 38306, DIRECT",dauup.com,38306,DIRECT,,False,False,,,
Dauup Authorization,Publishers Seller ID Tracker,Dauup,Publisher,godreams.games,Publisher Ads.txt,"dauup.com, 38308, DIRECT",dauup.com,38308,DIRECT,,False,False,,,
Dauup Authorization,Publishers Seller ID Tracker,Dauup,Publisher,full-fat.com,Publisher Ads.txt,"dauup.com, 38309, DIRECT",dauup.com,38309,DIRECT,,False,False,,,
Dauup Authorization,Publishers Seller ID Tracker,Dauup,Publisher,banaka.in,Publisher Ads.txt,"dauup.com, 38310, DIRECT",dauup.com,38310,DIRECT,,False,False,,,
Dauup Authorization,Publishers Seller ID Tracker,Dauup,Publisher,gravity-code.com,Publisher Ads.txt,"dauup.com, 38311, DIRECT",dauup.com,38311,DIRECT,,False,False,,,
Dauup Authorization,Publishers Seller ID Tracker,Dauup,Publisher,dominigames.com,Publisher Ads.txt,"dauup.com, 38312, DIRECT",dauup.com,38312,DIRECT,,False,False,,,
Dauup Authorization,Publishers Seller ID Tracker,Dauup,Publisher,jammsworks.com,Publisher Ads.txt,"dauup.com, 38313, DIRECT",dauup.com,38313,DIRECT,,False,False,,,
Dauup Authorization,Publishers Seller ID Tracker,Dauup,Publisher,newstory-inc.com,Publisher Ads.txt,"dauup.com, 38314, DIRECT",dauup.com,38314,DIRECT,,False,False,,,
Dauup Authorization,Publishers Seller ID Tracker,Dauup,Publisher,boombit.com,Publisher Ads.txt,"dauup.com, 38315, DIRECT",dauup.com,38315,DIRECT,,False,False,,,
Dauup Authorization,Publishers Seller ID Tracker,Dauup,Publisher,ilyon.net,Publisher Ads.txt,"dauup.com, 38316, DIRECT",dauup.com,38316,DIRECT,,False,False,,,
Dauup Authorization,Publishers Seller ID Tracker,Dauup,Publisher,lightboltstudios.com,Publisher Ads.txt,"dauup.com, 38320, DIRECT",dauup.com,38320,DIRECT,,False,False,,,
Dauup Authorization,Publishers Seller ID Tracker,Dauup,Publisher,mondayoff.me,Publisher Ads.txt,"dauup.com, 38321, DIRECT",dauup.com,38321,DIRECT,,False,False,,,
Dauup Authorization,Publishers Seller ID Tracker,Dauup,Publisher,dinoproduct.com,Publisher Ads.txt,"dauup.com, 38322, DIRECT",dauup.com,38322,DIRECT,,False,False,,,
Dauup Authorization,Publishers Seller ID Tracker,Dauup,Publisher,anasolute.com,Publisher Ads.txt,"dauup.com, 38323, DIRECT",dauup.com,38323,DIRECT,,False,False,,,
Dauup Authorization,Publishers Seller ID Tracker,Dauup,Publisher,nomadicbeargames.com,Publisher Ads.txt,"dauup.com, 38324, DIRECT",dauup.com,38324,DIRECT,,False,False,,,
Dauup Authorization,Publishers Seller ID Tracker,Dauup,Publisher,zynga.com,Publisher Ads.txt,"dauup.com, 38325, DIRECT",dauup.com,38325,DIRECT,,False,False,,,
Dauup Authorization,Publishers Seller ID Tracker,Dauup,Publisher,gsoftteam.com,Publisher Ads.txt,"dauup.com, 38326, DIRECT",dauup.com,38326,DIRECT,,False,False,,,
Dauup Authorization,Publishers Seller ID Tracker,Dauup,Publisher,zegostudio.com,Publisher Ads.txt,"dauup.com, 38327, DIRECT",dauup.com,38327,DIRECT,,False,False,,,
Dauup Authorization,Publishers Seller ID Tracker,Dauup,Publisher,g46b241dd.app-ads-txt.com,Publisher Ads.txt,"dauup.com, 38328, DIRECT",dauup.com,38328,DIRECT,,False,False,,,
Dauup Authorization,Publishers Seller ID Tracker,Dauup,Publisher,goodroid.co.jp,Publisher Ads.txt,"dauup.com, 38329, DIRECT",dauup.com,38329,DIRECT,,False,False,,,
Dauup Authorization,Publishers Seller ID Tracker,Dauup,Publisher,superfree.com,Publisher Ads.txt,"dauup.com, 38330, DIRECT",dauup.com,38330,DIRECT,,False,False,,,
Dauup Authorization,Publishers Seller ID Tracker,Dauup,Publisher,melodong.com,Publisher Ads.txt,"dauup.com, 38331, DIRECT",dauup.com,38331,DIRECT,,False,False,,,
Dauup Authorization,Publishers Seller ID Tracker,Dauup,Publisher,appoxis.com,Publisher Ads.txt,"dauup.com, 38333, DIRECT",dauup.com,38333,DIRECT,,False,False,,,
Dauup Authorization,Publishers Seller ID Tracker,Dauup,Publisher,sedevelop.net,Publisher Ads.txt,"dauup.com, 38334, DIRECT",dauup.com,38334,DIRECT,,False,False,,,
Dauup Authorization,Publishers Seller ID Tracker,Dauup,Publisher,playducky.com,Publisher Ads.txt,"dauup.com, 38335, DIRECT",dauup.com,38335,DIRECT,,False,False,,,
Dauup Authorization,Publishers Seller ID Tracker,Dauup,Publisher,gamezoneglobal.mygamesonline.org,Publisher Ads.txt,"dauup.com, 38336, DIRECT",dauup.com,38336,DIRECT,,False,False,,,
Dauup Authorization,Publishers Seller ID Tracker,Dauup,Publisher,adgo360.com,Publisher Ads.txt,"dauup.com, 38337, DIRECT",dauup.com,38337,DIRECT,,False,False,,,
Dauup Authorization,Publishers Seller ID Tracker,Dauup,Publisher,sports.ru,Publisher Ads.txt,"dauup.com, 38338, DIRECT",dauup.com,38338,DIRECT,,False,False,,,
Dauup Authorization,Publishers Seller ID Tracker,Dauup,Publisher,vgamestd.com,Publisher Ads.txt,"dauup.com, 38339, DIRECT",dauup.com,38339,DIRECT,,False,False,,,
Dauup Authorization,Publishers Seller ID Tracker,Dauup,Publisher,pixelmobgames.com,Publisher Ads.txt,"dauup.com, 38340, DIRECT",dauup.com,38340,DIRECT,,False,False,,,
Dauup Authorization,Publishers Seller ID Tracker,Dauup,Publisher,learninggameapps.com,Publisher Ads.txt,"dauup.com, 38342, DIRECT",dauup.com,38342,DIRECT,,False,False,,,
Dauup Authorization,Publishers Seller ID Tracker,Dauup,Publisher,noxgames.com,Publisher Ads.txt,"dauup.com, 38343, DIRECT",dauup.com,38343,DIRECT,,False,False,,,
Dauup Authorization,Publishers Seller ID Tracker,Dauup,Publisher,examscreen.com,Publisher Ads.txt,"dauup.com, 38346, DIRECT",dauup.com,38346,DIRECT,,False,False,,,
Dauup Authorization,Publishers Seller ID Tracker,Dauup,Publisher,commandoo.com,Publisher Ads.txt,"dauup.com, 38347, DIRECT",dauup.com,38347,DIRECT,,False,False,,,
Dauup Authorization,Publishers Seller ID Tracker,Dauup,Publisher,crossfd.co.jp,Publisher Ads.txt,"dauup.com, 38348, DIRECT",dauup.com,38348,DIRECT,,False,False,,,
Dauup Authorization,Publishers Seller ID Tracker,Dauup,Publisher,wordbit.net,Publisher Ads.txt,"dauup.com, 38349, DIRECT",dauup.com,38349,DIRECT,,False,False,,,
Dauup Authorization,Publishers Seller ID Tracker,Dauup,Publisher,tappsgames.com,Publisher Ads.txt,"dauup.com, 38350, DIRECT",dauup.com,38350,DIRECT,,False,False,,,
Dauup Authorization,Publishers Seller ID Tracker,Dauup,Publisher,gamesfeat.com,Publisher Ads.txt,"dauup.com, 38351, DIRECT",dauup.com,38351,DIRECT,,False,False,,,
Dauup Authorization,Publishers Seller ID Tracker,Dauup,Publisher,weberwang.github.io,Publisher Ads.txt,"dauup.com, 38352, DIRECT",dauup.com,38352,DIRECT,,False,False,,,
Dauup Authorization,Publishers Seller ID Tracker,Dauup,Publisher,ecapps.info,Publisher Ads.txt,"dauup.com, 38353, DIRECT",dauup.com,38353,DIRECT,,False,False,,,
Dauup Authorization,Publishers Seller ID Tracker,Dauup,Publisher,game.imetavector.com,Publisher Ads.txt,"dauup.com, 38354, DIRECT",dauup.com,38354,DIRECT,,False,False,,,
Dauup Authorization,Publishers Seller ID Tracker,Dauup,Publisher,cleverbit.net,Publisher Ads.txt,"dauup.com, 38355, DIRECT",dauup.com,38355,DIRECT,,False,False,,,
Dauup Authorization,Publishers Seller ID Tracker,Dauup,Publisher,gameloft.com,Publisher Ads.txt,"dauup.com, 38356, DIRECT",dauup.com,38356,DIRECT,,False,False,,,
Dauup Authorization,Publishers Seller ID Tracker,Dauup,Publisher,yunbu.me,Publisher Ads.txt,"dauup.com, 38357, DIRECT",dauup.com,38357,DIRECT,,False,False,,,
Dauup Authorization,Publishers Seller ID Tracker,Dauup,Publisher,ioplus.link,Publisher Ads.txt,"dauup.com, 38358, DIRECT",dauup.com,38358,DIRECT,,False,False,,,
Dauup Authorization,Publishers Seller ID Tracker,Dauup,Publisher,developer49.my.id,Publisher Ads.txt,"dauup.com, 38359, DIRECT",dauup.com,38359,DIRECT,,False,False,,,
Dauup Authorization,Publishers Seller ID Tracker,Dauup,Publisher,jurassicapps.com,Publisher Ads.txt,"dauup.com, 38362, DIRECT",dauup.com,38362,DIRECT,,False,False,,,
Dauup Authorization,Publishers Seller ID Tracker,Dauup,Publisher,higame.com.vn,Publisher Ads.txt,"dauup.com, 38364, DIRECT",dauup.com,38364,DIRECT,,False,False,,,
Dauup Authorization,Publishers Seller ID Tracker,Dauup,Publisher,bzkpublisher.mygamesonline.org,Publisher Ads.txt,"dauup.com, 38365, DIRECT",dauup.com,38365,DIRECT,,False,False,,,
Dauup Authorization,Publishers Seller ID Tracker,Dauup,Publisher,onegamestudio.net,Publisher Ads.txt,"dauup.com, 38366, DIRECT",dauup.com,38366,DIRECT,,False,False,,,
Dauup Authorization,Publishers Seller ID Tracker,Dauup,Publisher,squaredino.com,Publisher Ads.txt,"dauup.com, 38367, DIRECT",dauup.com,38367,DIRECT,,False,False,,,
Dauup Authorization,Publishers Seller ID Tracker,Dauup,Publisher,matchingham.gs,Publisher Ads.txt,"dauup.com, 38368, DIRECT",dauup.com,38368,DIRECT,,False,False,,,
Dauup Authorization,Publishers Seller ID Tracker,Dauup,Publisher,suji.games,Publisher Ads.txt,"dauup.com, 38369, DIRECT",dauup.com,38369,DIRECT,,False,False,,,
Dauup Authorization,Publishers Seller ID Tracker,Dauup,Publisher,appworld.xyz,Publisher Ads.txt,"dauup.com, 38370, DIRECT",dauup.com,38370,DIRECT,,False,False,,,
Dauup Authorization,Publishers Seller ID Tracker,Dauup,Publisher,urvaapps.com,Publisher Ads.txt,"dauup.com, 38371, DIRECT",dauup.com,38371,DIRECT,,False,False,,,
Dauup Authorization,Publishers Seller ID Tracker,Dauup,Publisher,cscmobi.com,Publisher Ads.txt,"dauup.com, 38372, DIRECT",dauup.com,38372,DIRECT,,False,False,,,
Dauup Authorization,Publishers Seller ID Tracker,Dauup,Publisher,crystalrover.com,Publisher Ads.txt,"dauup.com, 38373, DIRECT",dauup.com,38373,DIRECT,,False,False,,,
Dauup Authorization,Publishers Seller ID Tracker,Dauup,Publisher,426s.com,Publisher Ads.txt,"dauup.com, 38374, DIRECT",dauup.com,38374,DIRECT,,False,False,,,
Dauup Authorization,Publishers Seller ID Tracker,Dauup,Publisher,metadort.com,Publisher Ads.txt,"dauup.com, 38375, DIRECT",dauup.com,38375,DIRECT,,False,False,,,
Dauup Authorization,Publishers Seller ID Tracker,Dauup,Publisher,lyrebirdstudio.net,Publisher Ads.txt,"dauup.com, 38376, DIRECT",dauup.com,38376,DIRECT,,False,False,,,
Dauup Authorization,Publishers Seller ID Tracker,Dauup,Publisher,ovivogames.com,Publisher Ads.txt,"dauup.com, 38380, DIRECT",dauup.com,38380,DIRECT,,False,False,,,
Dauup Authorization,Publishers Seller ID Tracker,Dauup,Publisher,megacell.co.kr,Publisher Ads.txt,"dauup.com, 38381, DIRECT",dauup.com,38381,DIRECT,,False,False,,,
Dauup Authorization,Publishers Seller ID Tracker,Dauup,Publisher,naxeex.com,Publisher Ads.txt,"dauup.com, 38383, DIRECT",dauup.com,38383,DIRECT,,False,False,,,
Dauup Authorization,Publishers Seller ID Tracker,Dauup,Publisher,bravolol.com,Publisher Ads.txt,"dauup.com, 38384, DIRECT",dauup.com,38384,DIRECT,,False,False,,,
Dauup Authorization,Publishers Seller ID Tracker,Dauup,Publisher,doodlegod.com,Publisher Ads.txt,"dauup.com, 38385, DIRECT",dauup.com,38385,DIRECT,,False,False,,,
Dauup Authorization,Publishers Seller ID Tracker,Dauup,Publisher,upperpik.com,Publisher Ads.txt,"dauup.com, 38386, DIRECT",dauup.com,38386,DIRECT,,False,False,,,
Dauup Authorization,Publishers Seller ID Tracker,Dauup,Publisher,gosiha.com,Publisher Ads.txt,"dauup.com, 38387, DIRECT",dauup.com,38387,DIRECT,,False,False,,,
Dauup Authorization,Publishers Seller ID Tracker,Dauup,Publisher,libii.com,Publisher Ads.txt,"dauup.com, 38388, DIRECT",dauup.com,38388,DIRECT,,False,False,,,
Dauup Authorization,Publishers Seller ID Tracker,Dauup,Publisher,buzzpowder.co.kr,Publisher Ads.txt,"dauup.com, 38389, DIRECT",dauup.com,38389,DIRECT,,False,False,,,
Dauup Authorization,Publishers Seller ID Tracker,Dauup,Publisher,hitappsgames.com,Publisher Ads.txt,"dauup.com, 38390, DIRECT",dauup.com,38390,DIRECT,,False,False,,,
Dauup Authorization,Publishers Seller ID Tracker,Dauup,Publisher,edujoygames.com,Publisher Ads.txt,"dauup.com, 38391, DIRECT",dauup.com,38391,DIRECT,,False,False,,,
Dauup Authorization,Publishers Seller ID Tracker,Dauup,Publisher,shellinfra.com,Publisher Ads.txt,"dauup.com, 38392, DIRECT",dauup.com,38392,DIRECT,,False,False,,,
Dauup Authorization,Publishers Seller ID Tracker,Dauup,Publisher,pinkfong.com,Publisher Ads.txt,"dauup.com, 38393, DIRECT",dauup.com,38393,DIRECT,,False,False,,,
Dauup Authorization,Publishers Seller ID Tracker,Dauup,Publisher,lite.games,Publisher Ads.txt,"dauup.com, 38394, DIRECT",dauup.com,38394,DIRECT,,False,False,,,
Dauup Authorization,Publishers Seller ID Tracker,Dauup,Publisher,firerabbit.com,Publisher Ads.txt,"dauup.com, 38395, DIRECT",dauup.com,38395,DIRECT,,False,False,,,
Dauup Authorization,Publishers Seller ID Tracker,Dauup,Publisher,gamehouseoriginalstories.com,Publisher Ads.txt,"dauup.com, 38397, DIRECT",dauup.com,38397,DIRECT,,False,False,,,
Dauup Authorization,Publishers Seller ID Tracker,Dauup,Publisher,athena.studio,Publisher Ads.txt,"dauup.com, 38398, DIRECT",dauup.com,38398,DIRECT,,False,False,,,
Dauup Authorization,Publishers Seller ID Tracker,Dauup,Publisher,me2zen.com,Publisher Ads.txt,"dauup.com, 38399, DIRECT",dauup.com,38399,DIRECT,,False,False,,,
Dauup Authorization,Publishers Seller ID Tracker,Dauup,Publisher,newpub.co,Publisher Ads.txt,"dauup.com, 38403, DIRECT",dauup.com,38403,DIRECT,,False,False,,,
Dauup Authorization,Publishers Seller ID Tracker,Dauup,Publisher,skysoftstudio.mygamesonline.org,Publisher Ads.txt,"dauup.com, 38404, DIRECT",dauup.com,38404,DIRECT,,False,False,,,
Dauup Authorization,Publishers Seller ID Tracker,Dauup,Publisher,harmonybit.com,Publisher Ads.txt,"dauup.com, 38405, DIRECT",dauup.com,38405,DIRECT,,False,False,,,
Dauup Authorization,Publishers Seller ID Tracker,Dauup,Publisher,apps4fun.fr,Publisher Ads.txt,"dauup.com, 38407, DIRECT",dauup.com,38407,DIRECT,,False,False,,,
Dauup Authorization,Publishers Seller ID Tracker,Dauup,Publisher,lib-app.jp,Publisher Ads.txt,"dauup.com, 38408, DIRECT",dauup.com,38408,DIRECT,,False,False,,,
Dauup Authorization,Publishers Seller ID Tracker,Dauup,Publisher,cybernautica.cz,Publisher Ads.txt,"dauup.com, 38409, DIRECT",dauup.com,38409,DIRECT,,False,False,,,
Dauup Authorization,Publishers Seller ID Tracker,Dauup,Publisher,giamping.com,Publisher Ads.txt,"dauup.com, 38410, DIRECT",dauup.com,38410,DIRECT,,False,False,,,
Dauup Authorization,Publishers Seller ID Tracker,Dauup,Publisher,alejo-webapp.web.app,Publisher Ads.txt,"dauup.com, 38414, DIRECT",dauup.com,38414,DIRECT,,False,False,,,
Dauup Authorization,Publishers Seller ID Tracker,Dauup,Publisher,geishatokyo.com,Publisher Ads.txt,"dauup.com, 38415, DIRECT",dauup.com,38415,DIRECT,,False,False,,,
Dauup Authorization,Publishers Seller ID Tracker,Dauup,Publisher,games.translimit.co.jp,Publisher Ads.txt,"dauup.com, 38416, DIRECT",dauup.com,38416,DIRECT,,False,False,,,
Dauup Authorization,Publishers Seller ID Tracker,Dauup,Publisher,rayjayfro.com,Publisher Ads.txt,"dauup.com, 38417, DIRECT",dauup.com,38417,DIRECT,,False,False,,,
Dauup Authorization,Publishers Seller ID Tracker,Dauup,Publisher,unbalance.co.jp,Publisher Ads.txt,"dauup.com, 38419, DIRECT",dauup.com,38419,DIRECT,,False,False,,,
Dauup Authorization,Publishers Seller ID Tracker,Dauup,Publisher,miniclip.com,Publisher Ads.txt,"dauup.com, 38420, DIRECT",dauup.com,38420,DIRECT,,False,False,,,
Dauup Authorization,Publishers Seller ID Tracker,Dauup,Publisher,bninfotech.co.in,Publisher Ads.txt,"dauup.com, 38421, DIRECT",dauup.com,38421,DIRECT,,False,False,,,
Dauup Authorization,Publishers Seller ID Tracker,Dauup,Publisher,winrgames.com,Publisher Ads.txt,"dauup.com, 38422, DIRECT",dauup.com,38422,DIRECT,,False,False,,,
Dauup Authorization,Publishers Seller ID Tracker,Dauup,Publisher,taptaptale.com,Publisher Ads.txt,"dauup.com, 38423, DIRECT",dauup.com,38423,DIRECT,,False,False,,,
Dauup Authorization,Publishers Seller ID Tracker,Dauup,Publisher,brainsoftduo.needmore.net,Publisher Ads.txt,"dauup.com, 38424, DIRECT",dauup.com,38424,DIRECT,,False,False,,,
Dauup Authorization,Publishers Seller ID Tracker,Dauup,Publisher,topmobileringtones.app,Publisher Ads.txt,"dauup.com, 38425, DIRECT",dauup.com,38425,DIRECT,,False,False,,,
Dauup Authorization,Publishers Seller ID Tracker,Dauup,Publisher,falcongames.com,Publisher Ads.txt,"dauup.com, 38427, DIRECT",dauup.com,38427,DIRECT,,False,False,,,
Dauup Authorization,Publishers Seller ID Tracker,Dauup,Publisher,www.gammaplay.com,Publisher Ads.txt,"dauup.com, 38428, DIRECT",dauup.com,38428,DIRECT,,False,False,,,
Dauup Authorization,Publishers Seller ID Tracker,Dauup,Publisher,bounce.com.vn,Publisher Ads.txt,"dauup.com, 38429, DIRECT",dauup.com,38429,DIRECT,,False,False,,,
Dauup Authorization,Publishers Seller ID Tracker,Dauup,Publisher,official.niuniustudio.net,Publisher Ads.txt,"dauup.com, 38430, DIRECT",dauup.com,38430,DIRECT,,False,False,,,
Dauup Authorization,Publishers Seller ID Tracker,Dauup,Publisher,tellmewow.com,Publisher Ads.txt,"dauup.com, 38432, DIRECT",dauup.com,38432,DIRECT,,False,False,,,
Dauup Authorization,Publishers Seller ID Tracker,Dauup,Publisher,gamepicklestudios.com,Publisher Ads.txt,"dauup.com, 38434, DIRECT",dauup.com,38434,DIRECT,,False,False,,,
Dauup Authorization,Publishers Seller ID Tracker,Dauup,Publisher,brightika.com,Publisher Ads.txt,"dauup.com, 38435, DIRECT",dauup.com,38435,DIRECT,,False,False,,,
Dauup Authorization,Publishers Seller ID Tracker,Dauup,Publisher,gamepub.co.kr,Publisher Ads.txt,"dauup.com, 38436, DIRECT",dauup.com,38436,DIRECT,,False,False,,,
Dauup Authorization,Publishers Seller ID Tracker,Dauup,Publisher,cookapps.com,Publisher Ads.txt,"dauup.com, 38437, DIRECT",dauup.com,38437,DIRECT,,False,False,,,
Dauup Authorization,Publishers Seller ID Tracker,Dauup,Publisher,gamemavericks.com,Publisher Ads.txt,"dauup.com, 38438, DIRECT",dauup.com,38438,DIRECT,,False,False,,,
Dauup Authorization,Publishers Seller ID Tracker,Dauup,Publisher,higgsgamestudio.com,Publisher Ads.txt,"dauup.com, 38439, DIRECT",dauup.com,38439,DIRECT,,False,False,,,
Dauup Authorization,Publishers Seller ID Tracker,Dauup,Publisher,izyplay.com,Publisher Ads.txt,"dauup.com, 38440, DIRECT",dauup.com,38440,DIRECT,,False,False,,,
Dauup Authorization,Publishers Seller ID Tracker,Dauup,Publisher,miniloftgames.com,Publisher Ads.txt,"dauup.com, 38441, DIRECT",dauup.com,38441,DIRECT,,False,False,,,
Dauup Authorization,Publishers Seller ID Tracker,Dauup,Publisher,genta-group.com,Publisher Ads.txt,"dauup.com, 38442, DIRECT",dauup.com,38442,DIRECT,,False,False,,,
Dauup Authorization,Publishers Seller ID Tracker,Dauup,Publisher,onetapstudios.com,Publisher Ads.txt,"dauup.com, 38443, DIRECT",dauup.com,38443,DIRECT,,False,False,,,
Dauup Authorization,Publishers Seller ID Tracker,Dauup,Publisher,nithra.mobi,Publisher Ads.txt,"dauup.com, 38444, DIRECT",dauup.com,38444,DIRECT,,False,False,,,
Dauup Authorization,Publishers Seller ID Tracker,Dauup,Publisher,gamescapesinc.com,Publisher Ads.txt,"dauup.com, 38445, DIRECT",dauup.com,38445,DIRECT,,False,False,,,
Dauup Authorization,Publishers Seller ID Tracker,Dauup,Publisher,lemongames.org,Publisher Ads.txt,"dauup.com, 38446, DIRECT",dauup.com,38446,DIRECT,,False,False,,,
Dauup Authorization,Publishers Seller ID Tracker,Dauup,Publisher,appsoleutgames.com,Publisher Ads.txt,"dauup.com, 38447, DIRECT",dauup.com,38447,DIRECT,,False,False,,,
Dauup Authorization,Publishers Seller ID Tracker,Dauup,Publisher,april-studio.github.io,Publisher Ads.txt,"dauup.com, 38448, DIRECT",dauup.com,38448,DIRECT,,False,False,,,
Dauup Authorization,Publishers Seller ID Tracker,Dauup,Publisher,mgifstudio.apppage.net,Publisher Ads.txt,"dauup.com, 38449, DIRECT",dauup.com,38449,DIRECT,,False,False,,,
Dauup Authorization,Publishers Seller ID Tracker,Dauup,Publisher,sevelina.com,Publisher Ads.txt,"dauup.com, 38452, DIRECT",dauup.com,38452,DIRECT,,False,False,,,
Dauup Authorization,Publishers Seller ID Tracker,Dauup,Publisher,simpledesign.ltd,Publisher Ads.txt,"dauup.com, 38453, DIRECT",dauup.com,38453,DIRECT,,False,False,,,
Dauup Authorization,Publishers Seller ID Tracker,Dauup,Publisher,firehands.co.kr,Publisher Ads.txt,"dauup.com, 38454, DIRECT",dauup.com,38454,DIRECT,,False,False,,,
Dauup Authorization,Publishers Seller ID Tracker,Dauup,Publisher,enpgames.co.kr,Publisher Ads.txt,"dauup.com, 38455, DIRECT",dauup.com,38455,DIRECT,,False,False,,,
Dauup Authorization,Publishers Seller ID Tracker,Dauup,Publisher,home.mafgames.com,Publisher Ads.txt,"dauup.com, 38456, DIRECT",dauup.com,38456,DIRECT,,False,False,,,
Dauup Authorization,Publishers Seller ID Tracker,Dauup,Publisher,moedressup.com,Publisher Ads.txt,"dauup.com, 38458, DIRECT",dauup.com,38458,DIRECT,,False,False,,,
Dauup Authorization,Publishers Seller ID Tracker,Dauup,Publisher,micromobsolutions.com,Publisher Ads.txt,"dauup.com, 38459, DIRECT",dauup.com,38459,DIRECT,,False,False,,,
Dauup Authorization,Publishers Seller ID Tracker,Dauup,Publisher,games2win.com,Publisher Ads.txt,"dauup.com, 38461, DIRECT",dauup.com,38461,DIRECT,,False,False,,,
Dauup Authorization,Publishers Seller ID Tracker,Dauup,Publisher,eznetsoft.com,Publisher Ads.txt,"dauup.com, 38463, DIRECT",dauup.com,38463,DIRECT,,False,False,,,
Dauup Authorization,Publishers Seller ID Tracker,Dauup,Publisher,infly.io,Publisher Ads.txt,"dauup.com, 38464, DIRECT",dauup.com,38464,DIRECT,,False,False,,,
Dauup Authorization,Publishers Seller ID Tracker,Dauup,Publisher,game.youlesp.com,Publisher Ads.txt,"dauup.com, 38465, DIRECT",dauup.com,38465,DIRECT,,False,False,,,
Dauup Authorization,Publishers Seller ID Tracker,Dauup,Publisher,blackout.barcelona,Publisher Ads.txt,"dauup.com, 38466, DIRECT",dauup.com,38466,DIRECT,,False,False,,,
Dauup Authorization,Publishers Seller ID Tracker,Dauup,Publisher,eurekastudio.co.jp,Publisher Ads.txt,"dauup.com, 38468, DIRECT",dauup.com,38468,DIRECT,,False,False,,,
Dauup Authorization,Publishers Seller ID Tracker,Dauup,Publisher,fog-technologies.com,Publisher Ads.txt,"dauup.com, 38469, DIRECT",dauup.com,38469,DIRECT,,False,False,,,
Dauup Authorization,Publishers Seller ID Tracker,Dauup,Publisher,bomzyapps.com,Publisher Ads.txt,"dauup.com, 38470, DIRECT",dauup.com,38470,DIRECT,,False,False,,,
Dauup Authorization,Publishers Seller ID Tracker,Dauup,Publisher,enpv1.com,Publisher Ads.txt,"dauup.com, 38471, DIRECT",dauup.com,38471,DIRECT,,False,False,,,
Dauup Authorization,Publishers Seller ID Tracker,Dauup,Publisher,momotov.com,Publisher Ads.txt,"dauup.com, 38472, DIRECT",dauup.com,38472,DIRECT,,False,False,,,
Dauup Authorization,Publishers Seller ID Tracker,Dauup,Publisher,havos.co.uk,Publisher Ads.txt,"dauup.com, 38473, DIRECT",dauup.com,38473,DIRECT,,False,False,,,
Dauup Authorization,Publishers Seller ID Tracker,Dauup,Publisher,play365.io,Publisher Ads.txt,"dauup.com, 38474, DIRECT",dauup.com,38474,DIRECT,,False,False,,,
Dauup Authorization,Publishers Seller ID Tracker,Dauup,Publisher,aliasworlds.com,Publisher Ads.txt,"dauup.com, 38475, DIRECT",dauup.com,38475,DIRECT,,False,False,,,
Dauup Authorization,Publishers Seller ID Tracker,Dauup,Publisher,aureliansolutions.com,Publisher Ads.txt,"dauup.com, 38476, DIRECT",dauup.com,38476,DIRECT,,False,False,,,
Dauup Authorization,Publishers Seller ID Tracker,Dauup,Publisher,playsimple.in,Publisher Ads.txt,"dauup.com, 38477, DIRECT",dauup.com,38477,DIRECT,,False,False,,,
Dauup Authorization,Publishers Seller ID Tracker,Dauup,Publisher,histudiogames.com,Publisher Ads.txt,"dauup.com, 38478, DIRECT",dauup.com,38478,DIRECT,,False,False,,,
Dauup Authorization,Publishers Seller ID Tracker,Dauup,Publisher,puzzle1studio.com,Publisher Ads.txt,"dauup.com, 38480, DIRECT",dauup.com,38480,DIRECT,,False,False,,,
Dauup Authorization,Publishers Seller ID Tracker,Dauup,Publisher,soybeangame.com,Publisher Ads.txt,"dauup.com, 38481, DIRECT",dauup.com,38481,DIRECT,,False,False,,,
Dauup Authorization,Publishers Seller ID Tracker,Dauup,Publisher,thegamesmagnet.com,Publisher Ads.txt,"dauup.com, 38483, DIRECT",dauup.com,38483,DIRECT,,False,False,,,
Dauup Authorization,Publishers Seller ID Tracker,Dauup,Publisher,zenith.games,Publisher Ads.txt,"dauup.com, 38484, DIRECT",dauup.com,38484,DIRECT,,False,False,,,
Dauup Authorization,Publishers Seller ID Tracker,Dauup,Publisher,songsmenu.com,Publisher Ads.txt,"dauup.com, 38485, DIRECT",dauup.com,38485,DIRECT,,False,False,,,
Dauup Authorization,Publishers Seller ID Tracker,Dauup,Publisher,foursakenmedia.com,Publisher Ads.txt,"dauup.com, 38487, DIRECT",dauup.com,38487,DIRECT,,False,False,,,
Dauup Authorization,Publishers Seller ID Tracker,Dauup,Publisher,spearmintgames.com,Publisher Ads.txt,"dauup.com, 38488, DIRECT",dauup.com,38488,DIRECT,,False,False,,,
Dauup Authorization,Publishers Seller ID Tracker,Dauup,Publisher,app-ads.funzilla.io,Publisher Ads.txt,"dauup.com, 38489, DIRECT",dauup.com,38489,DIRECT,,False,False,,,
Dauup Authorization,Publishers Seller ID Tracker,Dauup,Publisher,3b.studio,Publisher Ads.txt,"dauup.com, 38491, DIRECT",dauup.com,38491,DIRECT,,False,False,,,
Dauup Authorization,Publishers Seller ID Tracker,Dauup,Publisher,pivotgames.net,Publisher Ads.txt,"dauup.com, 38493, DIRECT",dauup.com,38493,DIRECT,,False,False,,,
Dauup Authorization,Publishers Seller ID Tracker,Dauup,Publisher,remygames.netlify.app,Publisher Ads.txt,"dauup.com, 38494, DIRECT",dauup.com,38494,DIRECT,,False,False,,,
Dauup Authorization,Publishers Seller ID Tracker,Dauup,Publisher,fungalaxymedia.com,Publisher Ads.txt,"dauup.com, 38495, DIRECT",dauup.com,38495,DIRECT,,False,False,,,
Dauup Authorization,Publishers Seller ID Tracker,Dauup,Publisher,1gramgames.com,Publisher Ads.txt,"dauup.com, 38496, DIRECT",dauup.com,38496,DIRECT,,False,False,,,
Dauup Authorization,Publishers Seller ID Tracker,Dauup,Publisher,trophy-games.com,Publisher Ads.txt,"dauup.com, 38498, DIRECT",dauup.com,38498,DIRECT,,False,False,,,
Dauup Authorization,Publishers Seller ID Tracker,Dauup,Publisher,gma.vn,Publisher Ads.txt,"dauup.com, 38499, DIRECT",dauup.com,38499,DIRECT,,False,False,,,
Dauup Authorization,Publishers Seller ID Tracker,Dauup,Publisher,fungamedev.in,Publisher Ads.txt,"dauup.com, 38500, DIRECT",dauup.com,38500,DIRECT,,False,False,,,
Dauup Authorization,Publishers Seller ID Tracker,Dauup,Publisher,www.mobisystems.com,Publisher Ads.txt,"dauup.com, 38501, DIRECT",dauup.com,38501,DIRECT,,False,False,,,
Dauup Authorization,Publishers Seller ID Tracker,Dauup,Publisher,falconsolutions.co,Publisher Ads.txt,"dauup.com, 38507, DIRECT",dauup.com,38507,DIRECT,,False,False,,,
Dauup Authorization,Publishers Seller ID Tracker,Dauup,Publisher,virtualprojects.co,Publisher Ads.txt,"dauup.com, 38508, DIRECT",dauup.com,38508,DIRECT,,False,False,,,
Dauup Authorization,Publishers Seller ID Tracker,Dauup,Publisher,bigcakegame.com,Publisher Ads.txt,"dauup.com, 38509, DIRECT",dauup.com,38509,DIRECT,,False,False,,,
Dauup Authorization,Publishers Seller ID Tracker,Dauup,Publisher,dwango.co.jp,Publisher Ads.txt,"dauup.com, 38510, DIRECT",dauup.com,38510,DIRECT,,False,False,,,
Dauup Authorization,Publishers Seller ID Tracker,Dauup,Publisher,stapletechinc.com,Publisher Ads.txt,"dauup.com, 38511, DIRECT",dauup.com,38511,DIRECT,,False,False,,,
Dauup Authorization,Publishers Seller ID Tracker,Dauup,Publisher,firstclassmedia.co,Publisher Ads.txt,"dauup.com, 38512, DIRECT",dauup.com,38512,DIRECT,,False,False,,,
Dauup Authorization,Publishers Seller ID Tracker,Dauup,Publisher,jeelab.com,Publisher Ads.txt,"dauup.com, 38513, DIRECT",dauup.com,38513,DIRECT,,False,False,,,
Dauup Authorization,Publishers Seller ID Tracker,Dauup,Publisher,ecomobile.vn,Publisher Ads.txt,"dauup.com, 38514, DIRECT",dauup.com,38514,DIRECT,,False,False,,,
Dauup Authorization,Publishers Seller ID Tracker,Dauup,Publisher,dmobin.com,Publisher Ads.txt,"dauup.com, 38515, DIRECT",dauup.com,38515,DIRECT,,False,False,,,
Dauup Authorization,Publishers Seller ID Tracker,Dauup,Publisher,vivastudios.com,Publisher Ads.txt,"dauup.com, 38516, DIRECT",dauup.com,38516,DIRECT,,False,False,,,
Dauup Authorization,Publishers Seller ID Tracker,Dauup,Publisher,calconcalculator.com,Publisher Ads.txt,"dauup.com, 38517, DIRECT",dauup.com,38517,DIRECT,,False,False,,,
Dauup Authorization,Publishers Seller ID Tracker,Dauup,Publisher,neptun-digital.com,Publisher Ads.txt,"dauup.com, 38518, DIRECT",dauup.com,38518,DIRECT,,False,False,,,
Dauup Authorization,Publishers Seller ID Tracker,Dauup,Publisher,windygame.online,Publisher Ads.txt,"dauup.com, 38521, DIRECT",dauup.com,38521,DIRECT,,False,False,,,
Dauup Authorization,Publishers Seller ID Tracker,Dauup,Publisher,okigengames.com,Publisher Ads.txt,"dauup.com, 38522, DIRECT",dauup.com,38522,DIRECT,,False,False,,,
Dauup Authorization,Publishers Seller ID Tracker,Dauup,Publisher,pot-inc.com,Publisher Ads.txt,"dauup.com, 38523, DIRECT",dauup.com,38523,DIRECT,,False,False,,,
Dauup Authorization,Publishers Seller ID Tracker,Dauup,Publisher,inshot.app,Publisher Ads.txt,"dauup.com, 38525, DIRECT",dauup.com,38525,DIRECT,,False,False,,,
Dauup Authorization,Publishers Seller ID Tracker,Dauup,Publisher,games.taplane.com,Publisher Ads.txt,"dauup.com, 38526, DIRECT",dauup.com,38526,DIRECT,,False,False,,,
Dauup Authorization,Publishers Seller ID Tracker,Dauup,Publisher,netfocusuniversal.com,Publisher Ads.txt,"dauup.com, 38527, DIRECT",dauup.com,38527,DIRECT,,False,False,,,
Dauup Authorization,Publishers Seller ID Tracker,Dauup,Publisher,31gamestudio.com,Publisher Ads.txt,"dauup.com, 38528, DIRECT",dauup.com,38528,DIRECT,,False,False,,,
Dauup Authorization,Publishers Seller ID Tracker,Dauup,Publisher,qiiwi.com,Publisher Ads.txt,"dauup.com, 38530, DIRECT",dauup.com,38530,DIRECT,,False,False,,,
Dauup Authorization,Publishers Seller ID Tracker,Dauup,Publisher,tunupgames.com,Publisher Ads.txt,"dauup.com, 38531, DIRECT",dauup.com,38531,DIRECT,,False,False,,,
Dauup Authorization,Publishers Seller ID Tracker,Dauup,Publisher,gamesastra.com,Publisher Ads.txt,"dauup.com, 38533, DIRECT",dauup.com,38533,DIRECT,,False,False,,,
Dauup Authorization,Publishers Seller ID Tracker,Dauup,Publisher,my-town.com,Publisher Ads.txt,"dauup.com, 38535, DIRECT",dauup.com,38535,DIRECT,,False,False,,,
Dauup Authorization,Publishers Seller ID Tracker,Dauup,Publisher,eeggs.jp,Publisher Ads.txt,"dauup.com, 38536, DIRECT",dauup.com,38536,DIRECT,,False,False,,,
Dauup Authorization,Publishers Seller ID Tracker,Dauup,Publisher,blackpyramid3dgames.com,Publisher Ads.txt,"dauup.com, 38538, DIRECT",dauup.com,38538,DIRECT,,False,False,,,
Dauup Authorization,Publishers Seller ID Tracker,Dauup,Publisher,gsoftstudio.net,Publisher Ads.txt,"dauup.com, 38539, DIRECT",dauup.com,38539,DIRECT,,False,False,,,
Dauup Authorization,Publishers Seller ID Tracker,Dauup,Publisher,joygame.site,Publisher Ads.txt,"dauup.com, 38540, DIRECT",dauup.com,38540,DIRECT,,False,False,,,
Dauup Authorization,Publishers Seller ID Tracker,Dauup,Publisher,meloapps.app,Publisher Ads.txt,"dauup.com, 38541, DIRECT",dauup.com,38541,DIRECT,,False,False,,,
Dauup Authorization,Publishers Seller ID Tracker,Dauup,Publisher,thepiggypanda.com,Publisher Ads.txt,"dauup.com, 38542, DIRECT",dauup.com,38542,DIRECT,,False,False,,,
Dauup Authorization,Publishers Seller ID Tracker,Dauup,Publisher,tutotoons.com,Publisher Ads.txt,"dauup.com, 38543, DIRECT",dauup.com,38543,DIRECT,,False,False,,,
Dauup Authorization,Publishers Seller ID Tracker,Dauup,Publisher,loop.games,Publisher Ads.txt,"dauup.com, 38545, DIRECT",dauup.com,38545,DIRECT,,False,False,,,
Dauup Authorization,Publishers Seller ID Tracker,Dauup,Publisher,tapnice.com,Publisher Ads.txt,"dauup.com, 38547, DIRECT",dauup.com,38547,DIRECT,,False,False,,,
Dauup Authorization,Publishers Seller ID Tracker,Dauup,Publisher,gryffindorapps.com,Publisher Ads.txt,"dauup.com, 38548, DIRECT",dauup.com,38548,DIRECT,,False,False,,,
Dauup Authorization,Publishers Seller ID Tracker,Dauup,Publisher,techconsolidated.org,Publisher Ads.txt,"dauup.com, 38549, DIRECT",dauup.com,38549,DIRECT,,False,False,,,
Dauup Authorization,Publishers Seller ID Tracker,Dauup,Publisher,gapustudio.com,Publisher Ads.txt,"dauup.com, 38552, DIRECT",dauup.com,38552,DIRECT,,False,False,,,
Dauup Authorization,Publishers Seller ID Tracker,Dauup,Publisher,ttdictionary.com,Publisher Ads.txt,"dauup.com, 38553, DIRECT",dauup.com,38553,DIRECT,,False,False,,,
Dauup Authorization,Publishers Seller ID Tracker,Dauup,Publisher,crazysoftech.in,Publisher Ads.txt,"dauup.com, 38555, DIRECT",dauup.com,38555,DIRECT,,False,False,,,
Dauup Authorization,Publishers Seller ID Tracker,Dauup,Publisher,photoeditorperfect.top,Publisher Ads.txt,"dauup.com, 38556, DIRECT",dauup.com,38556,DIRECT,,False,False,,,
Dauup Authorization,Publishers Seller ID Tracker,Dauup,Publisher,hellogames.fun,Publisher Ads.txt,"dauup.com, 38560, DIRECT",dauup.com,38560,DIRECT,,False,False,,,
Dauup Authorization,Publishers Seller ID Tracker,Dauup,Publisher,picube.games,Publisher Ads.txt,"dauup.com, 38562, DIRECT",dauup.com,38562,DIRECT,,False,False,,,
Dauup Authorization,Publishers Seller ID Tracker,Dauup,Publisher,thegameobjects.com,Publisher Ads.txt,"dauup.com, 38563, DIRECT",dauup.com,38563,DIRECT,,False,False,,,
Dauup Authorization,Publishers Seller ID Tracker,Dauup,Publisher,acexgames.com,Publisher Ads.txt,"dauup.com, 38564, DIRECT",dauup.com,38564,DIRECT,,False,False,,,
Dauup Authorization,Publishers Seller ID Tracker,Dauup,Publisher,fingerlabgame.com,Publisher Ads.txt,"dauup.com, 38567, DIRECT",dauup.com,38567,DIRECT,,False,False,,,
Dauup Authorization,Publishers Seller ID Tracker,Dauup,Publisher,kkvgame.com,Publisher Ads.txt,"dauup.com, 38568, DIRECT",dauup.com,38568,DIRECT,,False,False,,,
Dauup Authorization,Publishers Seller ID Tracker,Dauup,Publisher,asterplay.com,Publisher Ads.txt,"dauup.com, 38571, DIRECT",dauup.com,38571,DIRECT,,False,False,,,
Dauup Authorization,Publishers Seller ID Tracker,Dauup,Publisher,madhook.io,Publisher Ads.txt,"dauup.com, 38572, DIRECT",dauup.com,38572,DIRECT,,False,False,,,
Dauup Authorization,Publishers Seller ID Tracker,Dauup,Publisher,ohte.co.jp,Publisher Ads.txt,"dauup.com, 38573, DIRECT",dauup.com,38573,DIRECT,,False,False,,,
Dauup Authorization,Publishers Seller ID Tracker,Dauup,Publisher,randomlogicgames.com,Publisher Ads.txt,"dauup.com, 38574, DIRECT",dauup.com,38574,DIRECT,,False,False,,,
Dauup Authorization,Publishers Seller ID Tracker,Dauup,Publisher,gamelord3d.com,Publisher Ads.txt,"dauup.com, 38578, DIRECT",dauup.com,38578,DIRECT,,False,False,,,
Dauup Authorization,Publishers Seller ID Tracker,Dauup,Publisher,fuzzymobilegames.com,Publisher Ads.txt,"dauup.com, 38579, DIRECT",dauup.com,38579,DIRECT,,False,False,,,
Dauup Authorization,Publishers Seller ID Tracker,Dauup,Publisher,coocent.applinzi.com,Publisher Ads.txt,"dauup.com, 38581, DIRECT",dauup.com,38581,DIRECT,,False,False,,,
Dauup Authorization,Publishers Seller ID Tracker,Dauup,Publisher,funcellgames.com,Publisher Ads.txt,"dauup.com, 38582, DIRECT",dauup.com,38582,DIRECT,,False,False,,,
Dauup Authorization,Publishers Seller ID Tracker,Dauup,Publisher,tripsoft.io,Publisher Ads.txt,"dauup.com, 38583, DIRECT",dauup.com,38583,DIRECT,,False,False,,,
Dauup Authorization,Publishers Seller ID Tracker,Dauup,Publisher,cradleycreations.com,Publisher Ads.txt,"dauup.com, 38585, DIRECT",dauup.com,38585,DIRECT,,False,False,,,
Dauup Authorization,Publishers Seller ID Tracker,Dauup,Publisher,drone.onlinestore.digital,Publisher Ads.txt,"dauup.com, 38586, DIRECT",dauup.com,38586,DIRECT,,False,False,,,
Dauup Authorization,Publishers Seller ID Tracker,Dauup,Publisher,absolutist.com,Publisher Ads.txt,"dauup.com, 38587, DIRECT",dauup.com,38587,DIRECT,,False,False,,,
Dauup Authorization,Publishers Seller ID Tracker,Dauup,Publisher,free.playstore.help,Publisher Ads.txt,"dauup.com, 38588, DIRECT",dauup.com,38588,DIRECT,,False,False,,,
Dauup Authorization,Publishers Seller ID Tracker,Dauup,Publisher,minecraftskins.party,Publisher Ads.txt,"dauup.com, 38589, DIRECT",dauup.com,38589,DIRECT,,False,False,,,
Dauup Authorization,Publishers Seller ID Tracker,Dauup,Publisher,megarama.net,Publisher Ads.txt,"dauup.com, 38590, DIRECT",dauup.com,38590,DIRECT,,False,False,,,
Dauup Authorization,Publishers Seller ID Tracker,Dauup,Publisher,coolgamapp.com,Publisher Ads.txt,"dauup.com, 38591, DIRECT",dauup.com,38591,DIRECT,,False,False,,,
Dauup Authorization,Publishers Seller ID Tracker,Dauup,Publisher,playstack.com,Publisher Ads.txt,"dauup.com, 38592, DIRECT",dauup.com,38592,DIRECT,,False,False,,,
Dauup Authorization,Publishers Seller ID Tracker,Dauup,Publisher,seikami.com,Publisher Ads.txt,"dauup.com, 38595, DIRECT",dauup.com,38595,DIRECT,,False,False,,,
Dauup Authorization,Publishers Seller ID Tracker,Dauup,Publisher,zeromazestudio.com,Publisher Ads.txt,"dauup.com, 38596, DIRECT",dauup.com,38596,DIRECT,,False,False,,,
Dauup Authorization,Publishers Seller ID Tracker,Dauup,Publisher,spinxgames.com,Publisher Ads.txt,"dauup.com, 38597, DIRECT",dauup.com,38597,DIRECT,,False,False,,,
Dauup Authorization,Publishers Seller ID Tracker,Dauup,Publisher,rainbow-games.com,Publisher Ads.txt,"dauup.com, 38598, DIRECT",dauup.com,38598,DIRECT,,False,False,,,
Dauup Authorization,Publishers Seller ID Tracker,Dauup,Publisher,kimblegames.com,Publisher Ads.txt,"dauup.com, 38599, DIRECT",dauup.com,38599,DIRECT,,False,False,,,
Dauup Authorization,Publishers Seller ID Tracker,Dauup,Publisher,soft24hours.com,Publisher Ads.txt,"dauup.com, 38600, DIRECT",dauup.com,38600,DIRECT,,False,False,,,
Dauup Authorization,Publishers Seller ID Tracker,Dauup,Publisher,www.jrustonapps.com,Publisher Ads.txt,"dauup.com, 38601, DIRECT",dauup.com,38601,DIRECT,,False,False,,,
Dauup Authorization,Publishers Seller ID Tracker,Dauup,Publisher,dilapps.com,Publisher Ads.txt,"dauup.com, 38606, DIRECT",dauup.com,38606,DIRECT,,False,False,,,
Dauup Authorization,Publishers Seller ID Tracker,Dauup,Publisher,ecstasygamesstudio.com,Publisher Ads.txt,"dauup.com, 38607, DIRECT",dauup.com,38607,DIRECT,,False,False,,,
Dauup Authorization,Publishers Seller ID Tracker,Dauup,Publisher,midnite.games,Publisher Ads.txt,"dauup.com, 38609, DIRECT",dauup.com,38609,DIRECT,,False,False,,,
Dauup Authorization,Publishers Seller ID Tracker,Dauup,Publisher,aplicativoslegais.com,Publisher Ads.txt,"dauup.com, 38610, DIRECT",dauup.com,38610,DIRECT,,False,False,,,
Dauup Authorization,Publishers Seller ID Tracker,Dauup,Publisher,rejoystudio.com,Publisher Ads.txt,"dauup.com, 38611, DIRECT",dauup.com,38611,DIRECT,,False,False,,,
Dauup Authorization,Publishers Seller ID Tracker,Dauup,Publisher,tricktalestudio.com,Publisher Ads.txt,"dauup.com, 38612, DIRECT",dauup.com,38612,DIRECT,,False,False,,,
Dauup Authorization,Publishers Seller ID Tracker,Dauup,Publisher,tap2play.me,Publisher Ads.txt,"dauup.com, 38613, DIRECT",dauup.com,38613,DIRECT,,False,False,,,
Dauup Authorization,Publishers Seller ID Tracker,Dauup,Publisher,solitairecardstudio.com,Publisher Ads.txt,"dauup.com, 38615, DIRECT",dauup.com,38615,DIRECT,,False,False,,,
Dauup Authorization,Publishers Seller ID Tracker,Dauup,Publisher,zeegamesstudios.com,Publisher Ads.txt,"dauup.com, 38617, DIRECT",dauup.com,38617,DIRECT,,False,False,,,
Dauup Authorization,Publishers Seller ID Tracker,Dauup,Publisher,about.minigame.vip,Publisher Ads.txt,"dauup.com, 38618, DIRECT",dauup.com,38618,DIRECT,,False,False,,,
Dauup Authorization,Publishers Seller ID Tracker,Dauup,Publisher,hypercell.games,Publisher Ads.txt,"dauup.com, 38619, DIRECT",dauup.com,38619,DIRECT,,False,False,,,
Dauup Authorization,Publishers Seller ID Tracker,Dauup,Publisher,wedo1.com,Publisher Ads.txt,"dauup.com, 38620, DIRECT",dauup.com,38620,DIRECT,,False,False,,,
Dauup Authorization,Publishers Seller ID Tracker,Dauup,Publisher,puzzle.easyfun-games.com,Publisher Ads.txt,"dauup.com, 38621, DIRECT",dauup.com,38621,DIRECT,,False,False,,,
Dauup Authorization,Publishers Seller ID Tracker,Dauup,Publisher,easetouch-studio.com,Publisher Ads.txt,"dauup.com, 38622, DIRECT",dauup.com,38622,DIRECT,,False,False,,,
Dauup Authorization,Publishers Seller ID Tracker,Dauup,Publisher,kidify.games,Publisher Ads.txt,"dauup.com, 38625, DIRECT",dauup.com,38625,DIRECT,,False,False,,,
Dauup Authorization,Publishers Seller ID Tracker,Dauup,Publisher,nevacode.com,Publisher Ads.txt,"dauup.com, 38626, DIRECT",dauup.com,38626,DIRECT,,False,False,,,
Dauup Authorization,Publishers Seller ID Tracker,Dauup,Publisher,marble-puzzle.web.app,Publisher Ads.txt,"dauup.com, 38628, DIRECT",dauup.com,38628,DIRECT,,False,False,,,
Dauup Authorization,Publishers Seller ID Tracker,Dauup,Publisher,kidskitchenfunmedia.com,Publisher Ads.txt,"dauup.com, 38629, DIRECT",dauup.com,38629,DIRECT,,False,False,,,
Dauup Authorization,Publishers Seller ID Tracker,Dauup,Publisher,axisloopgames.com,Publisher Ads.txt,"dauup.com, 38630, DIRECT",dauup.com,38630,DIRECT,,False,False,,,
Dauup Authorization,Publishers Seller ID Tracker,Dauup,Publisher,detacheddy.com,Publisher Ads.txt,"dauup.com, 38631, DIRECT",dauup.com,38631,DIRECT,,False,False,,,
Dauup Authorization,Publishers Seller ID Tracker,Dauup,Publisher,abd8641f3.app-ads-txt.com,Publisher Ads.txt,"dauup.com, 38632, DIRECT",dauup.com,38632,DIRECT,,False,False,,,
Dauup Authorization,Publishers Seller ID Tracker,Dauup,Publisher,nazara.com,Publisher Ads.txt,"dauup.com, 38634, DIRECT",dauup.com,38634,DIRECT,,False,False,,,
Dauup Authorization,Publishers Seller ID Tracker,Dauup,Publisher,piranhastudios.co,Publisher Ads.txt,"dauup.com, 38635, DIRECT",dauup.com,38635,DIRECT,,False,False,,,
Dauup Authorization,Publishers Seller ID Tracker,Dauup,Publisher,popreach.com,Publisher Ads.txt,"dauup.com, 38636, DIRECT",dauup.com,38636,DIRECT,,False,False,,,
Dauup Authorization,Publishers Seller ID Tracker,Dauup,Publisher,ayoomi.net,Publisher Ads.txt,"dauup.com, 38637, DIRECT",dauup.com,38637,DIRECT,,False,False,,,
Dauup Authorization,Publishers Seller ID Tracker,Dauup,Publisher,shikudo.com,Publisher Ads.txt,"dauup.com, 38639, DIRECT",dauup.com,38639,DIRECT,,False,False,,,
Dauup Authorization,Publishers Seller ID Tracker,Dauup,Publisher,miraistudio.games,Publisher Ads.txt,"dauup.com, 38640, DIRECT",dauup.com,38640,DIRECT,,False,False,,,
Dauup Authorization,Publishers Seller ID Tracker,Dauup,Publisher,mgif.net,Publisher Ads.txt,"dauup.com, 38641, DIRECT",dauup.com,38641,DIRECT,,False,False,,,
Dauup Authorization,Publishers Seller ID Tracker,Dauup,Publisher,hobbybowl.com,Publisher Ads.txt,"dauup.com, 38643, DIRECT",dauup.com,38643,DIRECT,,False,False,,,
Dauup Authorization,Publishers Seller ID Tracker,Dauup,Publisher,hduofungames.com,Publisher Ads.txt,"dauup.com, 38645, DIRECT",dauup.com,38645,DIRECT,,False,False,,,
Dauup Authorization,Publishers Seller ID Tracker,Dauup,Publisher,Brainium.com,Publisher Ads.txt,"dauup.com, 38646, DIRECT",dauup.com,38646,DIRECT,,False,False,,,
Dauup Authorization,Publishers Seller ID Tracker,Dauup,Publisher,wisewaveltd.com,Publisher Ads.txt,"dauup.com, 38647, DIRECT",dauup.com,38647,DIRECT,,False,False,,,
Dauup Authorization,Publishers Seller ID Tracker,Dauup,Publisher,pionstudios.com,Publisher Ads.txt,"dauup.com, 38648, DIRECT",dauup.com,38648,DIRECT,,False,False,,,
Dauup Authorization,Publishers Seller ID Tracker,Dauup,Publisher,bazooka.vn,Publisher Ads.txt,"dauup.com, 38649, DIRECT",dauup.com,38649,DIRECT,,False,False,,,
Dauup Authorization,Publishers Seller ID Tracker,Dauup,Publisher,adengames.com,Publisher Ads.txt,"dauup.com, 38651, DIRECT",dauup.com,38651,DIRECT,,False,False,,,
Dauup Authorization,Publishers Seller ID Tracker,Dauup,Publisher,codehound.in,Publisher Ads.txt,"dauup.com, 38652, DIRECT",dauup.com,38652,DIRECT,,False,False,,,
Dauup Authorization,Publishers Seller ID Tracker,Dauup,Publisher,leorus.io,Publisher Ads.txt,"dauup.com, 38653, DIRECT",dauup.com,38653,DIRECT,,False,False,,,
Dauup Authorization,Publishers Seller ID Tracker,Dauup,Publisher,mysterytag.com,Publisher Ads.txt,"dauup.com, 38655, DIRECT",dauup.com,38655,DIRECT,,False,False,,,
Dauup Authorization,Publishers Seller ID Tracker,Dauup,Publisher,nar.one,Publisher Ads.txt,"dauup.com, 38658, DIRECT",dauup.com,38658,DIRECT,,False,False,,,
Dauup Authorization,Publishers Seller ID Tracker,Dauup,Publisher,toy.stream,Publisher Ads.txt,"dauup.com, 38662, DIRECT",dauup.com,38662,DIRECT,,False,False,,,
Dauup Authorization,Publishers Seller ID Tracker,Dauup,Publisher,dolphingames.co,Publisher Ads.txt,"dauup.com, 38663, DIRECT",dauup.com,38663,DIRECT,,False,False,,,
Dauup Authorization,Publishers Seller ID Tracker,Dauup,Publisher,squishy.freestuffonline.shop,Publisher Ads.txt,"dauup.com, 38664, DIRECT",dauup.com,38664,DIRECT,,False,False,,,
Dauup Authorization,Publishers Seller ID Tracker,Dauup,Publisher,centaurusgames.co,Publisher Ads.txt,"dauup.com, 38666, DIRECT",dauup.com,38666,DIRECT,,False,False,,,
Dauup Authorization,Publishers Seller ID Tracker,Dauup,Publisher,volio.vn,Publisher Ads.txt,"dauup.com, 38671, DIRECT",dauup.com,38671,DIRECT,,False,False,,,
Dauup Authorization,Publishers Seller ID Tracker,Dauup,Publisher,dodisoft.com,Publisher Ads.txt,"dauup.com, 38672, DIRECT",dauup.com,38672,DIRECT,,False,False,,,
Dauup Authorization,Publishers Seller ID Tracker,Dauup,Publisher,appforgegames.com,Publisher Ads.txt,"dauup.com, 38675, DIRECT",dauup.com,38675,DIRECT,,False,False,,,
Dauup Authorization,Publishers Seller ID Tracker,Dauup,Publisher,frolicsfreegames.com,Publisher Ads.txt,"dauup.com, 38676, DIRECT",dauup.com,38676,DIRECT,,False,False,,,
Dauup Authorization,Publishers Seller ID Tracker,Dauup,Publisher,casual.longwind-games.com,Publisher Ads.txt,"dauup.com, 38677, DIRECT",dauup.com,38677,DIRECT,,False,False,,,
Dauup Authorization,Publishers Seller ID Tracker,Dauup,Publisher,thomsons.jp,Publisher Ads.txt,"dauup.com, 38678, DIRECT",dauup.com,38678,DIRECT,,False,False,,,
Dauup Authorization,Publishers Seller ID Tracker,Dauup,Publisher,angolix.com,Publisher Ads.txt,"dauup.com, 38679, DIRECT",dauup.com,38679,DIRECT,,False,False,,,
Dauup Authorization,Publishers Seller ID Tracker,Dauup,Publisher,joypuzstudio.com,Publisher Ads.txt,"dauup.com, 38680, DIRECT",dauup.com,38680,DIRECT,,False,False,,,
Dauup Authorization,Publishers Seller ID Tracker,Dauup,Publisher,gokidspublishing.com,Publisher Ads.txt,"dauup.com, 38683, DIRECT",dauup.com,38683,DIRECT,,False,False,,,
Dauup Authorization,Publishers Seller ID Tracker,Dauup,Publisher,crazygameslab.com,Publisher Ads.txt,"dauup.com, 38684, DIRECT",dauup.com,38684,DIRECT,,False,False,,,
Dauup Authorization,Publishers Seller ID Tracker,Dauup,Publisher,tiptop.mobi,Publisher Ads.txt,"dauup.com, 38685, DIRECT",dauup.com,38685,DIRECT,,False,False,,,
Dauup Authorization,Publishers Seller ID Tracker,Dauup,Publisher,toosmart.nl,Publisher Ads.txt,"dauup.com, 38688, DIRECT",dauup.com,38688,DIRECT,,False,False,,,
Dauup Authorization,Publishers Seller ID Tracker,Dauup,Publisher,gamovation.com,Publisher Ads.txt,"dauup.com, 38689, DIRECT",dauup.com,38689,DIRECT,,False,False,,,
Dauup Authorization,Publishers Seller ID Tracker,Dauup,Publisher,kuyougame.com,Publisher Ads.txt,"dauup.com, 38690, DIRECT",dauup.com,38690,DIRECT,,False,False,,,
Dauup Authorization,Publishers Seller ID Tracker,Dauup,Publisher,pocketninja.dev,Publisher Ads.txt,"dauup.com, 38691, DIRECT",dauup.com,38691,DIRECT,,False,False,,,
Dauup Authorization,Publishers Seller ID Tracker,Dauup,Publisher,coolplay.io,Publisher Ads.txt,"dauup.com, 38692, DIRECT",dauup.com,38692,DIRECT,,False,False,,,
Dauup Authorization,Publishers Seller ID Tracker,Dauup,Publisher,xgameglobal.com,Publisher Ads.txt,"dauup.com, 38693, DIRECT",dauup.com,38693,DIRECT,,False,False,,,
Dauup Authorization,Publishers Seller ID Tracker,Dauup,Publisher,appadsgamemyjs.com,Publisher Ads.txt,"dauup.com, 38694, DIRECT",dauup.com,38694,DIRECT,,False,False,,,
Dauup Authorization,Publishers Seller ID Tracker,Dauup,Publisher,mini-it.com,Publisher Ads.txt,"dauup.com, 38695, DIRECT",dauup.com,38695,DIRECT,,False,False,,,
Dauup Authorization,Publishers Seller ID Tracker,Dauup,Publisher,functionofficial.com,Publisher Ads.txt,"dauup.com, 38698, DIRECT",dauup.com,38698,DIRECT,,False,False,,,
Dauup Authorization,Publishers Seller ID Tracker,Dauup,Publisher,sugarfree.games,Publisher Ads.txt,"dauup.com, 38699, DIRECT",dauup.com,38699,DIRECT,,False,False,,,
Dauup Authorization,Publishers Seller ID Tracker,Dauup,Publisher,mixogames.com,Publisher Ads.txt,"dauup.com, 38700, DIRECT",dauup.com,38700,DIRECT,,False,False,,,
Dauup Authorization,Publishers Seller ID Tracker,Dauup,Publisher,tilepairsolitaire.web.app,Publisher Ads.txt,"dauup.com, 38701, DIRECT",dauup.com,38701,DIRECT,,False,False,,,
Dauup Authorization,Publishers Seller ID Tracker,Dauup,Publisher,palpitometro.web.app,Publisher Ads.txt,"dauup.com, 38702, DIRECT",dauup.com,38702,DIRECT,,False,False,,,
Dauup Authorization,Publishers Seller ID Tracker,Dauup,Publisher,serverblockcrush.web.app,Publisher Ads.txt,"dauup.com, 38703, DIRECT",dauup.com,38703,DIRECT,,False,False,,,
Dauup Authorization,Publishers Seller ID Tracker,Dauup,Publisher,explurger.com,Publisher Ads.txt,"dauup.com, 38704, DIRECT",dauup.com,38704,DIRECT,,False,False,,,
Dauup Authorization,Publishers Seller ID Tracker,Dauup,Publisher,Electronic Arts (EA),Publisher Ads.txt,"dauup.com, 38706, DIRECT",dauup.com,38706,DIRECT,,False,False,,,
Dauup Authorization,Publishers Seller ID Tracker,Dauup,Publisher,GameHouse,Publisher Ads.txt,"dauup.com, 38707, DIRECT",dauup.com,38707,DIRECT,,False,False,,,
Dauup Authorization,Publishers Seller ID Tracker,Dauup,Publisher,Goodgame Studios,Publisher Ads.txt,"dauup.com, 38710, DIRECT",dauup.com,38710,DIRECT,,False,False,,,
Dauup Authorization,Publishers Seller ID Tracker,Dauup,Publisher,Space Ape,Publisher Ads.txt,"dauup.com, 38711, DIRECT",dauup.com,38711,DIRECT,,False,False,,,
Dauup Authorization,Publishers Seller ID Tracker,Dauup,Publisher,Gimica,Publisher Ads.txt,"dauup.com, 38714, DIRECT",dauup.com,38714,DIRECT,,False,False,,,
Dauup Authorization,Publishers Seller ID Tracker,Dauup,Publisher,Invincibles Studio,Publisher Ads.txt,"dauup.com, 38715, DIRECT",dauup.com,38715,DIRECT,,False,False,,,
Dauup Authorization,Publishers Seller ID Tracker,Dauup,Publisher,Agile Sports,Publisher Ads.txt,"dauup.com, 38716, DIRECT",dauup.com,38716,DIRECT,,False,False,,,
Dauup Authorization,Publishers Seller ID Tracker,Dauup,Publisher,Unico Studio,Publisher Ads.txt,"dauup.com, 38720, DIRECT",dauup.com,38720,DIRECT,,False,False,,,
Dauup Authorization,Publishers Seller ID Tracker,Dauup,Publisher,Virede,Publisher Ads.txt,"dauup.com, 38721, DIRECT",dauup.com,38721,DIRECT,,False,False,,,
Dauup Authorization,Publishers Seller ID Tracker,Dauup,Publisher,Ascella Mobile Inc,Publisher Ads.txt,"dauup.com, 38723, DIRECT",dauup.com,38723,DIRECT,,False,False,,,
Dauup Authorization,Publishers Seller ID Tracker,Dauup,Publisher,Staple Games,Publisher Ads.txt,"dauup.com, 38724, DIRECT",dauup.com,38724,DIRECT,,False,False,,,
Dauup Authorization,Publishers Seller ID Tracker,Dauup,Publisher,9 Count,Publisher Ads.txt,"dauup.com, 38726, DIRECT",dauup.com,38726,DIRECT,,False,False,,,
Dauup Authorization,Publishers Seller ID Tracker,Dauup,Publisher,Difference Games,Publisher Ads.txt,"dauup.com, 38729, DIRECT",dauup.com,38729,DIRECT,,False,False,,,
Dauup Authorization,Publishers Seller ID Tracker,Dauup,Publisher,Beansprites,Publisher Ads.txt,"dauup.com, 38731, DIRECT",dauup.com,38731,DIRECT,,False,False,,,
Dauup Authorization,Publishers Seller ID Tracker,Dauup,Publisher,Metis Apps,Publisher Ads.txt,"dauup.com, 38732, DIRECT",dauup.com,38732,DIRECT,,False,False,,,
Dauup Authorization,Publishers Seller ID Tracker,Dauup,Publisher,POLYVERSE ENTERTAINMENT INC.,Publisher Ads.txt,"dauup.com, 38736, DIRECT",dauup.com,38736,DIRECT,,False,False,,,
Dauup Authorization,Publishers Seller ID Tracker,Dauup,Publisher,Big Run Studios,Publisher Ads.txt,"dauup.com, 38738, DIRECT",dauup.com,38738,DIRECT,,False,False,,,
Dauup Authorization,Publishers Seller ID Tracker,Dauup,Publisher,Alto Social Inc,Publisher Ads.txt,"dauup.com, 38742, DIRECT",dauup.com,38742,DIRECT,,False,False,,,
Dauup Authorization,Publishers Seller ID Tracker,Dauup,Publisher,Bethesda,Publisher Ads.txt,"dauup.com, 38743, DIRECT",dauup.com,38743,DIRECT,,False,False,,,
Dauup Authorization,Publishers Seller ID Tracker,Dauup,Publisher,Oreon Studios,Publisher Ads.txt,"dauup.com, 38746, DIRECT",dauup.com,38746,DIRECT,,False,False,,,
Dauup Authorization,Publishers Seller ID Tracker,Dauup,Publisher,Smoq Games,Publisher Ads.txt,"dauup.com, 38748, DIRECT",dauup.com,38748,DIRECT,,False,False,,,
Dauup Authorization,Publishers Seller ID Tracker,Dauup,Publisher,FunCraft Games,Publisher Ads.txt,"dauup.com, 38758, DIRECT",dauup.com,38758,DIRECT,,False,False,,,
Dauup Authorization,Publishers Seller ID Tracker,Dauup,Publisher,PuzzleNation,Publisher Ads.txt,"dauup.com, 38763, DIRECT",dauup.com,38763,DIRECT,,False,False,,,
Dauup Authorization,Publishers Seller ID Tracker,Dauup,Publisher,MiniMega,Publisher Ads.txt,"dauup.com, 38764, DIRECT",dauup.com,38764,DIRECT,,False,False,,,
Dauup Authorization,Publishers Seller ID Tracker,Dauup,Publisher,Picadelic,Publisher Ads.txt,"dauup.com, 38765, DIRECT",dauup.com,38765,DIRECT,,False,False,,,
Dauup Authorization,Publishers Seller ID Tracker,Dauup,Publisher,Publishers Clearing House,Publisher Ads.txt,"dauup.com, 38768, DIRECT",dauup.com,38768,DIRECT,,False,False,,,
Dauup Authorization,Publishers Seller ID Tracker,Dauup,Publisher,Go Games,Publisher Ads.txt,"dauup.com, 38773, DIRECT",dauup.com,38773,DIRECT,,False,False,,,
Dauup Authorization,Publishers Seller ID Tracker,Dauup,Publisher,Yso,Publisher Ads.txt,"dauup.com, 38776, DIRECT",dauup.com,38776,DIRECT,,False,False,,,
Dauup Authorization,Publishers Seller ID Tracker,Dauup,Publisher,Homa,Publisher Ads.txt,"dauup.com, 38780, DIRECT",dauup.com,38780,DIRECT,,False,False,,,
Dauup Authorization,Publishers Seller ID Tracker,Dauup,Publisher,Jackpocket,Publisher Ads.txt,"dauup.com, 38782, DIRECT",dauup.com,38782,DIRECT,,False,False,,,
Dauup Authorization,Publishers Seller ID Tracker,Dauup,Publisher,Devolver Digital,Publisher Ads.txt,"dauup.com, 38795, DIRECT",dauup.com,38795,DIRECT,,False,False,,,
Dauup Authorization,Publishers Seller ID Tracker,Dauup,Publisher,Appenvision,Publisher Ads.txt,"dauup.com, 38800, DIRECT",dauup.com,38800,DIRECT,,False,False,,,
Dauup Authorization,Publishers Seller ID Tracker,Dauup,Publisher,Spark Networks,Publisher Ads.txt,"dauup.com, 38802, DIRECT",dauup.com,38802,DIRECT,,False,False,,,
Dauup Authorization,Publishers Seller ID Tracker,Dauup,Publisher,RotoWire,Publisher Ads.txt,"dauup.com, 38811, DIRECT",dauup.com,38811,DIRECT,,False,False,,,
Dauup Authorization,Publishers Seller ID Tracker,Dauup,Publisher,Ruvix,Publisher Ads.txt,"dauup.com, 38816, DIRECT",dauup.com,38816,DIRECT,,False,False,,,
Dauup Authorization,Publishers Seller ID Tracker,Dauup,Publisher,Plug In Digital,Publisher Ads.txt,"dauup.com, 38818, DIRECT",dauup.com,38818,DIRECT,,False,False,,,
Dauup Authorization,Publishers Seller ID Tracker,Dauup,Publisher,NewPubCo,Publisher Ads.txt,"dauup.com, 38820, DIRECT",dauup.com,38820,DIRECT,,False,False,,,
Dauup Authorization,Publishers Seller ID Tracker,Dauup,Publisher,A Sharp,Publisher Ads.txt,"dauup.com, 38823, DIRECT",dauup.com,38823,DIRECT,,False,False,,,
Dauup Authorization,Publishers Seller ID Tracker,Dauup,Publisher,Playvue Games,Publisher Ads.txt,"dauup.com, 38826, DIRECT",dauup.com,38826,DIRECT,,False,False,,,
Dauup Authorization,Publishers Seller ID Tracker,Dauup,Publisher,INNOVATIVE DIGITAL TECHNOLOGIES,Publisher Ads.txt,"dauup.com, 38831, DIRECT",dauup.com,38831,DIRECT,,False,False,,,
Dauup Authorization,Publishers Seller ID Tracker,Dauup,Publisher,V8 Supercars,Publisher Ads.txt,"dauup.com, 38832, DIRECT",dauup.com,38832,DIRECT,,False,False,,,
Dauup Authorization,Publishers Seller ID Tracker,Dauup,Publisher,Ketchapp Studio,Publisher Ads.txt,"dauup.com, 38833, DIRECT",dauup.com,38833,DIRECT,,False,False,,,
Dauup Authorization,Publishers Seller ID Tracker,Dauup,Publisher,Crescent Moon Games,Publisher Ads.txt,"dauup.com, 38834, DIRECT",dauup.com,38834,DIRECT,,False,False,,,
Dauup Authorization,Publishers Seller ID Tracker,Dauup,Publisher,Casual Arts,Publisher Ads.txt,"dauup.com, 38838, DIRECT",dauup.com,38838,DIRECT,,False,False,,,
Dauup Authorization,Publishers Seller ID Tracker,Dauup,Publisher,WildBeep,Publisher Ads.txt,"dauup.com, 38844, DIRECT",dauup.com,38844,DIRECT,,False,False,,,
Dauup Authorization,Publishers Seller ID Tracker,Dauup,Publisher,imo.im,Publisher Ads.txt,"dauup.com, 38850, DIRECT",dauup.com,38850,DIRECT,,False,False,,,
Dauup Authorization,Publishers Seller ID Tracker,Dauup,Publisher,Vira Games,Publisher Ads.txt,"dauup.com, 38866, DIRECT",dauup.com,38866,DIRECT,,False,False,,,
Dauup Authorization,Publishers Seller ID Tracker,Dauup,Publisher,Hunted Cow,Publisher Ads.txt,"dauup.com, 38868, DIRECT",dauup.com,38868,DIRECT,,False,False,,,
Dauup Authorization,Publishers Seller ID Tracker,Dauup,Publisher,myAP Devs,Publisher Ads.txt,"dauup.com, 38880, DIRECT",dauup.com,38880,DIRECT,,False,False,,,
Dauup Authorization,Publishers Seller ID Tracker,Dauup,Publisher,Halfbrick,Publisher Ads.txt,"dauup.com, 38882, DIRECT",dauup.com,38882,DIRECT,,False,False,,,
Dauup Authorization,Publishers Seller ID Tracker,Dauup,Publisher,Sporcle,Publisher Ads.txt,"dauup.com, 38904, DIRECT",dauup.com,38904,DIRECT,,False,False,,,
Dauup Authorization,Publishers Seller ID Tracker,Dauup,Publisher,Phondini Partners,Publisher Ads.txt,"dauup.com, 38905, DIRECT",dauup.com,38905,DIRECT,,False,False,,,
Dauup Authorization,Publishers Seller ID Tracker,Dauup,Publisher,McPeppergames,Publisher Ads.txt,"dauup.com, 38907, DIRECT",dauup.com,38907,DIRECT,,False,False,,,
Dauup Authorization,Publishers Seller ID Tracker,Dauup,Publisher,Kwalee,Publisher Ads.txt,"dauup.com, 38935, DIRECT",dauup.com,38935,DIRECT,,False,False,,,
Dauup Authorization,Publishers Seller ID Tracker,Dauup,Publisher,Bahakel Communications,Publisher Ads.txt,"dauup.com, 38944, DIRECT",dauup.com,38944,DIRECT,,False,False,,,
Dauup Authorization,Publishers Seller ID Tracker,Dauup,Publisher,Minicades,Publisher Ads.txt,"dauup.com, 38948, DIRECT",dauup.com,38948,DIRECT,,False,False,,,
Dauup Authorization,Publishers Seller ID Tracker,Dauup,Publisher,DH3 Games,Publisher Ads.txt,"dauup.com, 38961, DIRECT",dauup.com,38961,DIRECT,,False,False,,,
Dauup Authorization,Publishers Seller ID Tracker,Dauup,Publisher,Outplay Entertainment,Publisher Ads.txt,"dauup.com, 38964, DIRECT",dauup.com,38964,DIRECT,,False,False,,,
Dauup Authorization,Publishers Seller ID Tracker,Dauup,Publisher,SimpleInnovation,Publisher Ads.txt,"dauup.com, 38965, DIRECT",dauup.com,38965,DIRECT,,False,False,,,
Dauup Authorization,Publishers Seller ID Tracker,Dauup,Publisher,Easybrain,Publisher Ads.txt,"dauup.com, 38966, DIRECT",dauup.com,38966,DIRECT,,False,False,,,
Dauup Authorization,Publishers Seller ID Tracker,Dauup,Publisher,"MeetMe, Inc.",Publisher Ads.txt,"dauup.com, 38967, DIRECT",dauup.com,38967,DIRECT,,False,False,,,
Dauup Authorization,Publishers Seller ID Tracker,Dauup,Publisher,Guru Puzzle Game,Publisher Ads.txt,"dauup.com, 38968, DIRECT",dauup.com,38968,DIRECT,,False,False,,,
Dauup Authorization,Publishers Seller ID Tracker,Dauup,Publisher,Games Vessel,Publisher Ads.txt,"dauup.com, 38969, DIRECT",dauup.com,38969,DIRECT,,False,False,,,
Dauup Authorization,Publishers Seller ID Tracker,Dauup,Publisher,Block Puzzle,Publisher Ads.txt,"dauup.com, 38970, DIRECT",dauup.com,38970,DIRECT,,False,False,,,
Dauup Authorization,Publishers Seller ID Tracker,Dauup,Publisher,"Play2Pay, Inc.",Publisher Ads.txt,"dauup.com, 38971, DIRECT",dauup.com,38971,DIRECT,,False,False,,,
Dauup Authorization,Publishers Seller ID Tracker,Dauup,Publisher,Hornet Networks Limited,Publisher Ads.txt,"dauup.com, 38973, DIRECT",dauup.com,38973,DIRECT,,False,False,,,
Dauup Authorization,Publishers Seller ID Tracker,Dauup,Publisher,Guru Smart Holding,Publisher Ads.txt,"dauup.com, 38974, DIRECT",dauup.com,38974,DIRECT,,False,False,,,
Dauup Authorization,Publishers Seller ID Tracker,Dauup,Publisher,IEC Games Australia,Publisher Ads.txt,"dauup.com, 38975, DIRECT",dauup.com,38975,DIRECT,,False,False,,,
Dauup Authorization,Publishers Seller ID Tracker,Dauup,Publisher,Police Scanner,Publisher Ads.txt,"dauup.com, 38976, DIRECT",dauup.com,38976,DIRECT,,False,False,,,
Dauup Authorization,Publishers Seller ID Tracker,Dauup,Publisher,Games Vessel,Publisher Ads.txt,"dauup.com, 38977, DIRECT",dauup.com,38977,DIRECT,,False,False,,,
Dauup Authorization,Publishers Seller ID Tracker,Dauup,Publisher,Rejoy Studio,Publisher Ads.txt,"dauup.com, 38978, DIRECT",dauup.com,38978,DIRECT,,False,False,,,
Dauup Authorization,Publishers Seller ID Tracker,Dauup,Publisher,X-FLOW,Publisher Ads.txt,"dauup.com, 38979, DIRECT",dauup.com,38979,DIRECT,,False,False,,,
Dauup Authorization,Publishers Seller ID Tracker,Dauup,Publisher,Tap Color Studio,Publisher Ads.txt,"dauup.com, 38980, DIRECT",dauup.com,38980,DIRECT,,False,False,,,
Dauup Authorization,Publishers Seller ID Tracker,Dauup,Publisher,Metajoy,Publisher Ads.txt,"dauup.com, 38981, DIRECT",dauup.com,38981,DIRECT,,False,False,,,
Dauup Authorization,Publishers Seller ID Tracker,Dauup,Publisher,Skout Inc.,Publisher Ads.txt,"dauup.com, 38983, DIRECT",dauup.com,38983,DIRECT,,False,False,,,
Dauup Authorization,Publishers Seller ID Tracker,Dauup,Publisher,"JNJ Mobile, Inc",Publisher Ads.txt,"dauup.com, 38984, DIRECT",dauup.com,38984,DIRECT,,False,False,,,
Dauup Authorization,Publishers Seller ID Tracker,Dauup,Publisher,"PeerStream, Inc",Publisher Ads.txt,"dauup.com, 38985, DIRECT",dauup.com,38985,DIRECT,,False,False,,,
Dauup Authorization,Publishers Seller ID Tracker,Dauup,Publisher,Talefun,Publisher Ads.txt,"dauup.com, 38986, DIRECT",dauup.com,38986,DIRECT,,False,False,,,
Dauup Authorization,Publishers Seller ID Tracker,Dauup,Publisher,Castbox.FM,Publisher Ads.txt,"dauup.com, 38987, DIRECT",dauup.com,38987,DIRECT,,False,False,,,
Dauup Authorization,Publishers Seller ID Tracker,Dauup,Publisher,"Skout, Inc.",Publisher Ads.txt,"dauup.com, 38988, DIRECT",dauup.com,38988,DIRECT,,False,False,,,
Dauup Authorization,Publishers Seller ID Tracker,Dauup,Publisher,Mode Mobile,Publisher Ads.txt,"dauup.com, 38989, DIRECT",dauup.com,38989,DIRECT,,False,False,,,
Dauup Authorization,Publishers Seller ID Tracker,Dauup,Publisher,清 周,Publisher Ads.txt,"dauup.com, 38990, DIRECT",dauup.com,38990,DIRECT,,False,False,,,
Dauup Authorization,Publishers Seller ID Tracker,Dauup,Publisher,Flextech Inc.,Publisher Ads.txt,"dauup.com, 38991, DIRECT",dauup.com,38991,DIRECT,,False,False,,,
Dauup Authorization,Publishers Seller ID Tracker,Dauup,Publisher,Fugo,Publisher Ads.txt,"dauup.com, 38992, DIRECT",dauup.com,38992,DIRECT,,False,False,,,
Dauup Authorization,Publishers Seller ID Tracker,Dauup,Publisher,Chive Media Group,Publisher Ads.txt,"dauup.com, 38993, DIRECT",dauup.com,38993,DIRECT,,False,False,,,
Dauup Authorization,Publishers Seller ID Tracker,Dauup,Publisher,Homa,Publisher Ads.txt,"dauup.com, 38994, DIRECT",dauup.com,38994,DIRECT,,False,False,,,
Dauup Authorization,Publishers Seller ID Tracker,Dauup,Publisher,"Resignation Media, LLC (theChive)",Publisher Ads.txt,"dauup.com, 38995, DIRECT",dauup.com,38995,DIRECT,,False,False,,,
Dauup Authorization,Publishers Seller ID Tracker,Dauup,Publisher,Slacker Inc.,Publisher Ads.txt,"dauup.com, 38996, DIRECT",dauup.com,38996,DIRECT,,False,False,,,
Dauup Authorization,Publishers Seller ID Tracker,Dauup,Publisher,Guru Network Limited,Publisher Ads.txt,"dauup.com, 38997, DIRECT",dauup.com,38997,DIRECT,,False,False,,,
Dauup Authorization,Publishers Seller ID Tracker,Dauup,Publisher,"Find Friends, Team Up, Play Games, Live Voice Chat",Publisher Ads.txt,"dauup.com, 38998, DIRECT",dauup.com,38998,DIRECT,,False,False,,,
Dauup Authorization,Publishers Seller ID Tracker,Dauup,Publisher,Payge Ltd,Publisher Ads.txt,"dauup.com, 38999, DIRECT",dauup.com,38999,DIRECT,,False,False,,,
Dauup Authorization,Publishers Seller ID Tracker,Dauup,Publisher,"Slacker, Inc.",Publisher Ads.txt,"dauup.com, 39000, DIRECT",dauup.com,39000,DIRECT,,False,False,,,
Dauup Authorization,Publishers Seller ID Tracker,Dauup,Publisher,"Perfect365, Inc.",Publisher Ads.txt,"dauup.com, 39001, DIRECT",dauup.com,39001,DIRECT,,False,False,,,
Dauup Authorization,Publishers Seller ID Tracker,Dauup,Publisher,"Talkatone, Llc",Publisher Ads.txt,"dauup.com, 39002, DIRECT",dauup.com,39002,DIRECT,,False,False,,,
Dauup Authorization,Publishers Seller ID Tracker,Dauup,Publisher,Fantasy Word Games,Publisher Ads.txt,"dauup.com, 39003, DIRECT",dauup.com,39003,DIRECT,,False,False,,,
Dauup Authorization,Publishers Seller ID Tracker,Dauup,Publisher,TALKATONE,Publisher Ads.txt,"dauup.com, 39004, DIRECT",dauup.com,39004,DIRECT,,False,False,,,
Dauup Authorization,Publishers Seller ID Tracker,Dauup,Publisher,Games Vessel,Publisher Ads.txt,"dauup.com, 39005, DIRECT",dauup.com,39005,DIRECT,,False,False,,,
Dauup Authorization,Publishers Seller ID Tracker,Dauup,Publisher,FingerSoft,Publisher Ads.txt,"dauup.com, 39006, DIRECT",dauup.com,39006,DIRECT,,False,False,,,
Dauup Authorization,Publishers Seller ID Tracker,Dauup,Publisher,Truecaller,Publisher Ads.txt,"dauup.com, 39007, DIRECT",dauup.com,39007,DIRECT,,False,False,,,
Dauup Authorization,Publishers Seller ID Tracker,Dauup,Publisher,Djinnworks,Publisher Ads.txt,"dauup.com, 39010, DIRECT",dauup.com,39010,DIRECT,,False,False,,,
Dauup Authorization,Publishers Seller ID Tracker,Dauup,Publisher,Joycity,Publisher Ads.txt,"dauup.com, 39011, DIRECT",dauup.com,39011,DIRECT,,False,False,,,
Dauup Authorization,Publishers Seller ID Tracker,Dauup,Publisher,Zytoona,Publisher Ads.txt,"dauup.com, 39012, DIRECT",dauup.com,39012,DIRECT,,False,False,,,
Dauup Authorization,Publishers Seller ID Tracker,Dauup,Publisher,Fingersoft,Publisher Ads.txt,"dauup.com, 39014, DIRECT",dauup.com,39014,DIRECT,,False,False,,,
Dauup Authorization,Publishers Seller ID Tracker,Dauup,Publisher,Last Day of Work,Publisher Ads.txt,"dauup.com, 39015, DIRECT",dauup.com,39015,DIRECT,,False,False,,,
Dauup Authorization,Publishers Seller ID Tracker,Dauup,Publisher,GoBit,Publisher Ads.txt,"dauup.com, 39017, DIRECT",dauup.com,39017,DIRECT,,False,False,,,
Dauup Authorization,Publishers Seller ID Tracker,Dauup,Publisher,TappsGames,Publisher Ads.txt,"dauup.com, 39018, DIRECT",dauup.com,39018,DIRECT,,False,False,,,
Dauup Authorization,Publishers Seller ID Tracker,Dauup,Publisher,FDG Entertainment,Publisher Ads.txt,"dauup.com, 39019, DIRECT",dauup.com,39019,DIRECT,,False,False,,,
Dauup Authorization,Publishers Seller ID Tracker,Dauup,Publisher,Interlab Arts,Publisher Ads.txt,"dauup.com, 39023, DIRECT",dauup.com,39023,DIRECT,,False,False,,,
Dauup Authorization,Publishers Seller ID Tracker,Dauup,Publisher,Ubisoft,Publisher Ads.txt,"dauup.com, 39025, DIRECT",dauup.com,39025,DIRECT,,False,False,,,
Dauup Authorization,Publishers Seller ID Tracker,Dauup,Publisher,Gamejam,Publisher Ads.txt,"dauup.com, 39026, DIRECT",dauup.com,39026,DIRECT,,False,False,,,
Dauup Authorization,Publishers Seller ID Tracker,Dauup,Publisher,Azur Interactive Games,Publisher Ads.txt,"dauup.com, 39027, DIRECT",dauup.com,39027,DIRECT,,False,False,,,
Dauup Authorization,Publishers Seller ID Tracker,Dauup,Publisher,Playcus,Publisher Ads.txt,"dauup.com, 39028, DIRECT",dauup.com,39028,DIRECT,,False,False,,,
Dauup Authorization,Publishers Seller ID Tracker,Dauup,Publisher,Natenai Ariyatrakool,Publisher Ads.txt,"dauup.com, 39029, DIRECT",dauup.com,39029,DIRECT,,False,False,,,
Dauup Authorization,Publishers Seller ID Tracker,Dauup,Publisher,PlayCreek,Publisher Ads.txt,"dauup.com, 39030, DIRECT",dauup.com,39030,DIRECT,,False,False,,,
Dauup Authorization,Publishers Seller ID Tracker,Dauup,Publisher,MunkyFun,Publisher Ads.txt,"dauup.com, 39031, DIRECT",dauup.com,39031,DIRECT,,False,False,,,
Dauup Authorization,Publishers Seller ID Tracker,Dauup,Publisher,ZiMAD,Publisher Ads.txt,"dauup.com, 39032, DIRECT",dauup.com,39032,DIRECT,,False,False,,,
Dauup Authorization,Publishers Seller ID Tracker,Dauup,Publisher,Battery Acid,Publisher Ads.txt,"dauup.com, 39034, DIRECT",dauup.com,39034,DIRECT,,False,False,,,
Dauup Authorization,Publishers Seller ID Tracker,Dauup,Publisher,Game Insight,Publisher Ads.txt,"dauup.com, 39035, DIRECT",dauup.com,39035,DIRECT,,False,False,,,
Dauup Authorization,Publishers Seller ID Tracker,Dauup,Publisher,Wildlife Studios,Publisher Ads.txt,"dauup.com, 39036, DIRECT",dauup.com,39036,DIRECT,,False,False,,,
Dauup Authorization,Publishers Seller ID Tracker,Dauup,Publisher,ARE apps,Publisher Ads.txt,"dauup.com, 39038, DIRECT",dauup.com,39038,DIRECT,,False,False,,,
Dauup Authorization,Publishers Seller ID Tracker,Dauup,Publisher,Jinke Culture - Outfit7,Publisher Ads.txt,"dauup.com, 39039, DIRECT",dauup.com,39039,DIRECT,,False,False,,,
Dauup Authorization,Publishers Seller ID Tracker,Dauup,Publisher,PlayStudios,Publisher Ads.txt,"dauup.com, 39040, DIRECT",dauup.com,39040,DIRECT,,False,False,,,
Dauup Authorization,Publishers Seller ID Tracker,Dauup,Publisher,Two Men and a Dog,Publisher Ads.txt,"dauup.com, 39041, DIRECT",dauup.com,39041,DIRECT,,False,False,,,
Dauup Authorization,Publishers Seller ID Tracker,Dauup,Publisher,Orbital Knight,Publisher Ads.txt,"dauup.com, 39042, DIRECT",dauup.com,39042,DIRECT,,False,False,,,
Dauup Authorization,Publishers Seller ID Tracker,Dauup,Publisher,Ten Square Games,Publisher Ads.txt,"dauup.com, 39043, DIRECT",dauup.com,39043,DIRECT,,False,False,,,
Dauup Authorization,Publishers Seller ID Tracker,Dauup,Publisher,Magmic,Publisher Ads.txt,"dauup.com, 39045, DIRECT",dauup.com,39045,DIRECT,,False,False,,,
Dauup Authorization,Publishers Seller ID Tracker,Dauup,Publisher,BoomBit,Publisher Ads.txt,"dauup.com, 39046, DIRECT",dauup.com,39046,DIRECT,,False,False,,,
Dauup Authorization,Publishers Seller ID Tracker,Dauup,Publisher,Random Logic,Publisher Ads.txt,"dauup.com, 39047, DIRECT",dauup.com,39047,DIRECT,,False,False,,,
Dauup Authorization,Publishers Seller ID Tracker,Dauup,Publisher,Istom,Publisher Ads.txt,"dauup.com, 39049, DIRECT",dauup.com,39049,DIRECT,,False,False,,,
Dauup Authorization,Publishers Seller ID Tracker,Dauup,Publisher,VPN LLC US,Publisher Ads.txt,"dauup.com, 39051, DIRECT",dauup.com,39051,DIRECT,,False,False,,,
Dauup Authorization,Publishers Seller ID Tracker,Dauup,Publisher,playus,Publisher Ads.txt,"dauup.com, 39052, DIRECT",dauup.com,39052,DIRECT,,False,False,,,
Dauup Authorization,Publishers Seller ID Tracker,Dauup,Publisher,BitMango,Publisher Ads.txt,"dauup.com, 39053, DIRECT",dauup.com,39053,DIRECT,,False,False,,,
Dauup Authorization,Publishers Seller ID Tracker,Dauup,Publisher,Zerofour Game,Publisher Ads.txt,"dauup.com, 39055, DIRECT",dauup.com,39055,DIRECT,,False,False,,,
Dauup Authorization,Publishers Seller ID Tracker,Dauup,Publisher,Big Duck,Publisher Ads.txt,"dauup.com, 39056, DIRECT",dauup.com,39056,DIRECT,,False,False,,,
Dauup Authorization,Publishers Seller ID Tracker,Dauup,Publisher,BitBros Inc.,Publisher Ads.txt,"dauup.com, 39059, DIRECT",dauup.com,39059,DIRECT,,False,False,,,
Dauup Authorization,Publishers Seller ID Tracker,Dauup,Publisher,Telos Mobile,Publisher Ads.txt,"dauup.com, 39061, DIRECT",dauup.com,39061,DIRECT,,False,False,,,
Dauup Authorization,Publishers Seller ID Tracker,Dauup,Publisher,ZPLAY,Publisher Ads.txt,"dauup.com, 39062, DIRECT",dauup.com,39062,DIRECT,,False,False,,,
Dauup Authorization,Publishers Seller ID Tracker,Dauup,Publisher,Treastone,Publisher Ads.txt,"dauup.com, 39065, DIRECT",dauup.com,39065,DIRECT,,False,False,,,
Dauup Authorization,Publishers Seller ID Tracker,Dauup,Publisher,Kraftwerk 9,Publisher Ads.txt,"dauup.com, 39070, DIRECT",dauup.com,39070,DIRECT,,False,False,,,
Dauup Authorization,Publishers Seller ID Tracker,Dauup,Publisher,Sontsao,Publisher Ads.txt,"dauup.com, 39072, DIRECT",dauup.com,39072,DIRECT,,False,False,,,
Dauup Authorization,Publishers Seller ID Tracker,Dauup,Publisher,Codigames,Publisher Ads.txt,"dauup.com, 39074, DIRECT",dauup.com,39074,DIRECT,,False,False,,,
Dauup Authorization,Publishers Seller ID Tracker,Dauup,Publisher,Unico Studio,Publisher Ads.txt,"dauup.com, 39075, DIRECT",dauup.com,39075,DIRECT,,False,False,,,
Dauup Authorization,Publishers Seller ID Tracker,Dauup,Publisher,Matchingham Games,Publisher Ads.txt,"dauup.com, 39076, DIRECT",dauup.com,39076,DIRECT,,False,False,,,
Dauup Authorization,Publishers Seller ID Tracker,Dauup,Publisher,PSV Studio,Publisher Ads.txt,"dauup.com, 39077, DIRECT",dauup.com,39077,DIRECT,,False,False,,,
Dauup Authorization,Publishers Seller ID Tracker,Dauup,Publisher,Beauty Salon Studio,Publisher Ads.txt,"dauup.com, 39078, DIRECT",dauup.com,39078,DIRECT,,False,False,,,
Dauup Authorization,Publishers Seller ID Tracker,Dauup,Publisher,Hungry Studio,Publisher Ads.txt,"dauup.com, 39079, DIRECT",dauup.com,39079,DIRECT,,False,False,,,
Dauup Authorization,Publishers Seller ID Tracker,Dauup,Publisher,Kiragames,Publisher Ads.txt,"dauup.com, 39080, DIRECT",dauup.com,39080,DIRECT,,False,False,,,
Dauup Authorization,Publishers Seller ID Tracker,Dauup,Publisher,AFKSoft,Publisher Ads.txt,"dauup.com, 39081, DIRECT",dauup.com,39081,DIRECT,,False,False,,,
Dauup Authorization,Publishers Seller ID Tracker,Dauup,Publisher,Game Circus,Publisher Ads.txt,"dauup.com, 39082, DIRECT",dauup.com,39082,DIRECT,,False,False,,,
Dauup Authorization,Publishers Seller ID Tracker,Dauup,Publisher,Auxbrain,Publisher Ads.txt,"dauup.com, 39083, DIRECT",dauup.com,39083,DIRECT,,False,False,,,
Dauup Authorization,Publishers Seller ID Tracker,Dauup,Publisher,Groom Lake Development,Publisher Ads.txt,"dauup.com, 39086, DIRECT",dauup.com,39086,DIRECT,,False,False,,,
Dauup Authorization,Publishers Seller ID Tracker,Dauup,Publisher,Imangi,Publisher Ads.txt,"dauup.com, 39087, DIRECT",dauup.com,39087,DIRECT,,False,False,,,
Dauup Authorization,Publishers Seller ID Tracker,Dauup,Publisher,Renown Entertainment,Publisher Ads.txt,"dauup.com, 39088, DIRECT",dauup.com,39088,DIRECT,,False,False,,,
Dauup Authorization,Publishers Seller ID Tracker,Dauup,Publisher,Sevenlogics,Publisher Ads.txt,"dauup.com, 39089, DIRECT",dauup.com,39089,DIRECT,,False,False,,,
Dauup Authorization,Publishers Seller ID Tracker,Dauup,Publisher,7th Gear,Publisher Ads.txt,"dauup.com, 39091, DIRECT",dauup.com,39091,DIRECT,,False,False,,,
Dauup Authorization,Publishers Seller ID Tracker,Dauup,Publisher,LITE Games,Publisher Ads.txt,"dauup.com, 39094, DIRECT",dauup.com,39094,DIRECT,,False,False,,,
Dauup Authorization,Publishers Seller ID Tracker,Dauup,Publisher,Fluik,Publisher Ads.txt,"dauup.com, 39095, DIRECT",dauup.com,39095,DIRECT,,False,False,,,
Dauup Authorization,Publishers Seller ID Tracker,Dauup,Publisher,nerByte,Publisher Ads.txt,"dauup.com, 39099, DIRECT",dauup.com,39099,DIRECT,,False,False,,,
Dauup Authorization,Publishers Seller ID Tracker,Dauup,Publisher,Touch Foo,Publisher Ads.txt,"dauup.com, 39100, DIRECT",dauup.com,39100,DIRECT,,False,False,,,
Dauup Authorization,Publishers Seller ID Tracker,Dauup,Publisher,iWare Designs,Publisher Ads.txt,"dauup.com, 39101, DIRECT",dauup.com,39101,DIRECT,,False,False,,,
Dauup Authorization,Publishers Seller ID Tracker,Dauup,Publisher,Vivid Games,Publisher Ads.txt,"dauup.com, 39107, DIRECT",dauup.com,39107,DIRECT,,False,False,,,
Dauup Authorization,Publishers Seller ID Tracker,Dauup,Publisher,binary family,Publisher Ads.txt,"dauup.com, 39108, DIRECT",dauup.com,39108,DIRECT,,False,False,,,
Dauup Authorization,Publishers Seller ID Tracker,Dauup,Publisher,Apex Designs,Publisher Ads.txt,"dauup.com, 39109, DIRECT",dauup.com,39109,DIRECT,,False,False,,,
Dauup Authorization,Publishers Seller ID Tracker,Dauup,Publisher,Nekki,Publisher Ads.txt,"dauup.com, 39111, DIRECT",dauup.com,39111,DIRECT,,False,False,,,
Dauup Authorization,Publishers Seller ID Tracker,Dauup,Publisher,PicsArt,Publisher Ads.txt,"dauup.com, 39112, DIRECT",dauup.com,39112,DIRECT,,False,False,,,
Dauup Authorization,Publishers Seller ID Tracker,Dauup,Publisher,Dingtone,Publisher Ads.txt,"dauup.com, 39113, DIRECT",dauup.com,39113,DIRECT,,False,False,,,
Dauup Authorization,Publishers Seller ID Tracker,Dauup,Publisher,OutOfTheBit,Publisher Ads.txt,"dauup.com, 39115, DIRECT",dauup.com,39115,DIRECT,,False,False,,,
Dauup Authorization,Publishers Seller ID Tracker,Dauup,Publisher,Taps Arena,Publisher Ads.txt,"dauup.com, 39116, DIRECT",dauup.com,39116,DIRECT,,False,False,,,
Dauup Authorization,Publishers Seller ID Tracker,Dauup,Publisher,Buzido,Publisher Ads.txt,"dauup.com, 39117, DIRECT",dauup.com,39117,DIRECT,,False,False,,,
Dauup Authorization,Publishers Seller ID Tracker,Dauup,Publisher,D.J. Lobo,Publisher Ads.txt,"dauup.com, 39118, DIRECT",dauup.com,39118,DIRECT,,False,False,,,
Dauup Authorization,Publishers Seller ID Tracker,Dauup,Publisher,Fancy Force,Publisher Ads.txt,"dauup.com, 39121, DIRECT",dauup.com,39121,DIRECT,,False,False,,,
Dauup Authorization,Publishers Seller ID Tracker,Dauup,Publisher,Etermax,Publisher Ads.txt,"dauup.com, 39122, DIRECT",dauup.com,39122,DIRECT,,False,False,,,
Dauup Authorization,Publishers Seller ID Tracker,Dauup,Publisher,Senspark,Publisher Ads.txt,"dauup.com, 39123, DIRECT",dauup.com,39123,DIRECT,,False,False,,,
Dauup Authorization,Publishers Seller ID Tracker,Dauup,Publisher,FatChicken,Publisher Ads.txt,"dauup.com, 39124, DIRECT",dauup.com,39124,DIRECT,,False,False,,,
Dauup Authorization,Publishers Seller ID Tracker,Dauup,Publisher,Concrete Software,Publisher Ads.txt,"dauup.com, 39126, DIRECT",dauup.com,39126,DIRECT,,False,False,,,
Dauup Authorization,Publishers Seller ID Tracker,Dauup,Publisher,JoyBits,Publisher Ads.txt,"dauup.com, 39127, DIRECT",dauup.com,39127,DIRECT,,False,False,,,
Dauup Authorization,Publishers Seller ID Tracker,Dauup,Publisher,RobTop,Publisher Ads.txt,"dauup.com, 39129, DIRECT",dauup.com,39129,DIRECT,,False,False,,,
Dauup Authorization,Publishers Seller ID Tracker,Dauup,Publisher,Qiiwi Games,Publisher Ads.txt,"dauup.com, 39130, DIRECT",dauup.com,39130,DIRECT,,False,False,,,
Dauup Authorization,Publishers Seller ID Tracker,Dauup,Publisher,Awem,Publisher Ads.txt,"dauup.com, 39132, DIRECT",dauup.com,39132,DIRECT,,False,False,,,
Dauup Authorization,Publishers Seller ID Tracker,Dauup,Publisher,Goxal,Publisher Ads.txt,"dauup.com, 39135, DIRECT",dauup.com,39135,DIRECT,,False,False,,,
Dauup Authorization,Publishers Seller ID Tracker,Dauup,Publisher,Phonato,Publisher Ads.txt,"dauup.com, 39136, DIRECT",dauup.com,39136,DIRECT,,False,False,,,
Dauup Authorization,Publishers Seller ID Tracker,Dauup,Publisher,Adveractive,Publisher Ads.txt,"dauup.com, 39138, DIRECT",dauup.com,39138,DIRECT,,False,False,,,
Dauup Authorization,Publishers Seller ID Tracker,Dauup,Publisher,SolverLabs,Publisher Ads.txt,"dauup.com, 39140, DIRECT",dauup.com,39140,DIRECT,,False,False,,,
Dauup Authorization,Publishers Seller ID Tracker,Dauup,Publisher,TalkU,Publisher Ads.txt,"dauup.com, 39141, DIRECT",dauup.com,39141,DIRECT,,False,False,,,
Dauup Authorization,Publishers Seller ID Tracker,Dauup,Publisher,ABISHKKING,Publisher Ads.txt,"dauup.com, 39142, DIRECT",dauup.com,39142,DIRECT,,False,False,,,
Dauup Authorization,Publishers Seller ID Tracker,Dauup,Publisher,Playlabs,Publisher Ads.txt,"dauup.com, 39144, DIRECT",dauup.com,39144,DIRECT,,False,False,,,
Dauup Authorization,Publishers Seller ID Tracker,Dauup,Publisher,TapBlaze,Publisher Ads.txt,"dauup.com, 39146, DIRECT",dauup.com,39146,DIRECT,,False,False,,,
Dauup Authorization,Publishers Seller ID Tracker,Dauup,Publisher,Bubadu,Publisher Ads.txt,"dauup.com, 39151, DIRECT",dauup.com,39151,DIRECT,,False,False,,,
Dauup Authorization,Publishers Seller ID Tracker,Dauup,Publisher,Ninjafish,Publisher Ads.txt,"dauup.com, 39154, DIRECT",dauup.com,39154,DIRECT,,False,False,,,
Dauup Authorization,Publishers Seller ID Tracker,Dauup,Publisher,iApps And iGames,Publisher Ads.txt,"dauup.com, 39156, DIRECT",dauup.com,39156,DIRECT,,False,False,,,
Dauup Authorization,Publishers Seller ID Tracker,Dauup,Publisher,Five Bits,Publisher Ads.txt,"dauup.com, 39157, DIRECT",dauup.com,39157,DIRECT,,False,False,,,
Dauup Authorization,Publishers Seller ID Tracker,Dauup,Publisher,By Aliens,Publisher Ads.txt,"dauup.com, 39163, DIRECT",dauup.com,39163,DIRECT,,False,False,,,
Dauup Authorization,Publishers Seller ID Tracker,Dauup,Publisher,Ovilex Software,Publisher Ads.txt,"dauup.com, 39168, DIRECT",dauup.com,39168,DIRECT,,False,False,,,
Dauup Authorization,Publishers Seller ID Tracker,Dauup,Publisher,Imgbase,Publisher Ads.txt,"dauup.com, 39170, DIRECT",dauup.com,39170,DIRECT,,False,False,,,
Dauup Authorization,Publishers Seller ID Tracker,Dauup,Publisher,Spunge Games,Publisher Ads.txt,"dauup.com, 39172, DIRECT",dauup.com,39172,DIRECT,,False,False,,,
Dauup Authorization,Publishers Seller ID Tracker,Dauup,Publisher,HyperBeard,Publisher Ads.txt,"dauup.com, 39174, DIRECT",dauup.com,39174,DIRECT,,False,False,,,
Dauup Authorization,Publishers Seller ID Tracker,Dauup,Publisher,Kakarod,Publisher Ads.txt,"dauup.com, 39180, DIRECT",dauup.com,39180,DIRECT,,False,False,,,
Dauup Authorization,Publishers Seller ID Tracker,Dauup,Publisher,Dreamplay Games,Publisher Ads.txt,"dauup.com, 39181, DIRECT",dauup.com,39181,DIRECT,,False,False,,,
Dauup Authorization,Publishers Seller ID Tracker,Dauup,Publisher,Wildcard Games,Publisher Ads.txt,"dauup.com, 39182, DIRECT",dauup.com,39182,DIRECT,,False,False,,,
Dauup Authorization,Publishers Seller ID Tracker,Dauup,Publisher,Playgendary,Publisher Ads.txt,"dauup.com, 39183, DIRECT",dauup.com,39183,DIRECT,,False,False,,,
Dauup Authorization,Publishers Seller ID Tracker,Dauup,Publisher,AE Mobile,Publisher Ads.txt,"dauup.com, 39184, DIRECT",dauup.com,39184,DIRECT,,False,False,,,
Dauup Authorization,Publishers Seller ID Tracker,Dauup,Publisher,North Sky Games,Publisher Ads.txt,"dauup.com, 39185, DIRECT",dauup.com,39185,DIRECT,,False,False,,,
Dauup Authorization,Publishers Seller ID Tracker,Dauup,Publisher,Vizor,Publisher Ads.txt,"dauup.com, 39188, DIRECT",dauup.com,39188,DIRECT,,False,False,,,
Dauup Authorization,Publishers Seller ID Tracker,Dauup,Publisher,Pinkfong,Publisher Ads.txt,"dauup.com, 39190, DIRECT",dauup.com,39190,DIRECT,,False,False,,,
Dauup Authorization,Publishers Seller ID Tracker,Dauup,Publisher,Tellurion,Publisher Ads.txt,"dauup.com, 39194, DIRECT",dauup.com,39194,DIRECT,,False,False,,,
Dauup Authorization,Publishers Seller ID Tracker,Dauup,Publisher,TikGames,Publisher Ads.txt,"dauup.com, 39195, DIRECT",dauup.com,39195,DIRECT,,False,False,,,
Dauup Authorization,Publishers Seller ID Tracker,Dauup,Publisher,Kayen Works,Publisher Ads.txt,"dauup.com, 39197, DIRECT",dauup.com,39197,DIRECT,,False,False,,,
Dauup Authorization,Publishers Seller ID Tracker,Dauup,Publisher,Not Doppler,Publisher Ads.txt,"dauup.com, 39198, DIRECT",dauup.com,39198,DIRECT,,False,False,,,
Dauup Authorization,Publishers Seller ID Tracker,Dauup,Publisher,Stingray,Publisher Ads.txt,"dauup.com, 39199, DIRECT",dauup.com,39199,DIRECT,,False,False,,,
Dauup Authorization,Publishers Seller ID Tracker,Dauup,Publisher,OneSoft,Publisher Ads.txt,"dauup.com, 39200, DIRECT",dauup.com,39200,DIRECT,,False,False,,,
Dauup Authorization,Publishers Seller ID Tracker,Dauup,Publisher,Tap Slots,Publisher Ads.txt,"dauup.com, 39204, DIRECT",dauup.com,39204,DIRECT,,False,False,,,
Dauup Authorization,Publishers Seller ID Tracker,Dauup,Publisher,Tastypill,Publisher Ads.txt,"dauup.com, 39209, DIRECT",dauup.com,39209,DIRECT,,False,False,,,
Dauup Authorization,Publishers Seller ID Tracker,Dauup,Publisher,MadOut Games,Publisher Ads.txt,"dauup.com, 39210, DIRECT",dauup.com,39210,DIRECT,,False,False,,,
Dauup Authorization,Publishers Seller ID Tracker,Dauup,Publisher,PlaySide,Publisher Ads.txt,"dauup.com, 39213, DIRECT",dauup.com,39213,DIRECT,,False,False,,,
Dauup Authorization,Publishers Seller ID Tracker,Dauup,Publisher,cabagomez.,Publisher Ads.txt,"dauup.com, 39216, DIRECT",dauup.com,39216,DIRECT,,False,False,,,
Dauup Authorization,Publishers Seller ID Tracker,Dauup,Publisher,PlayDog,Publisher Ads.txt,"dauup.com, 39218, DIRECT",dauup.com,39218,DIRECT,,False,False,,,
Dauup Authorization,Publishers Seller ID Tracker,Dauup,Publisher,Pedro Gomes,Publisher Ads.txt,"dauup.com, 39219, DIRECT",dauup.com,39219,DIRECT,,False,False,,,
Dauup Authorization,Publishers Seller ID Tracker,Dauup,Publisher,Peaksel,Publisher Ads.txt,"dauup.com, 39220, DIRECT",dauup.com,39220,DIRECT,,False,False,,,
Dauup Authorization,Publishers Seller ID Tracker,Dauup,Publisher,GRAND CHANNEL,Publisher Ads.txt,"dauup.com, 39222, DIRECT",dauup.com,39222,DIRECT,,False,False,,,
Dauup Authorization,Publishers Seller ID Tracker,Dauup,Publisher,Volkraft,Publisher Ads.txt,"dauup.com, 39223, DIRECT",dauup.com,39223,DIRECT,,False,False,,,
Dauup Authorization,Publishers Seller ID Tracker,Dauup,Publisher,Metamoki,Publisher Ads.txt,"dauup.com, 39224, DIRECT",dauup.com,39224,DIRECT,,False,False,,,
Dauup Authorization,Publishers Seller ID Tracker,Dauup,Publisher,Noodle Games,Publisher Ads.txt,"dauup.com, 39227, DIRECT",dauup.com,39227,DIRECT,,False,False,,,
Dauup Authorization,Publishers Seller ID Tracker,Dauup,Publisher,High Score Hero,Publisher Ads.txt,"dauup.com, 39229, DIRECT",dauup.com,39229,DIRECT,,False,False,,,
Dauup Authorization,Publishers Seller ID Tracker,Dauup,Publisher,Ahoy Games,Publisher Ads.txt,"dauup.com, 39230, DIRECT",dauup.com,39230,DIRECT,,False,False,,,
Dauup Authorization,Publishers Seller ID Tracker,Dauup,Publisher,Homa,Publisher Ads.txt,"dauup.com, 39235, DIRECT",dauup.com,39235,DIRECT,,False,False,,,
Dauup Authorization,Publishers Seller ID Tracker,Dauup,Publisher,Keplerians,Publisher Ads.txt,"dauup.com, 39236, DIRECT",dauup.com,39236,DIRECT,,False,False,,,
Dauup Authorization,Publishers Seller ID Tracker,Dauup,Publisher,Bigdog Games,Publisher Ads.txt,"dauup.com, 39237, DIRECT",dauup.com,39237,DIRECT,,False,False,,,
Dauup Authorization,Publishers Seller ID Tracker,Dauup,Publisher,Fourdesire,Publisher Ads.txt,"dauup.com, 39239, DIRECT",dauup.com,39239,DIRECT,,False,False,,,
Dauup Authorization,Publishers Seller ID Tracker,Dauup,Publisher,UIL Media,Publisher Ads.txt,"dauup.com, 39240, DIRECT",dauup.com,39240,DIRECT,,False,False,,,
Dauup Authorization,Publishers Seller ID Tracker,Dauup,Publisher,ME2ON,Publisher Ads.txt,"dauup.com, 39241, DIRECT",dauup.com,39241,DIRECT,,False,False,,,
Dauup Authorization,Publishers Seller ID Tracker,Dauup,Publisher,Madbox,Publisher Ads.txt,"dauup.com, 39243, DIRECT",dauup.com,39243,DIRECT,,False,False,,,
Dauup Authorization,Publishers Seller ID Tracker,Dauup,Publisher,BroadbandTV,Publisher Ads.txt,"dauup.com, 39246, DIRECT",dauup.com,39246,DIRECT,,False,False,,,
Dauup Authorization,Publishers Seller ID Tracker,Dauup,Publisher,Flippfly,Publisher Ads.txt,"dauup.com, 39250, DIRECT",dauup.com,39250,DIRECT,,False,False,,,
Dauup Authorization,Publishers Seller ID Tracker,Dauup,Publisher,Staple Games,Publisher Ads.txt,"dauup.com, 39251, DIRECT",dauup.com,39251,DIRECT,,False,False,,,
Dauup Authorization,Publishers Seller ID Tracker,Dauup,Publisher,Tummy Games,Publisher Ads.txt,"dauup.com, 39253, DIRECT",dauup.com,39253,DIRECT,,False,False,,,
Dauup Authorization,Publishers Seller ID Tracker,Dauup,Publisher,SayGames,Publisher Ads.txt,"dauup.com, 39254, DIRECT",dauup.com,39254,DIRECT,,False,False,,,
Dauup Authorization,Publishers Seller ID Tracker,Dauup,Publisher,MalyaWka,Publisher Ads.txt,"dauup.com, 39255, DIRECT",dauup.com,39255,DIRECT,,False,False,,,
Dauup Authorization,Publishers Seller ID Tracker,Dauup,Publisher,Mattel163,Publisher Ads.txt,"dauup.com, 39256, DIRECT",dauup.com,39256,DIRECT,,False,False,,,
Dauup Authorization,Publishers Seller ID Tracker,Dauup,Publisher,My Town,Publisher Ads.txt,"dauup.com, 39257, DIRECT",dauup.com,39257,DIRECT,,False,False,,,
Dauup Authorization,Publishers Seller ID Tracker,Dauup,Publisher,Octopus Games LLC,Publisher Ads.txt,"dauup.com, 39259, DIRECT",dauup.com,39259,DIRECT,,False,False,,,
Dauup Authorization,Publishers Seller ID Tracker,Dauup,Publisher,DragonPlus,Publisher Ads.txt,"dauup.com, 39260, DIRECT",dauup.com,39260,DIRECT,,False,False,,,
Dauup Authorization,Publishers Seller ID Tracker,Dauup,Publisher,Quiet Games,Publisher Ads.txt,"dauup.com, 39261, DIRECT",dauup.com,39261,DIRECT,,False,False,,,
Dauup Authorization,Publishers Seller ID Tracker,Dauup,Publisher,Appsulove,Publisher Ads.txt,"dauup.com, 39262, DIRECT",dauup.com,39262,DIRECT,,False,False,,,
Dauup Authorization,Publishers Seller ID Tracker,Dauup,Publisher,CookApps,Publisher Ads.txt,"dauup.com, 39263, DIRECT",dauup.com,39263,DIRECT,,False,False,,,
Dauup Authorization,Publishers Seller ID Tracker,Dauup,Publisher,UPWAKE.ME,Publisher Ads.txt,"dauup.com, 39264, DIRECT",dauup.com,39264,DIRECT,,False,False,,,
Dauup Authorization,Publishers Seller ID Tracker,Dauup,Publisher,TapNation,Publisher Ads.txt,"dauup.com, 39265, DIRECT",dauup.com,39265,DIRECT,,False,False,,,
Dauup Authorization,Publishers Seller ID Tracker,Dauup,Publisher,Dramaton,Publisher Ads.txt,"dauup.com, 39266, DIRECT",dauup.com,39266,DIRECT,,False,False,,,
Dauup Authorization,Publishers Seller ID Tracker,Dauup,Publisher,Kooapps,Publisher Ads.txt,"dauup.com, 39267, DIRECT",dauup.com,39267,DIRECT,,False,False,,,
Dauup Authorization,Publishers Seller ID Tracker,Dauup,Publisher,Dual Cat,Publisher Ads.txt,"dauup.com, 39269, DIRECT",dauup.com,39269,DIRECT,,False,False,,,
Dauup Authorization,Publishers Seller ID Tracker,Dauup,Publisher,Monkey IBrow,Publisher Ads.txt,"dauup.com, 39270, DIRECT",dauup.com,39270,DIRECT,,False,False,,,
Dauup Authorization,Publishers Seller ID Tracker,Dauup,Publisher,Moonee,Publisher Ads.txt,"dauup.com, 39272, DIRECT",dauup.com,39272,DIRECT,,False,False,,,
Dauup Authorization,Publishers Seller ID Tracker,Dauup,Publisher,Jibi Cat,Publisher Ads.txt,"dauup.com, 39273, DIRECT",dauup.com,39273,DIRECT,,False,False,,,
Dauup Authorization,Publishers Seller ID Tracker,Dauup,Publisher,Adaric Music,Publisher Ads.txt,"dauup.com, 39274, DIRECT",dauup.com,39274,DIRECT,,False,False,,,
Dauup Authorization,Publishers Seller ID Tracker,Dauup,Publisher,SEEYA,Publisher Ads.txt,"dauup.com, 39275, DIRECT",dauup.com,39275,DIRECT,,False,False,,,
Dauup Authorization,Publishers Seller ID Tracker,Dauup,Publisher,STAR READING,Publisher Ads.txt,"dauup.com, 39276, DIRECT",dauup.com,39276,DIRECT,,False,False,,,
Dauup Authorization,Publishers Seller ID Tracker,Dauup,Publisher,YoYo Dress Games,Publisher Ads.txt,"dauup.com, 39277, DIRECT",dauup.com,39277,DIRECT,,False,False,,,
Dauup Authorization,Publishers Seller ID Tracker,Dauup,Publisher,Supercent,Publisher Ads.txt,"dauup.com, 39278, DIRECT",dauup.com,39278,DIRECT,,False,False,,,
Dauup Authorization,Publishers Seller ID Tracker,Dauup,Publisher,TMSOFT,Publisher Ads.txt,"dauup.com, 39282, DIRECT",dauup.com,39282,DIRECT,,False,False,,,
Dauup Authorization,Publishers Seller ID Tracker,Dauup,Publisher,Optime Software,Publisher Ads.txt,"dauup.com, 39283, DIRECT",dauup.com,39283,DIRECT,,False,False,,,
Dauup Authorization,Publishers Seller ID Tracker,Dauup,Publisher,Ookla,Publisher Ads.txt,"dauup.com, 39287, DIRECT",dauup.com,39287,DIRECT,,False,False,,,
Dauup Authorization,Publishers Seller ID Tracker,Dauup,Publisher,Savy Soda,Publisher Ads.txt,"dauup.com, 39288, DIRECT",dauup.com,39288,DIRECT,,False,False,,,
Dauup Authorization,Publishers Seller ID Tracker,Dauup,Publisher,Mapway,Publisher Ads.txt,"dauup.com, 39297, DIRECT",dauup.com,39297,DIRECT,,False,False,,,
Dauup Authorization,Publishers Seller ID Tracker,Dauup,Publisher,TapTapBoom,Publisher Ads.txt,"dauup.com, 39319, DIRECT",dauup.com,39319,DIRECT,,False,False,,,
Dauup Authorization,Publishers Seller ID Tracker,Dauup,Publisher,Knuddels,Publisher Ads.txt,"dauup.com, 39323, DIRECT",dauup.com,39323,DIRECT,,False,False,,,
Dauup Authorization,Publishers Seller ID Tracker,Dauup,Publisher,Kristanix,Publisher Ads.txt,"dauup.com, 39325, DIRECT",dauup.com,39325,DIRECT,,False,False,,,
Dauup Authorization,Publishers Seller ID Tracker,Dauup,Publisher,byss mobile,Publisher Ads.txt,"dauup.com, 39331, DIRECT",dauup.com,39331,DIRECT,,False,False,,,
Dauup Authorization,Publishers Seller ID Tracker,Dauup,Publisher,Impala Studios,Publisher Ads.txt,"dauup.com, 39340, DIRECT",dauup.com,39340,DIRECT,,False,False,,,
Dauup Authorization,Publishers Seller ID Tracker,Dauup,Publisher,FlightView,Publisher Ads.txt,"dauup.com, 39342, DIRECT",dauup.com,39342,DIRECT,,False,False,,,
Dauup Authorization,Publishers Seller ID Tracker,Dauup,Publisher,ComcSoft,Publisher Ads.txt,"dauup.com, 39349, DIRECT",dauup.com,39349,DIRECT,,False,False,,,
Dauup Authorization,Publishers Seller ID Tracker,Dauup,Publisher,Kramer Concepts,Publisher Ads.txt,"dauup.com, 39350, DIRECT",dauup.com,39350,DIRECT,,False,False,,,
Dauup Authorization,Publishers Seller ID Tracker,Dauup,Publisher,RV AppStudios,Publisher Ads.txt,"dauup.com, 39362, DIRECT",dauup.com,39362,DIRECT,,False,False,,,
Dauup Authorization,Publishers Seller ID Tracker,Dauup,Publisher,Luno Software,Publisher Ads.txt,"dauup.com, 39364, DIRECT",dauup.com,39364,DIRECT,,False,False,,,
Dauup Authorization,Publishers Seller ID Tracker,Dauup,Publisher,A4A Network,Publisher Ads.txt,"dauup.com, 39368, DIRECT",dauup.com,39368,DIRECT,,False,False,,,
Dauup Authorization,Publishers Seller ID Tracker,Dauup,Publisher,IFUNPLAY,Publisher Ads.txt,"dauup.com, 39374, DIRECT",dauup.com,39374,DIRECT,,False,False,,,
Dauup Authorization,Publishers Seller ID Tracker,Dauup,Publisher,CalorieKing,Publisher Ads.txt,"dauup.com, 39375, DIRECT",dauup.com,39375,DIRECT,,False,False,,,
Dauup Authorization,Publishers Seller ID Tracker,Dauup,Publisher,Creative Mobile,Publisher Ads.txt,"dauup.com, 39386, DIRECT",dauup.com,39386,DIRECT,,False,False,,,
Dauup Authorization,Publishers Seller ID Tracker,Dauup,Publisher,FotMob,Publisher Ads.txt,"dauup.com, 39394, DIRECT",dauup.com,39394,DIRECT,,False,False,,,
Dauup Authorization,Publishers Seller ID Tracker,Dauup,Publisher,dogMelon,Publisher Ads.txt,"dauup.com, 39395, DIRECT",dauup.com,39395,DIRECT,,False,False,,,
Dauup Authorization,Publishers Seller ID Tracker,Dauup,Publisher,Rego apps,Publisher Ads.txt,"dauup.com, 39402, DIRECT",dauup.com,39402,DIRECT,,False,False,,,
Dauup Authorization,Publishers Seller ID Tracker,Dauup,Publisher,Focused Apps,Publisher Ads.txt,"dauup.com, 39411, DIRECT",dauup.com,39411,DIRECT,,False,False,,,
Dauup Authorization,Publishers Seller ID Tracker,Dauup,Publisher,Appgeneration,Publisher Ads.txt,"dauup.com, 39419, DIRECT",dauup.com,39419,DIRECT,,False,False,,,
Dauup Authorization,Publishers Seller ID Tracker,Dauup,Publisher,Adikus,Publisher Ads.txt,"dauup.com, 39434, DIRECT",dauup.com,39434,DIRECT,,False,False,,,
Dauup Authorization,Publishers Seller ID Tracker,Dauup,Publisher,jRuston Apps,Publisher Ads.txt,"dauup.com, 39439, DIRECT",dauup.com,39439,DIRECT,,False,False,,,
Dauup Authorization,Publishers Seller ID Tracker,Dauup,Publisher,ODD Games,Publisher Ads.txt,"dauup.com, 39446, DIRECT",dauup.com,39446,DIRECT,,False,False,,,
Dauup Authorization,Publishers Seller ID Tracker,Dauup,Publisher,Digitalchemy,Publisher Ads.txt,"dauup.com, 39452, DIRECT",dauup.com,39452,DIRECT,,False,False,,,
Dauup Authorization,Publishers Seller ID Tracker,Dauup,Publisher,Astontek,Publisher Ads.txt,"dauup.com, 39457, DIRECT",dauup.com,39457,DIRECT,,False,False,,,
Dauup Authorization,Publishers Seller ID Tracker,Dauup,Publisher,Glowing Eye Games,Publisher Ads.txt,"dauup.com, 39459, DIRECT",dauup.com,39459,DIRECT,,False,False,,,
Dauup Authorization,Publishers Seller ID Tracker,Dauup,Publisher,LOTUM,Publisher Ads.txt,"dauup.com, 39461, DIRECT",dauup.com,39461,DIRECT,,False,False,,,
Dauup Authorization,Publishers Seller ID Tracker,Dauup,Publisher,OP.GG,Publisher Ads.txt,"dauup.com, 39468, DIRECT",dauup.com,39468,DIRECT,,False,False,,,
Dauup Authorization,Publishers Seller ID Tracker,Dauup,Publisher,Ask.fm,Publisher Ads.txt,"dauup.com, 39480, DIRECT",dauup.com,39480,DIRECT,,False,False,,,
Dauup Authorization,Publishers Seller ID Tracker,Dauup,Publisher,SUD,Publisher Ads.txt,"dauup.com, 39482, DIRECT",dauup.com,39482,DIRECT,,False,False,,,
Dauup Authorization,Publishers Seller ID Tracker,Dauup,Publisher,Megajogos,Publisher Ads.txt,"dauup.com, 39485, DIRECT",dauup.com,39485,DIRECT,,False,False,,,
Dauup Authorization,Publishers Seller ID Tracker,Dauup,Publisher,Online Pianist,Publisher Ads.txt,"dauup.com, 39486, DIRECT",dauup.com,39486,DIRECT,,False,False,,,
Dauup Authorization,Publishers Seller ID Tracker,Dauup,Publisher,CarX Technologies,Publisher Ads.txt,"dauup.com, 39488, DIRECT",dauup.com,39488,DIRECT,,False,False,,,
Dauup Authorization,Publishers Seller ID Tracker,Dauup,Publisher,ThinkCube Inc,Publisher Ads.txt,"dauup.com, 39491, DIRECT",dauup.com,39491,DIRECT,,False,False,,,
Dauup Authorization,Publishers Seller ID Tracker,Dauup,Publisher,Poptacular,Publisher Ads.txt,"dauup.com, 39492, DIRECT",dauup.com,39492,DIRECT,,False,False,,,
Dauup Authorization,Publishers Seller ID Tracker,Dauup,Publisher,Pocket Gems,Publisher Ads.txt,"dauup.com, 39493, DIRECT",dauup.com,39493,DIRECT,,False,False,,,
Dauup Authorization,Publishers Seller ID Tracker,Dauup,Publisher,Paul Lipnyagov,Publisher Ads.txt,"dauup.com, 39497, DIRECT",dauup.com,39497,DIRECT,,False,False,,,
Dauup Authorization,Publishers Seller ID Tracker,Dauup,Publisher,Lulo Apps,Publisher Ads.txt,"dauup.com, 39499, DIRECT",dauup.com,39499,DIRECT,,False,False,,,
Dauup Authorization,Publishers Seller ID Tracker,Dauup,Publisher,Fanatee,Publisher Ads.txt,"dauup.com, 39504, DIRECT",dauup.com,39504,DIRECT,,False,False,,,
Dauup Authorization,Publishers Seller ID Tracker,Dauup,Publisher,MAG Interactive,Publisher Ads.txt,"dauup.com, 39511, DIRECT",dauup.com,39511,DIRECT,,False,False,,,
Dauup Authorization,Publishers Seller ID Tracker,Dauup,Publisher,MDickie,Publisher Ads.txt,"dauup.com, 39513, DIRECT",dauup.com,39513,DIRECT,,False,False,,,
Dauup Authorization,Publishers Seller ID Tracker,Dauup,Publisher,Deemedya,Publisher Ads.txt,"dauup.com, 39517, DIRECT",dauup.com,39517,DIRECT,,False,False,,,
Dauup Authorization,Publishers Seller ID Tracker,Dauup,Publisher,Breitbart,Publisher Ads.txt,"dauup.com, 39518, DIRECT",dauup.com,39518,DIRECT,,False,False,,,
Dauup Authorization,Publishers Seller ID Tracker,Dauup,Publisher,Foranj,Publisher Ads.txt,"dauup.com, 39520, DIRECT",dauup.com,39520,DIRECT,,False,False,,,
Dauup Authorization,Publishers Seller ID Tracker,Dauup,Publisher,Pretty Simple,Publisher Ads.txt,"dauup.com, 39524, DIRECT",dauup.com,39524,DIRECT,,False,False,,,
Dauup Authorization,Publishers Seller ID Tracker,Dauup,Publisher,DoubleTap Software,Publisher Ads.txt,"dauup.com, 39525, DIRECT",dauup.com,39525,DIRECT,,False,False,,,
Dauup Authorization,Publishers Seller ID Tracker,Dauup,Publisher,Havos,Publisher Ads.txt,"dauup.com, 39528, DIRECT",dauup.com,39528,DIRECT,,False,False,,,
Dauup Authorization,Publishers Seller ID Tracker,Dauup,Publisher,Jade Lizard Software,Publisher Ads.txt,"dauup.com, 39532, DIRECT",dauup.com,39532,DIRECT,,False,False,,,
Dauup Authorization,Publishers Seller ID Tracker,Dauup,Publisher,22Cans,Publisher Ads.txt,"dauup.com, 39537, DIRECT",dauup.com,39537,DIRECT,,False,False,,,
Dauup Authorization,Publishers Seller ID Tracker,Dauup,Publisher,Laser Dog,Publisher Ads.txt,"dauup.com, 39538, DIRECT",dauup.com,39538,DIRECT,,False,False,,,
Dauup Authorization,Publishers Seller ID Tracker,Dauup,Publisher,Gear Games,Publisher Ads.txt,"dauup.com, 39546, DIRECT",dauup.com,39546,DIRECT,,False,False,,,
Dauup Authorization,Publishers Seller ID Tracker,Dauup,Publisher,Mahjong Brain Games,Publisher Ads.txt,"dauup.com, 39547, DIRECT",dauup.com,39547,DIRECT,,False,False,,,
Dauup Authorization,Publishers Seller ID Tracker,Dauup,Publisher,DonkeySoft,Publisher Ads.txt,"dauup.com, 39549, DIRECT",dauup.com,39549,DIRECT,,False,False,,,
Dauup Authorization,Publishers Seller ID Tracker,Dauup,Publisher,Monkey Taps,Publisher Ads.txt,"dauup.com, 39552, DIRECT",dauup.com,39552,DIRECT,,False,False,,,
Dauup Authorization,Publishers Seller ID Tracker,Dauup,Publisher,Pocket Princess,Publisher Ads.txt,"dauup.com, 39555, DIRECT",dauup.com,39555,DIRECT,,False,False,,,
Dauup Authorization,Publishers Seller ID Tracker,Dauup,Publisher,Vector Unit,Publisher Ads.txt,"dauup.com, 39556, DIRECT",dauup.com,39556,DIRECT,,False,False,,,
Dauup Authorization,Publishers Seller ID Tracker,Dauup,Publisher,Redvel Sports Games,Publisher Ads.txt,"dauup.com, 39557, DIRECT",dauup.com,39557,DIRECT,,False,False,,,
Dauup Authorization,Publishers Seller ID Tracker,Dauup,Publisher,3D Tuning,Publisher Ads.txt,"dauup.com, 39562, DIRECT",dauup.com,39562,DIRECT,,False,False,,,
Dauup Authorization,Publishers Seller ID Tracker,Dauup,Publisher,General Adaptive Apps,Publisher Ads.txt,"dauup.com, 39567, DIRECT",dauup.com,39567,DIRECT,,False,False,,,
Dauup Authorization,Publishers Seller ID Tracker,Dauup,Publisher,Set Snail,Publisher Ads.txt,"dauup.com, 39568, DIRECT",dauup.com,39568,DIRECT,,False,False,,,
Dauup Authorization,Publishers Seller ID Tracker,Dauup,Publisher,VGFIT,Publisher Ads.txt,"dauup.com, 39569, DIRECT",dauup.com,39569,DIRECT,,False,False,,,
Dauup Authorization,Publishers Seller ID Tracker,Dauup,Publisher,Hyper Hippo,Publisher Ads.txt,"dauup.com, 39579, DIRECT",dauup.com,39579,DIRECT,,False,False,,,
Dauup Authorization,Publishers Seller ID Tracker,Dauup,Publisher,Razzle Puzzles,Publisher Ads.txt,"dauup.com, 39580, DIRECT",dauup.com,39580,DIRECT,,False,False,,,
Dauup Authorization,Publishers Seller ID Tracker,Dauup,Publisher,SkisoSoft,Publisher Ads.txt,"dauup.com, 39583, DIRECT",dauup.com,39583,DIRECT,,False,False,,,
Dauup Authorization,Publishers Seller ID Tracker,Dauup,Publisher,Aplicativos Legais,Publisher Ads.txt,"dauup.com, 39585, DIRECT",dauup.com,39585,DIRECT,,False,False,,,
Dauup Authorization,Publishers Seller ID Tracker,Dauup,Publisher,Kdan,Publisher Ads.txt,"dauup.com, 39592, DIRECT",dauup.com,39592,DIRECT,,False,False,,,
Dauup Authorization,Publishers Seller ID Tracker,Dauup,Publisher,RadioFM,Publisher Ads.txt,"dauup.com, 39597, DIRECT",dauup.com,39597,DIRECT,,False,False,,,
Dauup Authorization,Publishers Seller ID Tracker,Dauup,Publisher,KBJ Games,Publisher Ads.txt,"dauup.com, 39599, DIRECT",dauup.com,39599,DIRECT,,False,False,,,
Dauup Authorization,Publishers Seller ID Tracker,Dauup,Publisher,BigWig,Publisher Ads.txt,"dauup.com, 39603, DIRECT",dauup.com,39603,DIRECT,,False,False,,,
Dauup Authorization,Publishers Seller ID Tracker,Dauup,Publisher,Max Games,Publisher Ads.txt,"dauup.com, 39604, DIRECT",dauup.com,39604,DIRECT,,False,False,,,
Dauup Authorization,Publishers Seller ID Tracker,Dauup,Publisher,Degoo Backup,Publisher Ads.txt,"dauup.com, 39610, DIRECT",dauup.com,39610,DIRECT,,False,False,,,
Dauup Authorization,Publishers Seller ID Tracker,Dauup,Publisher,Podbean,Publisher Ads.txt,"dauup.com, 39612, DIRECT",dauup.com,39612,DIRECT,,False,False,,,
Dauup Authorization,Publishers Seller ID Tracker,Dauup,Publisher,MobiSystems,Publisher Ads.txt,"dauup.com, 39617, DIRECT",dauup.com,39617,DIRECT,,False,False,,,
Dauup Authorization,Publishers Seller ID Tracker,Dauup,Publisher,Orbital Nine,Publisher Ads.txt,"dauup.com, 39622, DIRECT",dauup.com,39622,DIRECT,,False,False,,,
Dauup Authorization,Publishers Seller ID Tracker,Dauup,Publisher,Rabbit Mountain,Publisher Ads.txt,"dauup.com, 39624, DIRECT",dauup.com,39624,DIRECT,,False,False,,,
Dauup Authorization,Publishers Seller ID Tracker,Dauup,Publisher,Arkadium,Publisher Ads.txt,"dauup.com, 39625, DIRECT",dauup.com,39625,DIRECT,,False,False,,,
Dauup Authorization,Publishers Seller ID Tracker,Dauup,Publisher,2pensmedia,Publisher Ads.txt,"dauup.com, 39630, DIRECT",dauup.com,39630,DIRECT,,False,False,,,
Dauup Authorization,Publishers Seller ID Tracker,Dauup,Publisher,rarepixels,Publisher Ads.txt,"dauup.com, 39632, DIRECT",dauup.com,39632,DIRECT,,False,False,,,
Dauup Authorization,Publishers Seller ID Tracker,Dauup,Publisher,Kinkajoo,Publisher Ads.txt,"dauup.com, 39633, DIRECT",dauup.com,39633,DIRECT,,False,False,,,
Dauup Authorization,Publishers Seller ID Tracker,Dauup,Publisher,LR Studios,Publisher Ads.txt,"dauup.com, 39637, DIRECT",dauup.com,39637,DIRECT,,False,False,,,
Dauup Authorization,Publishers Seller ID Tracker,Dauup,Publisher,SimpleInnovation,Publisher Ads.txt,"dauup.com, 39639, DIRECT",dauup.com,39639,DIRECT,,False,False,,,
Dauup Authorization,Publishers Seller ID Tracker,Dauup,Publisher,Ascella Mobile Inc,Publisher Ads.txt,"dauup.com, 39643, DIRECT",dauup.com,39643,DIRECT,,False,False,,,
Dauup Authorization,Publishers Seller ID Tracker,Dauup,Publisher,Firecracker software,Publisher Ads.txt,"dauup.com, 39645, DIRECT",dauup.com,39645,DIRECT,,False,False,,,
Dauup Authorization,Publishers Seller ID Tracker,Dauup,Publisher,MotionVolt,Publisher Ads.txt,"dauup.com, 39647, DIRECT",dauup.com,39647,DIRECT,,False,False,,,
Dauup Authorization,Publishers Seller ID Tracker,Dauup,Publisher,Featherweight,Publisher Ads.txt,"dauup.com, 39649, DIRECT",dauup.com,39649,DIRECT,,False,False,,,
Dauup Authorization,Publishers Seller ID Tracker,Dauup,Publisher,AveCreation,Publisher Ads.txt,"dauup.com, 39657, DIRECT",dauup.com,39657,DIRECT,,False,False,,,
Dauup Authorization,Publishers Seller ID Tracker,Dauup,Publisher,Vipera Games,Publisher Ads.txt,"dauup.com, 39660, DIRECT",dauup.com,39660,DIRECT,,False,False,,,
Dauup Authorization,Publishers Seller ID Tracker,Dauup,Publisher,Mariya Ivanova,Publisher Ads.txt,"dauup.com, 39661, DIRECT",dauup.com,39661,DIRECT,,False,False,,,
Dauup Authorization,Publishers Seller ID Tracker,Dauup,Publisher,Simplicial Software,Publisher Ads.txt,"dauup.com, 39663, DIRECT",dauup.com,39663,DIRECT,,False,False,,,
Dauup Authorization,Publishers Seller ID Tracker,Dauup,Publisher,RBT Digital,Publisher Ads.txt,"dauup.com, 39671, DIRECT",dauup.com,39671,DIRECT,,False,False,,,
Dauup Authorization,Publishers Seller ID Tracker,Dauup,Publisher,Zut Games,Publisher Ads.txt,"dauup.com, 39673, DIRECT",dauup.com,39673,DIRECT,,False,False,,,
Dauup Authorization,Publishers Seller ID Tracker,Dauup,Publisher,TwoDoor Games,Publisher Ads.txt,"dauup.com, 39676, DIRECT",dauup.com,39676,DIRECT,,False,False,,,
Dauup Authorization,Publishers Seller ID Tracker,Dauup,Publisher,IRONTECH,Publisher Ads.txt,"dauup.com, 39677, DIRECT",dauup.com,39677,DIRECT,,False,False,,,
Dauup Authorization,Publishers Seller ID Tracker,Dauup,Publisher,Zedge,Publisher Ads.txt,"dauup.com, 39678, DIRECT",dauup.com,39678,DIRECT,,False,False,,,
Dauup Authorization,Publishers Seller ID Tracker,Dauup,Publisher,Mobirix,Publisher Ads.txt,"dauup.com, 39683, DIRECT",dauup.com,39683,DIRECT,,False,False,,,
Dauup Authorization,Publishers Seller ID Tracker,Dauup,Publisher,PocApp,Publisher Ads.txt,"dauup.com, 39684, DIRECT",dauup.com,39684,DIRECT,,False,False,,,
Dauup Authorization,Publishers Seller ID Tracker,Dauup,Publisher,HandyGames,Publisher Ads.txt,"dauup.com, 39694, DIRECT",dauup.com,39694,DIRECT,,False,False,,,
Dauup Authorization,Publishers Seller ID Tracker,Dauup,Publisher,LittleBigSnake,Publisher Ads.txt,"dauup.com, 39695, DIRECT",dauup.com,39695,DIRECT,,False,False,,,
Dauup Authorization,Publishers Seller ID Tracker,Dauup,Publisher,TOH Games,Publisher Ads.txt,"dauup.com, 39702, DIRECT",dauup.com,39702,DIRECT,,False,False,,,
Dauup Authorization,Publishers Seller ID Tracker,Dauup,Publisher,Turbo Rocket Games,Publisher Ads.txt,"dauup.com, 39704, DIRECT",dauup.com,39704,DIRECT,,False,False,,,
Dauup Authorization,Publishers Seller ID Tracker,Dauup,Publisher,Cider Software,Publisher Ads.txt,"dauup.com, 39705, DIRECT",dauup.com,39705,DIRECT,,False,False,,,
Dauup Authorization,Publishers Seller ID Tracker,Dauup,Publisher,Bickster Studios,Publisher Ads.txt,"dauup.com, 39707, DIRECT",dauup.com,39707,DIRECT,,False,False,,,
Dauup Authorization,Publishers Seller ID Tracker,Dauup,Publisher,Candivore,Publisher Ads.txt,"dauup.com, 39708, DIRECT",dauup.com,39708,DIRECT,,False,False,,,
Dauup Authorization,Publishers Seller ID Tracker,Dauup,Publisher,VKL,Publisher Ads.txt,"dauup.com, 39709, DIRECT",dauup.com,39709,DIRECT,,False,False,,,
Dauup Authorization,Publishers Seller ID Tracker,Dauup,Publisher,FFFF Studio,Publisher Ads.txt,"dauup.com, 39712, DIRECT",dauup.com,39712,DIRECT,,False,False,,,
Dauup Authorization,Publishers Seller ID Tracker,Dauup,Publisher,Grumpy Rhino Games,Publisher Ads.txt,"dauup.com, 39714, DIRECT",dauup.com,39714,DIRECT,,False,False,,,
Dauup Authorization,Publishers Seller ID Tracker,Dauup,Publisher,Wachanga,Publisher Ads.txt,"dauup.com, 39716, DIRECT",dauup.com,39716,DIRECT,,False,False,,,
Dauup Authorization,Publishers Seller ID Tracker,Dauup,Publisher,Only Games iO,Publisher Ads.txt,"dauup.com, 39717, DIRECT",dauup.com,39717,DIRECT,,False,False,,,
Dauup Authorization,Publishers Seller ID Tracker,Dauup,Publisher,Rabbit Bay Games,Publisher Ads.txt,"dauup.com, 39723, DIRECT",dauup.com,39723,DIRECT,,False,False,,,
Dauup Authorization,Publishers Seller ID Tracker,Dauup,Publisher,Gamma Play,Publisher Ads.txt,"dauup.com, 39725, DIRECT",dauup.com,39725,DIRECT,,False,False,,,
Dauup Authorization,Publishers Seller ID Tracker,Dauup,Publisher,Figuromo,Publisher Ads.txt,"dauup.com, 39727, DIRECT",dauup.com,39727,DIRECT,,False,False,,,
Dauup Authorization,Publishers Seller ID Tracker,Dauup,Publisher,SOZAP,Publisher Ads.txt,"dauup.com, 39728, DIRECT",dauup.com,39728,DIRECT,,False,False,,,
Dauup Authorization,Publishers Seller ID Tracker,Dauup,Publisher,Delight Room,Publisher Ads.txt,"dauup.com, 39729, DIRECT",dauup.com,39729,DIRECT,,False,False,,,
Dauup Authorization,Publishers Seller ID Tracker,Dauup,Publisher,Dorian,Publisher Ads.txt,"dauup.com, 39730, DIRECT",dauup.com,39730,DIRECT,,False,False,,,
Dauup Authorization,Publishers Seller ID Tracker,Dauup,Publisher,App Tower,Publisher Ads.txt,"dauup.com, 39732, DIRECT",dauup.com,39732,DIRECT,,False,False,,,
Dauup Authorization,Publishers Seller ID Tracker,Dauup,Publisher,Fiogonia,Publisher Ads.txt,"dauup.com, 39741, DIRECT",dauup.com,39741,DIRECT,,False,False,,,
Dauup Authorization,Publishers Seller ID Tracker,Dauup,Publisher,Zitga,Publisher Ads.txt,"dauup.com, 39743, DIRECT",dauup.com,39743,DIRECT,,False,False,,,
Dauup Authorization,Publishers Seller ID Tracker,Dauup,Publisher,Atom Games Ent.,Publisher Ads.txt,"dauup.com, 39751, DIRECT",dauup.com,39751,DIRECT,,False,False,,,
Dauup Authorization,Publishers Seller ID Tracker,Dauup,Publisher,Game Veterans,Publisher Ads.txt,"dauup.com, 39752, DIRECT",dauup.com,39752,DIRECT,,False,False,,,
Dauup Authorization,Publishers Seller ID Tracker,Dauup,Publisher,DEVBES OU,Publisher Ads.txt,"dauup.com, 39757, DIRECT",dauup.com,39757,DIRECT,,False,False,,,
Dauup Authorization,Publishers Seller ID Tracker,Dauup,Publisher,Slots Limited,Publisher Ads.txt,"dauup.com, 39758, DIRECT",dauup.com,39758,DIRECT,,False,False,,,
Dauup Authorization,Publishers Seller ID Tracker,Dauup,Publisher,Content Arcade,Publisher Ads.txt,"dauup.com, 39759, DIRECT",dauup.com,39759,DIRECT,,False,False,,,
Dauup Authorization,Publishers Seller ID Tracker,Dauup,Publisher,Gabble Studios,Publisher Ads.txt,"dauup.com, 39760, DIRECT",dauup.com,39760,DIRECT,,False,False,,,
Dauup Authorization,Publishers Seller ID Tracker,Dauup,Publisher,Cleveni,Publisher Ads.txt,"dauup.com, 39761, DIRECT",dauup.com,39761,DIRECT,,False,False,,,
Dauup Authorization,Publishers Seller ID Tracker,Dauup,Publisher,KineMaster,Publisher Ads.txt,"dauup.com, 39763, DIRECT",dauup.com,39763,DIRECT,,False,False,,,
Dauup Authorization,Publishers Seller ID Tracker,Dauup,Publisher,bonbongame,Publisher Ads.txt,"dauup.com, 39766, DIRECT",dauup.com,39766,DIRECT,,False,False,,,
Dauup Authorization,Publishers Seller ID Tracker,Dauup,Publisher,Lootboy,Publisher Ads.txt,"dauup.com, 39772, DIRECT",dauup.com,39772,DIRECT,,False,False,,,
Dauup Authorization,Publishers Seller ID Tracker,Dauup,Publisher,Road Soft,Publisher Ads.txt,"dauup.com, 39773, DIRECT",dauup.com,39773,DIRECT,,False,False,,,
Dauup Authorization,Publishers Seller ID Tracker,Dauup,Publisher,Bluekozmo Software LLC,Publisher Ads.txt,"dauup.com, 39774, DIRECT",dauup.com,39774,DIRECT,,False,False,,,
Dauup Authorization,Publishers Seller ID Tracker,Dauup,Publisher,Glowmonkey,Publisher Ads.txt,"dauup.com, 39775, DIRECT",dauup.com,39775,DIRECT,,False,False,,,
Dauup Authorization,Publishers Seller ID Tracker,Dauup,Publisher,nullapp,Publisher Ads.txt,"dauup.com, 39776, DIRECT",dauup.com,39776,DIRECT,,False,False,,,
Dauup Authorization,Publishers Seller ID Tracker,Dauup,Publisher,Crazy Panda,Publisher Ads.txt,"dauup.com, 39777, DIRECT",dauup.com,39777,DIRECT,,False,False,,,
Dauup Authorization,Publishers Seller ID Tracker,Dauup,Publisher,Amila,Publisher Ads.txt,"dauup.com, 39780, DIRECT",dauup.com,39780,DIRECT,,False,False,,,
Dauup Authorization,Publishers Seller ID Tracker,Dauup,Publisher,TinyBytes,Publisher Ads.txt,"dauup.com, 39784, DIRECT",dauup.com,39784,DIRECT,,False,False,,,
Dauup Authorization,Publishers Seller ID Tracker,Dauup,Publisher,Yovo Games,Publisher Ads.txt,"dauup.com, 39786, DIRECT",dauup.com,39786,DIRECT,,False,False,,,
Dauup Authorization,Publishers Seller ID Tracker,Dauup,Publisher,Mobishape,Publisher Ads.txt,"dauup.com, 39787, DIRECT",dauup.com,39787,DIRECT,,False,False,,,
Dauup Authorization,Publishers Seller ID Tracker,Dauup,Publisher,Riverboat Gambler,Publisher Ads.txt,"dauup.com, 39788, DIRECT",dauup.com,39788,DIRECT,,False,False,,,
Dauup Authorization,Publishers Seller ID Tracker,Dauup,Publisher,IVYMOBILE,Publisher Ads.txt,"dauup.com, 39791, DIRECT",dauup.com,39791,DIRECT,,False,False,,,
Dauup Authorization,Publishers Seller ID Tracker,Dauup,Publisher,0vZ,Publisher Ads.txt,"dauup.com, 39792, DIRECT",dauup.com,39792,DIRECT,,False,False,,,
Dauup Authorization,Publishers Seller ID Tracker,Dauup,Publisher,Overwolf,Publisher Ads.txt,"dauup.com, 39794, DIRECT",dauup.com,39794,DIRECT,,False,False,,,
Dauup Authorization,Publishers Seller ID Tracker,Dauup,Publisher,Better World Games,Publisher Ads.txt,"dauup.com, 39796, DIRECT",dauup.com,39796,DIRECT,,False,False,,,
Dauup Authorization,Publishers Seller ID Tracker,Dauup,Publisher,Gartic,Publisher Ads.txt,"dauup.com, 39797, DIRECT",dauup.com,39797,DIRECT,,False,False,,,
Dauup Authorization,Publishers Seller ID Tracker,Dauup,Publisher,Rappid Studios,Publisher Ads.txt,"dauup.com, 39799, DIRECT",dauup.com,39799,DIRECT,,False,False,,,
Dauup Authorization,Publishers Seller ID Tracker,Dauup,Publisher,Still57,Publisher Ads.txt,"dauup.com, 39804, DIRECT",dauup.com,39804,DIRECT,,False,False,,,
Dauup Authorization,Publishers Seller ID Tracker,Dauup,Publisher,Screaming Games,Publisher Ads.txt,"dauup.com, 39806, DIRECT",dauup.com,39806,DIRECT,,False,False,,,
Dauup Authorization,Publishers Seller ID Tracker,Dauup,Publisher,FIBA,Publisher Ads.txt,"dauup.com, 39812, DIRECT",dauup.com,39812,DIRECT,,False,False,,,
Dauup Authorization,Publishers Seller ID Tracker,Dauup,Publisher,IllusionLabs,Publisher Ads.txt,"dauup.com, 39813, DIRECT",dauup.com,39813,DIRECT,,False,False,,,
Dauup Authorization,Publishers Seller ID Tracker,Dauup,Publisher,Frismos,Publisher Ads.txt,"dauup.com, 39814, DIRECT",dauup.com,39814,DIRECT,,False,False,,,
Dauup Authorization,Publishers Seller ID Tracker,Dauup,Publisher,Oh BiBi socialtainment,Publisher Ads.txt,"dauup.com, 39815, DIRECT",dauup.com,39815,DIRECT,,False,False,,,
Dauup Authorization,Publishers Seller ID Tracker,Dauup,Publisher,Color Switch,Publisher Ads.txt,"dauup.com, 39816, DIRECT",dauup.com,39816,DIRECT,,False,False,,,
Dauup Authorization,Publishers Seller ID Tracker,Dauup,Publisher,Heatherglade,Publisher Ads.txt,"dauup.com, 39817, DIRECT",dauup.com,39817,DIRECT,,False,False,,,
Dauup Authorization,Publishers Seller ID Tracker,Dauup,Publisher,Viker,Publisher Ads.txt,"dauup.com, 39818, DIRECT",dauup.com,39818,DIRECT,,False,False,,,
Dauup Authorization,Publishers Seller ID Tracker,Dauup,Publisher,Dogbyte Games,Publisher Ads.txt,"dauup.com, 39821, DIRECT",dauup.com,39821,DIRECT,,False,False,,,
Dauup Authorization,Publishers Seller ID Tracker,Dauup,Publisher,HOOKAH GAMES,Publisher Ads.txt,"dauup.com, 39822, DIRECT",dauup.com,39822,DIRECT,,False,False,,,
Dauup Authorization,Publishers Seller ID Tracker,Dauup,Publisher,Caramba App,Publisher Ads.txt,"dauup.com, 39827, DIRECT",dauup.com,39827,DIRECT,,False,False,,,
Dauup Authorization,Publishers Seller ID Tracker,Dauup,Publisher,InoCo Plus,Publisher Ads.txt,"dauup.com, 39828, DIRECT",dauup.com,39828,DIRECT,,False,False,,,
Dauup Authorization,Publishers Seller ID Tracker,Dauup,Publisher,Zepni,Publisher Ads.txt,"dauup.com, 39829, DIRECT",dauup.com,39829,DIRECT,,False,False,,,
Dauup Authorization,Publishers Seller ID Tracker,Dauup,Publisher,Helio Games,Publisher Ads.txt,"dauup.com, 39831, DIRECT",dauup.com,39831,DIRECT,,False,False,,,
Dauup Authorization,Publishers Seller ID Tracker,Dauup,Publisher,Skygo,Publisher Ads.txt,"dauup.com, 39832, DIRECT",dauup.com,39832,DIRECT,,False,False,,,
Dauup Authorization,Publishers Seller ID Tracker,Dauup,Publisher,Brightika,Publisher Ads.txt,"dauup.com, 39837, DIRECT",dauup.com,39837,DIRECT,,False,False,,,
Dauup Authorization,Publishers Seller ID Tracker,Dauup,Publisher,Puzzle Cats,Publisher Ads.txt,"dauup.com, 39840, DIRECT",dauup.com,39840,DIRECT,,False,False,,,
Dauup Authorization,Publishers Seller ID Tracker,Dauup,Publisher,Platonic,Publisher Ads.txt,"dauup.com, 39841, DIRECT",dauup.com,39841,DIRECT,,False,False,,,
Dauup Authorization,Publishers Seller ID Tracker,Dauup,Publisher,EVOLLY,Publisher Ads.txt,"dauup.com, 39842, DIRECT",dauup.com,39842,DIRECT,,False,False,,,
Dauup Authorization,Publishers Seller ID Tracker,Dauup,Publisher,SeyeonSoft,Publisher Ads.txt,"dauup.com, 39843, DIRECT",dauup.com,39843,DIRECT,,False,False,,,
Dauup Authorization,Publishers Seller ID Tracker,Dauup,Publisher,Robot Squid,Publisher Ads.txt,"dauup.com, 39844, DIRECT",dauup.com,39844,DIRECT,,False,False,,,
Dauup Authorization,Publishers Seller ID Tracker,Dauup,Publisher,Tubidy Fm,Publisher Ads.txt,"dauup.com, 39845, DIRECT",dauup.com,39845,DIRECT,,False,False,,,
Dauup Authorization,Publishers Seller ID Tracker,Dauup,Publisher,Zoomerang,Publisher Ads.txt,"dauup.com, 39847, DIRECT",dauup.com,39847,DIRECT,,False,False,,,
Dauup Authorization,Publishers Seller ID Tracker,Dauup,Publisher,TOH Soft,Publisher Ads.txt,"dauup.com, 39849, DIRECT",dauup.com,39849,DIRECT,,False,False,,,
Dauup Authorization,Publishers Seller ID Tracker,Dauup,Publisher,Megaplay Studios Free Games,Publisher Ads.txt,"dauup.com, 39853, DIRECT",dauup.com,39853,DIRECT,,False,False,,,
Dauup Authorization,Publishers Seller ID Tracker,Dauup,Publisher,Tellmewow,Publisher Ads.txt,"dauup.com, 39855, DIRECT",dauup.com,39855,DIRECT,,False,False,,,
Dauup Authorization,Publishers Seller ID Tracker,Dauup,Publisher,Yasa,Publisher Ads.txt,"dauup.com, 39858, DIRECT",dauup.com,39858,DIRECT,,False,False,,,
Dauup Authorization,Publishers Seller ID Tracker,Dauup,Publisher,Tap.pm,Publisher Ads.txt,"dauup.com, 39860, DIRECT",dauup.com,39860,DIRECT,,False,False,,,
Dauup Authorization,Publishers Seller ID Tracker,Dauup,Publisher,GameSpire,Publisher Ads.txt,"dauup.com, 39862, DIRECT",dauup.com,39862,DIRECT,,False,False,,,
Dauup Authorization,Publishers Seller ID Tracker,Dauup,Publisher,Dream App Studio,Publisher Ads.txt,"dauup.com, 39863, DIRECT",dauup.com,39863,DIRECT,,False,False,,,
Dauup Authorization,Publishers Seller ID Tracker,Dauup,Publisher,Armor Games,Publisher Ads.txt,"dauup.com, 39865, DIRECT",dauup.com,39865,DIRECT,,False,False,,,
Dauup Authorization,Publishers Seller ID Tracker,Dauup,Publisher,Crossword & Sudoku Games,Publisher Ads.txt,"dauup.com, 39866, DIRECT",dauup.com,39866,DIRECT,,False,False,,,
Dauup Authorization,Publishers Seller ID Tracker,Dauup,Publisher,MH Production,Publisher Ads.txt,"dauup.com, 39867, DIRECT",dauup.com,39867,DIRECT,,False,False,,,
Dauup Authorization,Publishers Seller ID Tracker,Dauup,Publisher,Kumobius,Publisher Ads.txt,"dauup.com, 39869, DIRECT",dauup.com,39869,DIRECT,,False,False,,,
Dauup Authorization,Publishers Seller ID Tracker,Dauup,Publisher,Peachy Games,Publisher Ads.txt,"dauup.com, 39871, DIRECT",dauup.com,39871,DIRECT,,False,False,,,
Dauup Authorization,Publishers Seller ID Tracker,Dauup,Publisher,Hippo,Publisher Ads.txt,"dauup.com, 39872, DIRECT",dauup.com,39872,DIRECT,,False,False,,,
Dauup Authorization,Publishers Seller ID Tracker,Dauup,Publisher,Inlogic Software,Publisher Ads.txt,"dauup.com, 39875, DIRECT",dauup.com,39875,DIRECT,,False,False,,,
Dauup Authorization,Publishers Seller ID Tracker,Dauup,Publisher,Kamibox,Publisher Ads.txt,"dauup.com, 39876, DIRECT",dauup.com,39876,DIRECT,,False,False,,,
Dauup Authorization,Publishers Seller ID Tracker,Dauup,Publisher,Boondoggle Labs,Publisher Ads.txt,"dauup.com, 39877, DIRECT",dauup.com,39877,DIRECT,,False,False,,,
Dauup Authorization,Publishers Seller ID Tracker,Dauup,Publisher,Haiku Games,Publisher Ads.txt,"dauup.com, 39878, DIRECT",dauup.com,39878,DIRECT,,False,False,,,
Dauup Authorization,Publishers Seller ID Tracker,Dauup,Publisher,BlankMediaGames,Publisher Ads.txt,"dauup.com, 39879, DIRECT",dauup.com,39879,DIRECT,,False,False,,,
Dauup Authorization,Publishers Seller ID Tracker,Dauup,Publisher,Pixel Federation,Publisher Ads.txt,"dauup.com, 39883, DIRECT",dauup.com,39883,DIRECT,,False,False,,,
Dauup Authorization,Publishers Seller ID Tracker,Dauup,Publisher,GhostTube Pty Ltd,Publisher Ads.txt,"dauup.com, 39884, DIRECT",dauup.com,39884,DIRECT,,False,False,,,
Dauup Authorization,Publishers Seller ID Tracker,Dauup,Publisher,Sebby,Publisher Ads.txt,"dauup.com, 39885, DIRECT",dauup.com,39885,DIRECT,,False,False,,,
Dauup Authorization,Publishers Seller ID Tracker,Dauup,Publisher,Dmobin,Publisher Ads.txt,"dauup.com, 39887, DIRECT",dauup.com,39887,DIRECT,,False,False,,,
Dauup Authorization,Publishers Seller ID Tracker,Dauup,Publisher,Dingo Games,Publisher Ads.txt,"dauup.com, 39889, DIRECT",dauup.com,39889,DIRECT,,False,False,,,
Dauup Authorization,Publishers Seller ID Tracker,Dauup,Publisher,G5 Entertainment,Publisher Ads.txt,"dauup.com, 39890, DIRECT",dauup.com,39890,DIRECT,,False,False,,,
Dauup Authorization,Publishers Seller ID Tracker,Dauup,Publisher,Picslo Corp,Publisher Ads.txt,"dauup.com, 39894, DIRECT",dauup.com,39894,DIRECT,,False,False,,,
Dauup Authorization,Publishers Seller ID Tracker,Dauup,Publisher,Storytaco,Publisher Ads.txt,"dauup.com, 39895, DIRECT",dauup.com,39895,DIRECT,,False,False,,,
Dauup Authorization,Publishers Seller ID Tracker,Dauup,Publisher,Lyxoto Studio,Publisher Ads.txt,"dauup.com, 39896, DIRECT",dauup.com,39896,DIRECT,,False,False,,,
Dauup Authorization,Publishers Seller ID Tracker,Dauup,Publisher,Dyad Games,Publisher Ads.txt,"dauup.com, 39901, DIRECT",dauup.com,39901,DIRECT,,False,False,,,
Dauup Authorization,Publishers Seller ID Tracker,Dauup,Publisher,Zephyr Mobile,Publisher Ads.txt,"dauup.com, 39902, DIRECT",dauup.com,39902,DIRECT,,False,False,,,
Dauup Authorization,Publishers Seller ID Tracker,Dauup,Publisher,Cybernate,Publisher Ads.txt,"dauup.com, 39904, DIRECT",dauup.com,39904,DIRECT,,False,False,,,
Dauup Authorization,Publishers Seller ID Tracker,Dauup,Publisher,Hothead Games,Publisher Ads.txt,"dauup.com, 39906, DIRECT",dauup.com,39906,DIRECT,,False,False,,,
Dauup Authorization,Publishers Seller ID Tracker,Dauup,Publisher,WEWE JSC,Publisher Ads.txt,"dauup.com, 39909, DIRECT",dauup.com,39909,DIRECT,,False,False,,,
Dauup Authorization,Publishers Seller ID Tracker,Dauup,Publisher,Siwalu Software GmbH,Publisher Ads.txt,"dauup.com, 39910, DIRECT",dauup.com,39910,DIRECT,,False,False,,,
Dauup Authorization,Publishers Seller ID Tracker,Dauup,Publisher,DevExtras,Publisher Ads.txt,"dauup.com, 39911, DIRECT",dauup.com,39911,DIRECT,,False,False,,,
Dauup Authorization,Publishers Seller ID Tracker,Dauup,Publisher,Onelight Apps,Publisher Ads.txt,"dauup.com, 39912, DIRECT",dauup.com,39912,DIRECT,,False,False,,,
Dauup Authorization,Publishers Seller ID Tracker,Dauup,Publisher,Maple Labs,Publisher Ads.txt,"dauup.com, 39913, DIRECT",dauup.com,39913,DIRECT,,False,False,,,
Dauup Authorization,Publishers Seller ID Tracker,Dauup,Publisher,MY.GAMES,Publisher Ads.txt,"dauup.com, 39914, DIRECT",dauup.com,39914,DIRECT,,False,False,,,
Dauup Authorization,Publishers Seller ID Tracker,Dauup,Publisher,PA Mobile Technology Company Limited,Publisher Ads.txt,"dauup.com, 39915, DIRECT",dauup.com,39915,DIRECT,,False,False,,,
Dauup Authorization,Publishers Seller ID Tracker,Dauup,Publisher,SUPERBOX. Inc,Publisher Ads.txt,"dauup.com, 39921, DIRECT",dauup.com,39921,DIRECT,,False,False,,,
Dauup Authorization,Publishers Seller ID Tracker,Dauup,Publisher,CRISPAPP,Publisher Ads.txt,"dauup.com, 39924, DIRECT",dauup.com,39924,DIRECT,,False,False,,,
Dauup Authorization,Publishers Seller ID Tracker,Dauup,Publisher,Xsa Software,Publisher Ads.txt,"dauup.com, 39925, DIRECT",dauup.com,39925,DIRECT,,False,False,,,
Dauup Authorization,Publishers Seller ID Tracker,Dauup,Publisher,TEUIDA,Publisher Ads.txt,"dauup.com, 39926, DIRECT",dauup.com,39926,DIRECT,,False,False,,,
Dauup Authorization,Publishers Seller ID Tracker,Dauup,Publisher,Protostar,Publisher Ads.txt,"dauup.com, 39927, DIRECT",dauup.com,39927,DIRECT,,False,False,,,
Dauup Authorization,Publishers Seller ID Tracker,Dauup,Publisher,Fastic,Publisher Ads.txt,"dauup.com, 39929, DIRECT",dauup.com,39929,DIRECT,,False,False,,,
Dauup Authorization,Publishers Seller ID Tracker,Dauup,Publisher,MadOverGames,Publisher Ads.txt,"dauup.com, 39931, DIRECT",dauup.com,39931,DIRECT,,False,False,,,
Dauup Authorization,Publishers Seller ID Tracker,Dauup,Publisher,Puzzle1Studio,Publisher Ads.txt,"dauup.com, 39933, DIRECT",dauup.com,39933,DIRECT,,False,False,,,
Dauup Authorization,Publishers Seller ID Tracker,Dauup,Publisher,1.11,Publisher Ads.txt,"dauup.com, 39934, DIRECT",dauup.com,39934,DIRECT,,False,False,,,
Dauup Authorization,Publishers Seller ID Tracker,Dauup,Publisher,KK Keyboard Studio,Publisher Ads.txt,"dauup.com, 39935, DIRECT",dauup.com,39935,DIRECT,,False,False,,,
Dauup Authorization,Publishers Seller ID Tracker,Dauup,Publisher,Play N Learn,Publisher Ads.txt,"dauup.com, 39936, DIRECT",dauup.com,39936,DIRECT,,False,False,,,
Dauup Authorization,Publishers Seller ID Tracker,Dauup,Publisher,Playmax Game Studio,Publisher Ads.txt,"dauup.com, 39941, DIRECT",dauup.com,39941,DIRECT,,False,False,,,
Dauup Authorization,Publishers Seller ID Tracker,Dauup,Publisher,Beansprites,Publisher Ads.txt,"dauup.com, 39944, DIRECT",dauup.com,39944,DIRECT,,False,False,,,
Dauup Authorization,Publishers Seller ID Tracker,Dauup,Publisher,TITANWARE SL,Publisher Ads.txt,"dauup.com, 39945, DIRECT",dauup.com,39945,DIRECT,,False,False,,,
Dauup Authorization,Publishers Seller ID Tracker,Dauup,Publisher,EZMatch,Publisher Ads.txt,"dauup.com, 39946, DIRECT",dauup.com,39946,DIRECT,,False,False,,,
Dauup Authorization,Publishers Seller ID Tracker,Dauup,Publisher,Vicenter Game,Publisher Ads.txt,"dauup.com, 39947, DIRECT",dauup.com,39947,DIRECT,,False,False,,,
Dauup Authorization,Publishers Seller ID Tracker,Dauup,Publisher,Tocapp Games,Publisher Ads.txt,"dauup.com, 39949, DIRECT",dauup.com,39949,DIRECT,,False,False,,,
Dauup Authorization,Publishers Seller ID Tracker,Dauup,Publisher,Rap Tech,Publisher Ads.txt,"dauup.com, 39952, DIRECT",dauup.com,39952,DIRECT,,False,False,,,
Dauup Authorization,Publishers Seller ID Tracker,Dauup,Publisher,Itatake,Publisher Ads.txt,"dauup.com, 39954, DIRECT",dauup.com,39954,DIRECT,,False,False,,,
Dauup Authorization,Publishers Seller ID Tracker,Dauup,Publisher,FM Studio,Publisher Ads.txt,"dauup.com, 39958, DIRECT",dauup.com,39958,DIRECT,,False,False,,,
Dauup Authorization,Publishers Seller ID Tracker,Dauup,Publisher,Lucky Day,Publisher Ads.txt,"dauup.com, 39960, DIRECT",dauup.com,39960,DIRECT,,False,False,,,
Dauup Authorization,Publishers Seller ID Tracker,Dauup,Publisher,GameFirst Mobile,Publisher Ads.txt,"dauup.com, 39962, DIRECT",dauup.com,39962,DIRECT,,False,False,,,
Dauup Authorization,Publishers Seller ID Tracker,Dauup,Publisher,ARPAplus,Publisher Ads.txt,"dauup.com, 39963, DIRECT",dauup.com,39963,DIRECT,,False,False,,,
Dauup Authorization,Publishers Seller ID Tracker,Dauup,Publisher,Play to Win Games,Publisher Ads.txt,"dauup.com, 39965, DIRECT",dauup.com,39965,DIRECT,,False,False,,,
Dauup Authorization,Publishers Seller ID Tracker,Dauup,Publisher,FIVE-BN,Publisher Ads.txt,"dauup.com, 39966, DIRECT",dauup.com,39966,DIRECT,,False,False,,,
Dauup Authorization,Publishers Seller ID Tracker,Dauup,Publisher,Teskin,Publisher Ads.txt,"dauup.com, 39967, DIRECT",dauup.com,39967,DIRECT,,False,False,,,
Dauup Authorization,Publishers Seller ID Tracker,Dauup,Publisher,Apponfire,Publisher Ads.txt,"dauup.com, 39972, DIRECT",dauup.com,39972,DIRECT,,False,False,,,
Dauup Authorization,Publishers Seller ID Tracker,Dauup,Publisher,Kik Friends App,Publisher Ads.txt,"dauup.com, 39977, DIRECT",dauup.com,39977,DIRECT,,False,False,,,
Dauup Authorization,Publishers Seller ID Tracker,Dauup,Publisher,LazyDog Game,Publisher Ads.txt,"dauup.com, 39982, DIRECT",dauup.com,39982,DIRECT,,False,False,,,
Dauup Authorization,Publishers Seller ID Tracker,Dauup,Publisher,VPNIFY,Publisher Ads.txt,"dauup.com, 39984, DIRECT",dauup.com,39984,DIRECT,,False,False,,,
Dauup Authorization,Publishers Seller ID Tracker,Dauup,Publisher,Skill Cap,Publisher Ads.txt,"dauup.com, 39986, DIRECT",dauup.com,39986,DIRECT,,False,False,,,
Dauup Authorization,Publishers Seller ID Tracker,Dauup,Publisher,Pixodust Games,Publisher Ads.txt,"dauup.com, 39987, DIRECT",dauup.com,39987,DIRECT,,False,False,,,
Dauup Authorization,Publishers Seller ID Tracker,Dauup,Publisher,Miinu,Publisher Ads.txt,"dauup.com, 39991, DIRECT",dauup.com,39991,DIRECT,,False,False,,,
Dauup Authorization,Publishers Seller ID Tracker,Dauup,Publisher,Hagstrom Dev,Publisher Ads.txt,"dauup.com, 39996, DIRECT",dauup.com,39996,DIRECT,,False,False,,,
Dauup Authorization,Publishers Seller ID Tracker,Dauup,Publisher,FUFAFA TECHNOLOGY,Publisher Ads.txt,"dauup.com, 39997, DIRECT",dauup.com,39997,DIRECT,,False,False,,,
Dauup Authorization,Publishers Seller ID Tracker,Dauup,Publisher,Skytec Games,Publisher Ads.txt,"dauup.com, 40000, DIRECT",dauup.com,40000,DIRECT,,False,False,,,
Dauup Authorization,Publishers Seller ID Tracker,Dauup,Publisher,Dragon FaFa  Limited,Publisher Ads.txt,"dauup.com, 40005, DIRECT",dauup.com,40005,DIRECT,,False,False,,,
Dauup Authorization,Publishers Seller ID Tracker,Dauup,Publisher,Alto Social Inc,Publisher Ads.txt,"dauup.com, 40007, DIRECT",dauup.com,40007,DIRECT,,False,False,,,
Dauup Authorization,Publishers Seller ID Tracker,Dauup,Publisher,Artifex Mundi,Publisher Ads.txt,"dauup.com, 40008, DIRECT",dauup.com,40008,DIRECT,,False,False,,,
Dauup Authorization,Publishers Seller ID Tracker,Dauup,Publisher,Joymaster Studio,Publisher Ads.txt,"dauup.com, 40009, DIRECT",dauup.com,40009,DIRECT,,False,False,,,
Dauup Authorization,Publishers Seller ID Tracker,Dauup,Publisher,OneGame,Publisher Ads.txt,"dauup.com, 40011, DIRECT",dauup.com,40011,DIRECT,,False,False,,,
Dauup Authorization,Publishers Seller ID Tracker,Dauup,Publisher,SimpleBit Studios,Publisher Ads.txt,"dauup.com, 40022, DIRECT",dauup.com,40022,DIRECT,,False,False,,,
Dauup Authorization,Publishers Seller ID Tracker,Dauup,Publisher,AIBY Group,Publisher Ads.txt,"dauup.com, 40023, DIRECT",dauup.com,40023,DIRECT,,False,False,,,
Dauup Authorization,Publishers Seller ID Tracker,Dauup,Publisher,Paidwork,Publisher Ads.txt,"dauup.com, 40030, DIRECT",dauup.com,40030,DIRECT,,False,False,,,
Dauup Authorization,Publishers Seller ID Tracker,Dauup,Publisher,NiJo Games,Publisher Ads.txt,"dauup.com, 40032, DIRECT",dauup.com,40032,DIRECT,,False,False,,,
Dauup Authorization,Publishers Seller ID Tracker,Dauup,Publisher,Bagelcode,Publisher Ads.txt,"dauup.com, 40035, DIRECT",dauup.com,40035,DIRECT,,False,False,,,
Dauup Authorization,Publishers Seller ID Tracker,Dauup,Publisher,Misvix,Publisher Ads.txt,"dauup.com, 40036, DIRECT",dauup.com,40036,DIRECT,,False,False,,,
Dauup Authorization,Publishers Seller ID Tracker,Dauup,Publisher,Carry1st,Publisher Ads.txt,"dauup.com, 40038, DIRECT",dauup.com,40038,DIRECT,,False,False,,,
Dauup Authorization,Publishers Seller ID Tracker,Dauup,Publisher,Wemagine.ai,Publisher Ads.txt,"dauup.com, 40039, DIRECT",dauup.com,40039,DIRECT,,False,False,,,
Dauup Authorization,Publishers Seller ID Tracker,Dauup,Publisher,Moon Active,Publisher Ads.txt,"dauup.com, 40042, DIRECT",dauup.com,40042,DIRECT,,False,False,,,
Dauup Authorization,Publishers Seller ID Tracker,Dauup,Publisher,DreamTeam Apps,Publisher Ads.txt,"dauup.com, 40044, DIRECT",dauup.com,40044,DIRECT,,False,False,,,
Dauup Authorization,Publishers Seller ID Tracker,Dauup,Publisher,Midnight Games,Publisher Ads.txt,"dauup.com, 40045, DIRECT",dauup.com,40045,DIRECT,,False,False,,,
Dauup Authorization,Publishers Seller ID Tracker,Dauup,Publisher,Quarzo,Publisher Ads.txt,"dauup.com, 40047, DIRECT",dauup.com,40047,DIRECT,,False,False,,,
Dauup Authorization,Publishers Seller ID Tracker,Dauup,Publisher,Teewee Games,Publisher Ads.txt,"dauup.com, 40052, DIRECT",dauup.com,40052,DIRECT,,False,False,,,
Dauup Authorization,Publishers Seller ID Tracker,Dauup,Publisher,MAD PIXEL GAMES,Publisher Ads.txt,"dauup.com, 40057, DIRECT",dauup.com,40057,DIRECT,,False,False,,,
Dauup Authorization,Publishers Seller ID Tracker,Dauup,Publisher,Whoyaho,Publisher Ads.txt,"dauup.com, 40058, DIRECT",dauup.com,40058,DIRECT,,False,False,,,
Dauup Authorization,Publishers Seller ID Tracker,Dauup,Publisher,Gamehaus,Publisher Ads.txt,"dauup.com, 40059, DIRECT",dauup.com,40059,DIRECT,,False,False,,,
Dauup Authorization,Publishers Seller ID Tracker,Dauup,Publisher,Sunday.gg,Publisher Ads.txt,"dauup.com, 40063, DIRECT",dauup.com,40063,DIRECT,,False,False,,,
Dauup Authorization,Publishers Seller ID Tracker,Dauup,Publisher,Severex,Publisher Ads.txt,"dauup.com, 40066, DIRECT",dauup.com,40066,DIRECT,,False,False,,,
Dauup Authorization,Publishers Seller ID Tracker,Dauup,Publisher,1Button,Publisher Ads.txt,"dauup.com, 40067, DIRECT",dauup.com,40067,DIRECT,,False,False,,,
Dauup Authorization,Publishers Seller ID Tracker,Dauup,Publisher,Vpings,Publisher Ads.txt,"dauup.com, 40071, DIRECT",dauup.com,40071,DIRECT,,False,False,,,
Dauup Authorization,Publishers Seller ID Tracker,Dauup,Publisher,Kids Academy,Publisher Ads.txt,"dauup.com, 40076, DIRECT",dauup.com,40076,DIRECT,,False,False,,,
Dauup Authorization,Publishers Seller ID Tracker,Dauup,Publisher,DominiGames,Publisher Ads.txt,"dauup.com, 40084, DIRECT",dauup.com,40084,DIRECT,,False,False,,,
Dauup Authorization,Publishers Seller ID Tracker,Dauup,Publisher,Muse Group,Publisher Ads.txt,"dauup.com, 40085, DIRECT",dauup.com,40085,DIRECT,,False,False,,,
Dauup Authorization,Publishers Seller ID Tracker,Dauup,Publisher,Vizor interactive,Publisher Ads.txt,"dauup.com, 40086, DIRECT",dauup.com,40086,DIRECT,,False,False,,,
Dauup Authorization,Publishers Seller ID Tracker,Dauup,Publisher,Tactile Games,Publisher Ads.txt,"dauup.com, 40087, DIRECT",dauup.com,40087,DIRECT,,False,False,,,
Dauup Authorization,Publishers Seller ID Tracker,Dauup,Publisher,Care,Publisher Ads.txt,"dauup.com, 40088, DIRECT",dauup.com,40088,DIRECT,,False,False,,,
Dauup Authorization,Publishers Seller ID Tracker,Dauup,Publisher,storm.ai,Publisher Ads.txt,"dauup.com, 40089, DIRECT",dauup.com,40089,DIRECT,,False,False,,,
Dauup Authorization,Publishers Seller ID Tracker,Dauup,Publisher,Deca Games,Publisher Ads.txt,"dauup.com, 40090, DIRECT",dauup.com,40090,DIRECT,,False,False,,,
Dauup Authorization,Publishers Seller ID Tracker,Dauup,Publisher,Sitnjoy,Publisher Ads.txt,"dauup.com, 40091, DIRECT",dauup.com,40091,DIRECT,,False,False,,,
Dauup Authorization,Publishers Seller ID Tracker,Dauup,Publisher,Couchmore,Publisher Ads.txt,"dauup.com, 40092, DIRECT",dauup.com,40092,DIRECT,,False,False,,,
Dauup Authorization,Publishers Seller ID Tracker,Dauup,Publisher,Limitless TV Studios,Publisher Ads.txt,"dauup.com, 40093, DIRECT",dauup.com,40093,DIRECT,,False,False,,,
Dauup Authorization,Publishers Seller ID Tracker,Dauup,Publisher,mwm.io,Publisher Ads.txt,"dauup.com, 40094, DIRECT",dauup.com,40094,DIRECT,,False,False,,,
Dauup Authorization,Publishers Seller ID Tracker,Dauup,Publisher,Just Play,Publisher Ads.txt,"dauup.com, 40095, DIRECT",dauup.com,40095,DIRECT,,False,False,,,
Dauup Authorization,Publishers Seller ID Tracker,Dauup,Publisher,BeautyPlus (Meitu),Publisher Ads.txt,"dauup.com, 40096, DIRECT",dauup.com,40096,DIRECT,,False,False,,,
Dauup Authorization,Publishers Seller ID Tracker,Dauup,Publisher,Meitu App,Publisher Ads.txt,"dauup.com, 40097, DIRECT",dauup.com,40097,DIRECT,,False,False,,,
Dauup Authorization,Publishers Seller ID Tracker,Dauup,Publisher,Beautycam (Meitu),Publisher Ads.txt,"dauup.com, 40098, DIRECT",dauup.com,40098,DIRECT,,False,False,,,
Dauup Authorization,Publishers Seller ID Tracker,Dauup,Publisher,MakeupPlus (Meitu),Publisher Ads.txt,"dauup.com, 40099, DIRECT",dauup.com,40099,DIRECT,,False,False,,,
Dauup Authorization,Publishers Seller ID Tracker,Dauup,Publisher,FlipaClip: Create 2D Animation,Publisher Ads.txt,"dauup.com, 40100, DIRECT",dauup.com,40100,DIRECT,,False,False,,,
Dauup Authorization,Publishers Seller ID Tracker,Dauup,Publisher,Moco,Publisher Ads.txt,"dauup.com, 40101, DIRECT",dauup.com,40101,DIRECT,,False,False,,,
Dauup Authorization,Publishers Seller ID Tracker,Dauup,Publisher,Elegantique Network Limited,Publisher Ads.txt,"dauup.com, 40102, DIRECT",dauup.com,40102,DIRECT,,False,False,,,
Dauup Authorization,Publishers Seller ID Tracker,Dauup,Publisher,Viki,Publisher Ads.txt,"dauup.com, 40103, DIRECT",dauup.com,40103,DIRECT,,False,False,,,
Dauup Authorization,Publishers Seller ID Tracker,Dauup,Publisher,STOUGHTON STREET TECH LABS PRIVATE LIMITED,Publisher Ads.txt,"dauup.com, 40104, DIRECT",dauup.com,40104,DIRECT,,False,False,,,
Dauup Authorization,Publishers Seller ID Tracker,Dauup,Publisher,TipTop-CN-Export,Publisher Ads.txt,"dauup.com, 40105, DIRECT",dauup.com,40105,DIRECT,,False,False,,,
Dauup Authorization,Publishers Seller ID Tracker,Dauup,Publisher,Trinh Dung,Publisher Ads.txt,"dauup.com, 40106, DIRECT",dauup.com,40106,DIRECT,,False,False,,,
Dauup Authorization,Publishers Seller ID Tracker,Dauup,Publisher,"GMO Town WiFi,Inc.",Publisher Ads.txt,"dauup.com, 40107, DIRECT",dauup.com,40107,DIRECT,,False,False,,,
Dauup Authorization,Publishers Seller ID Tracker,Dauup,Publisher,PLAYORCA STUDIOS LIMITED,Publisher Ads.txt,"dauup.com, 40108, DIRECT",dauup.com,40108,DIRECT,,False,False,,,
Dauup Authorization,Publishers Seller ID Tracker,Dauup,Publisher,Logiclike,Publisher Ads.txt,"dauup.com, 40109, DIRECT",dauup.com,40109,DIRECT,,False,False,,,
Dauup Authorization,Publishers Seller ID Tracker,Dauup,Publisher,Adnova Medya Anonim Şirketi,Publisher Ads.txt,"dauup.com, 40110, DIRECT",dauup.com,40110,DIRECT,,False,False,,,
Dauup Authorization,Publishers Seller ID Tracker,Dauup,Publisher,Cloudmob Limited,Publisher Ads.txt,"dauup.com, 40111, DIRECT",dauup.com,40111,DIRECT,,False,False,,,
Dauup Authorization,Publishers Seller ID Tracker,Dauup,Publisher,Xu Jun,Publisher Ads.txt,"dauup.com, 40112, DIRECT",dauup.com,40112,DIRECT,,False,False,,,
Dauup Authorization,Publishers Seller ID Tracker,Dauup,Publisher,pxionggames,Publisher Ads.txt,"dauup.com, 40113, DIRECT",dauup.com,40113,DIRECT,,False,False,,,
Dauup Authorization,Publishers Seller ID Tracker,Dauup,Publisher,Gigantic Duck AB,Publisher Ads.txt,"dauup.com, 40114, DIRECT",dauup.com,40114,DIRECT,,False,False,,,
Dauup Authorization,Publishers Seller ID Tracker,Dauup,Publisher,Western Vindhya,Publisher Ads.txt,"dauup.com, 40115, DIRECT",dauup.com,40115,DIRECT,,False,False,,,
Dauup Authorization,Publishers Seller ID Tracker,Dauup,Publisher,Naxeex Ltd,Publisher Ads.txt,"dauup.com, 40116, DIRECT",dauup.com,40116,DIRECT,,False,False,,,
Dauup Authorization,Publishers Seller ID Tracker,Dauup,Publisher,"Arkadium, Inc.",Publisher Ads.txt,"dauup.com, 40117, DIRECT",dauup.com,40117,DIRECT,,False,False,,,
Dauup Authorization,Publishers Seller ID Tracker,Dauup,Publisher,Unimob Game,Publisher Ads.txt,"dauup.com, 40118, DIRECT",dauup.com,40118,DIRECT,,False,False,,,
Dauup Authorization,Publishers Seller ID Tracker,Dauup,Publisher,HsGame-CN-Export,Publisher Ads.txt,"dauup.com, 40119, DIRECT",dauup.com,40119,DIRECT,,False,False,,,
Dauup Authorization,Publishers Seller ID Tracker,Dauup,Publisher,Saavn LLC,Publisher Ads.txt,"dauup.com, 40120, DIRECT",dauup.com,40120,DIRECT,,False,False,,,
Dauup Authorization,Publishers Seller ID Tracker,Dauup,Publisher,MY.GAMES B.V.,Publisher Ads.txt,"dauup.com, 40121, DIRECT",dauup.com,40121,DIRECT,,False,False,,,
Dauup Authorization,Publishers Seller ID Tracker,Dauup,Publisher,Spicy Sparks,Publisher Ads.txt,"dauup.com, 40122, DIRECT",dauup.com,40122,DIRECT,,False,False,,,
Dauup Authorization,Publishers Seller ID Tracker,Dauup,Publisher,Bigger Games LTD,Publisher Ads.txt,"dauup.com, 40123, DIRECT",dauup.com,40123,DIRECT,,False,False,,,
Dauup Authorization,Publishers Seller ID Tracker,Dauup,Publisher,LiveScore Ltd,Publisher Ads.txt,"dauup.com, 40124, DIRECT",dauup.com,40124,DIRECT,,False,False,,,
Dauup Authorization,Publishers Seller ID Tracker,Dauup,Publisher,Dave Account,Publisher Ads.txt,"dauup.com, 40125, DIRECT",dauup.com,40125,DIRECT,,False,False,,,
Dauup Authorization,Publishers Seller ID Tracker,Dauup,Publisher,Imangi Studios LLC,Publisher Ads.txt,"dauup.com, 40126, DIRECT",dauup.com,40126,DIRECT,,False,False,,,
Dauup Authorization,Publishers Seller ID Tracker,Dauup,Publisher,Paras KC,Publisher Ads.txt,"dauup.com, 40127, DIRECT",dauup.com,40127,DIRECT,,False,False,,,
Dauup Authorization,Publishers Seller ID Tracker,Dauup,Publisher,Gaia Game Studio,Publisher Ads.txt,"dauup.com, 40128, DIRECT",dauup.com,40128,DIRECT,,False,False,,,
Dauup Authorization,Publishers Seller ID Tracker,Dauup,Publisher,Gora Games ME FZ LLC,Publisher Ads.txt,"dauup.com, 40129, DIRECT",dauup.com,40129,DIRECT,,False,False,,,
Dauup Authorization,Publishers Seller ID Tracker,Dauup,Publisher,MURUGAPERUMAL V,Publisher Ads.txt,"dauup.com, 40130, DIRECT",dauup.com,40130,DIRECT,,False,False,,,
Dauup Authorization,Publishers Seller ID Tracker,Dauup,Publisher,NiamorDev,Publisher Ads.txt,"dauup.com, 40131, DIRECT",dauup.com,40131,DIRECT,,False,False,,,
Dauup Authorization,Publishers Seller ID Tracker,Dauup,Publisher,Jmobile,Publisher Ads.txt,"dauup.com, 40132, DIRECT",dauup.com,40132,DIRECT,,False,False,,,
Dauup Authorization,Publishers Seller ID Tracker,Dauup,Publisher,Black Candy,Publisher Ads.txt,"dauup.com, 40133, DIRECT",dauup.com,40133,DIRECT,,False,False,,,
Dauup Authorization,Publishers Seller ID Tracker,Dauup,Publisher,Eder Camilo Muñoz Florez,Publisher Ads.txt,"dauup.com, 40134, DIRECT",dauup.com,40134,DIRECT,,False,False,,,
Dauup Authorization,Publishers Seller ID Tracker,Dauup,Publisher,ApplayGames,Publisher Ads.txt,"dauup.com, 40135, DIRECT",dauup.com,40135,DIRECT,,False,False,,,
Dauup Authorization,Publishers Seller ID Tracker,Dauup,Publisher,MessageCube Corp INC,Publisher Ads.txt,"dauup.com, 40136, DIRECT",dauup.com,40136,DIRECT,,False,False,,,
Dauup Authorization,Publishers Seller ID Tracker,Dauup,Publisher,Pati Teknoloji Dış Ticaret Anonim Şirketi,Publisher Ads.txt,"dauup.com, 40137, DIRECT",dauup.com,40137,DIRECT,,False,False,,,
Dauup Authorization,Publishers Seller ID Tracker,Dauup,Publisher,Bravezone,Publisher Ads.txt,"dauup.com, 40138, DIRECT",dauup.com,40138,DIRECT,,False,False,,,
Dauup Authorization,Publishers Seller ID Tracker,Dauup,Publisher,ht3tmyat,Publisher Ads.txt,"dauup.com, 40139, DIRECT",dauup.com,40139,DIRECT,,False,False,,,
Dauup Authorization,Publishers Seller ID Tracker,Dauup,Publisher,Project Agora Prebid,Publisher Ads.txt,"dauup.com, 40140, DIRECT",dauup.com,40140,DIRECT,,False,False,,,
Dauup Authorization,Publishers Seller ID Tracker,Dauup,Publisher,TechPal Dvloper,Publisher Ads.txt,"dauup.com, 40141, DIRECT",dauup.com,40141,DIRECT,,False,False,,,
Dauup Authorization,Publishers Seller ID Tracker,Dauup,Publisher,Dil,Publisher Ads.txt,"dauup.com, 40142, DIRECT",dauup.com,40142,DIRECT,,False,False,,,
Dauup Authorization,Publishers Seller ID Tracker,Dauup,Publisher,Fleek Soft,Publisher Ads.txt,"dauup.com, 40143, DIRECT",dauup.com,40143,DIRECT,,False,False,,,
Dauup Authorization,Publishers Seller ID Tracker,Dauup,Publisher,Spike Media LTD,Publisher Ads.txt,"dauup.com, 40144, DIRECT",dauup.com,40144,DIRECT,,False,False,,,
Dauup Authorization,Publishers Seller ID Tracker,Dauup,Publisher,NODERNO LIMITED,Publisher Ads.txt,"dauup.com, 40145, DIRECT",dauup.com,40145,DIRECT,,False,False,,,
Dauup Authorization,Publishers Seller ID Tracker,Dauup,Publisher,ADPIXEL MEDIA,Publisher Ads.txt,"dauup.com, 40146, DIRECT",dauup.com,40146,DIRECT,,False,False,,,
Dauup Authorization,Publishers Seller ID Tracker,Dauup,Publisher,KeepSafe Software,Publisher Ads.txt,"dauup.com, 40147, DIRECT",dauup.com,40147,DIRECT,,False,False,,,
Dauup Authorization,Publishers Seller ID Tracker,Dauup,Publisher,Ezeetail Technologies Private Limited,Publisher Ads.txt,"dauup.com, 40148, DIRECT",dauup.com,40148,DIRECT,,False,False,,,
Dauup Authorization,Publishers Seller ID Tracker,Dauup,Publisher,TechXY,Publisher Ads.txt,"dauup.com, 40149, DIRECT",dauup.com,40149,DIRECT,,False,False,,,
Dauup Authorization,Publishers Seller ID Tracker,Dauup,Publisher,IBEX Solutions,Publisher Ads.txt,"dauup.com, 40150, DIRECT",dauup.com,40150,DIRECT,,False,False,,,
Dauup Authorization,Publishers Seller ID Tracker,Dauup,Publisher,New York Post - TAM,Publisher Ads.txt,"dauup.com, 40151, DIRECT",dauup.com,40151,DIRECT,,False,False,,,
Dauup Authorization,Publishers Seller ID Tracker,Dauup,Publisher,Kwalee,Publisher Ads.txt,"dauup.com, 40152, DIRECT",dauup.com,40152,DIRECT,,False,False,,,
Dauup Authorization,Publishers Seller ID Tracker,Dauup,Publisher,Dreamy Dingo,Publisher Ads.txt,"dauup.com, 40153, DIRECT",dauup.com,40153,DIRECT,,False,False,,,
Dauup Authorization,Publishers Seller ID Tracker,Dauup,Publisher,Tummy Games,Publisher Ads.txt,"dauup.com, 40154, DIRECT",dauup.com,40154,DIRECT,,False,False,,,
Dauup Authorization,Publishers Seller ID Tracker,Dauup,Publisher,utkalproductions,Publisher Ads.txt,"dauup.com, 40155, DIRECT",dauup.com,40155,DIRECT,,False,False,,,
Dauup Authorization,Publishers Seller ID Tracker,Dauup,Publisher,Appercut sp zo o,Publisher Ads.txt,"dauup.com, 40158, DIRECT",dauup.com,40158,DIRECT,,False,False,,,
Dauup Authorization,Publishers Seller ID Tracker,Dauup,Publisher,Rawky Tech LLP,Publisher Ads.txt,"dauup.com, 40159, DIRECT",dauup.com,40159,DIRECT,,False,False,,,
Dauup Authorization,Publishers Seller ID Tracker,Dauup,Publisher,My Mixtapez,Publisher Ads.txt,"dauup.com, 40160, DIRECT",dauup.com,40160,DIRECT,,False,False,,,
Dauup Authorization,Publishers Seller ID Tracker,Dauup,Publisher,Adversport New,Publisher Ads.txt,"dauup.com, 40161, DIRECT",dauup.com,40161,DIRECT,,False,False,,,
Dauup Authorization,Publishers Seller ID Tracker,Dauup,Publisher,Pro Guitar Sweden AB,Publisher Ads.txt,"dauup.com, 40162, DIRECT",dauup.com,40162,DIRECT,,False,False,,,
Dauup Authorization,Publishers Seller ID Tracker,Dauup,Publisher,IO Inc.,Publisher Ads.txt,"dauup.com, 40164, DIRECT",dauup.com,40164,DIRECT,,False,False,,,
Dauup Authorization,Publishers Seller ID Tracker,Dauup,Publisher,Funovus LLC,Publisher Ads.txt,"dauup.com, 40165, DIRECT",dauup.com,40165,DIRECT,,False,False,,,
Dauup Authorization,Publishers Seller ID Tracker,Dauup,Publisher,MBRAINAPPS,Publisher Ads.txt,"dauup.com, 40166, DIRECT",dauup.com,40166,DIRECT,,False,False,,,
Dauup Authorization,Publishers Seller ID Tracker,Dauup,Publisher,Anime Tambayan,Publisher Ads.txt,"dauup.com, 40169, DIRECT",dauup.com,40169,DIRECT,,False,False,,,
Dauup Authorization,Publishers Seller ID Tracker,Dauup,Publisher,PE Denys Moisin,Publisher Ads.txt,"dauup.com, 40170, DIRECT",dauup.com,40170,DIRECT,,False,False,,,
Dauup Authorization,Publishers Seller ID Tracker,Dauup,Publisher,falcon solutions,Publisher Ads.txt,"dauup.com, 40171, DIRECT",dauup.com,40171,DIRECT,,False,False,,,
Dauup Authorization,Publishers Seller ID Tracker,Dauup,Publisher,SUGA TECHNOLOGY JOINT STOCK COMPANY,Publisher Ads.txt,"dauup.com, 40172, DIRECT",dauup.com,40172,DIRECT,,False,False,,,
Dauup Authorization,Publishers Seller ID Tracker,Dauup,Publisher,OVILEX SOFT S.R.L.,Publisher Ads.txt,"dauup.com, 40176, DIRECT",dauup.com,40176,DIRECT,,False,False,,,
Dauup Authorization,Publishers Seller ID Tracker,Dauup,Publisher,Toralabs,Publisher Ads.txt,"dauup.com, 40178, DIRECT",dauup.com,40178,DIRECT,,False,False,,,
Dauup Authorization,Publishers Seller ID Tracker,Dauup,Publisher,5th Planet Games Development,Publisher Ads.txt,"dauup.com, 40181, DIRECT",dauup.com,40181,DIRECT,,False,False,,,
Dauup Authorization,Publishers Seller ID Tracker,Dauup,Publisher,SayGames_,Publisher Ads.txt,"dauup.com, 40198, DIRECT",dauup.com,40198,DIRECT,,False,False,,,
Dauup Authorization,Publishers Seller ID Tracker,Dauup,Publisher,Marine Interactive Entertainment Limited,Publisher Ads.txt,"dauup.com, 40204, DIRECT",dauup.com,40204,DIRECT,,False,False,,,
Dauup Authorization,Publishers Seller ID Tracker,Dauup,Publisher,Turbo Labz (Pvt) Ltd.,Publisher Ads.txt,"dauup.com, 40205, DIRECT",dauup.com,40205,DIRECT,,False,False,,,
Dauup Authorization,Publishers Seller ID Tracker,Dauup,Publisher,Jambox Games,Publisher Ads.txt,"dauup.com, 40206, DIRECT",dauup.com,40206,DIRECT,,False,False,,,
Dauup Authorization,Publishers Seller ID Tracker,Dauup,Publisher,Bearmob Technology Limited,Publisher Ads.txt,"dauup.com, 40208, DIRECT",dauup.com,40208,DIRECT,,False,False,,,
Dauup Authorization,Publishers Seller ID Tracker,Dauup,Publisher,Sciplay,Publisher Ads.txt,"dauup.com, 40211, DIRECT",dauup.com,40211,DIRECT,,False,False,,,
Dauup Authorization,Publishers Seller ID Tracker,Dauup,Publisher,Digitalchemy,Publisher Ads.txt,"dauup.com, 40212, DIRECT",dauup.com,40212,DIRECT,,False,False,,,
Dauup Authorization,Publishers Seller ID Tracker,Dauup,Publisher,Tiger Games Joint Stock Company,Publisher Ads.txt,"dauup.com, 40214, DIRECT",dauup.com,40214,DIRECT,,False,False,,,
Dauup Authorization,Publishers Seller ID Tracker,Dauup,Publisher,Perfect CorpCNExport,Publisher Ads.txt,"dauup.com, 40215, DIRECT",dauup.com,40215,DIRECT,,False,False,,,
Dauup Authorization,Publishers Seller ID Tracker,Dauup,Publisher,Brew Oyun Yazilim ve Pazarlama AS,Publisher Ads.txt,"dauup.com, 40216, DIRECT",dauup.com,40216,DIRECT,,False,False,,,
Dauup Authorization,Publishers Seller ID Tracker,Dauup,Publisher,Buff Studio,Publisher Ads.txt,"dauup.com, 40217, DIRECT",dauup.com,40217,DIRECT,,False,False,,,
Dauup Authorization,Publishers Seller ID Tracker,Dauup,Publisher,Redstone Games,Publisher Ads.txt,"dauup.com, 40220, DIRECT",dauup.com,40220,DIRECT,,False,False,,,
Dauup Authorization,Publishers Seller ID Tracker,Dauup,Publisher,"1UP Games Studio, SL",Publisher Ads.txt,"dauup.com, 40222, DIRECT",dauup.com,40222,DIRECT,,False,False,,,
Dauup Authorization,Publishers Seller ID Tracker,Dauup,Publisher,GRAND-ATTIC LIMITED,Publisher Ads.txt,"dauup.com, 40225, DIRECT",dauup.com,40225,DIRECT,,False,False,,,
Dauup Authorization,Publishers Seller ID Tracker,Dauup,Publisher,"FLAMING WHALE CO., LIMITED",Publisher Ads.txt,"dauup.com, 40226, DIRECT",dauup.com,40226,DIRECT,,False,False,,,
Dauup Authorization,Publishers Seller ID Tracker,Dauup,Publisher,Difference Games LLC,Publisher Ads.txt,"dauup.com, 40229, DIRECT",dauup.com,40229,DIRECT,,False,False,,,
Dauup Authorization,Publishers Seller ID Tracker,Dauup,Publisher,Cricket Exchange,Publisher Ads.txt,"dauup.com, 40230, DIRECT",dauup.com,40230,DIRECT,,False,False,,,
Dauup Authorization,Publishers Seller ID Tracker,Dauup,Publisher,Joyride Games Inc,Publisher Ads.txt,"dauup.com, 40232, DIRECT",dauup.com,40232,DIRECT,,False,False,,,
Dauup Authorization,Publishers Seller ID Tracker,Dauup,Publisher,Advant Limited,Publisher Ads.txt,"dauup.com, 40234, DIRECT",dauup.com,40234,DIRECT,,False,False,,,
Dauup Authorization,Publishers Seller ID Tracker,Dauup,Publisher,Exceptionull Games,Publisher Ads.txt,"dauup.com, 40235, DIRECT",dauup.com,40235,DIRECT,,False,False,,,
Dauup Authorization,Publishers Seller ID Tracker,Dauup,Publisher,DJ Lobo App LLC,Publisher Ads.txt,"dauup.com, 40240, DIRECT",dauup.com,40240,DIRECT,,False,False,,,
Dauup Authorization,Publishers Seller ID Tracker,Dauup,Publisher,Calldorado ApS,Publisher Ads.txt,"dauup.com, 40243, DIRECT",dauup.com,40243,DIRECT,,False,False,,,
Dauup Authorization,Publishers Seller ID Tracker,Dauup,Publisher,TRIFLES GAMES OYUN YAZILIM VE PAZARLAMA A.S.,Publisher Ads.txt,"dauup.com, 40249, DIRECT",dauup.com,40249,DIRECT,,False,False,,,
Dauup Authorization,Publishers Seller ID Tracker,Dauup,Publisher,CandyWriter,Publisher Ads.txt,"dauup.com, 40251, DIRECT",dauup.com,40251,DIRECT,,False,False,,,
Dauup Authorization,Publishers Seller ID Tracker,Dauup,Publisher,HEAVY FALL LIMITED,Publisher Ads.txt,"dauup.com, 40253, DIRECT",dauup.com,40253,DIRECT,,False,False,,,
Dauup Authorization,Publishers Seller ID Tracker,Dauup,Publisher,Puutii Games,Publisher Ads.txt,"dauup.com, 40254, DIRECT",dauup.com,40254,DIRECT,,False,False,,,
Dauup Authorization,Publishers Seller ID Tracker,Dauup,Publisher,PikPok,Publisher Ads.txt,"dauup.com, 40257, DIRECT",dauup.com,40257,DIRECT,,False,False,,,
Dauup Authorization,Publishers Seller ID Tracker,Dauup,Publisher,SOHI PTE. LTD.,Publisher Ads.txt,"dauup.com, 40259, DIRECT",dauup.com,40259,DIRECT,,False,False,,,
Dauup Authorization,Publishers Seller ID Tracker,Dauup,Publisher,NetFocus Universal DOO,Publisher Ads.txt,"dauup.com, 40261, DIRECT",dauup.com,40261,DIRECT,,False,False,,,
Dauup Authorization,Publishers Seller ID Tracker,Dauup,Publisher,Nomad88,Publisher Ads.txt,"dauup.com, 40262, DIRECT",dauup.com,40262,DIRECT,,False,False,,,
Dauup Authorization,Publishers Seller ID Tracker,Dauup,Publisher,"Halo Online Technology Co., Ltd.",Publisher Ads.txt,"dauup.com, 40265, DIRECT",dauup.com,40265,DIRECT,,False,False,,,
Dauup Authorization,Publishers Seller ID Tracker,Dauup,Publisher,Lumos Games Teknoloji Yazılım ve Pazarlama A.S,Publisher Ads.txt,"dauup.com, 40266, DIRECT",dauup.com,40266,DIRECT,,False,False,,,
Dauup Authorization,Publishers Seller ID Tracker,Dauup,Publisher,Super Free Games,Publisher Ads.txt,"dauup.com, 40269, DIRECT",dauup.com,40269,DIRECT,,False,False,,,
Dauup Authorization,Publishers Seller ID Tracker,Dauup,Publisher,GREEN GREY STUDIO  LLC,Publisher Ads.txt,"dauup.com, 40271, DIRECT",dauup.com,40271,DIRECT,,False,False,,,
Dauup Authorization,Publishers Seller ID Tracker,Dauup,Publisher,Voice in Rain Limited,Publisher Ads.txt,"dauup.com, 40272, DIRECT",dauup.com,40272,DIRECT,,False,False,,,
Dauup Authorization,Publishers Seller ID Tracker,Dauup,Publisher,LANGUAGE POWER MEDIA LIMITED,Publisher Ads.txt,"dauup.com, 40274, DIRECT",dauup.com,40274,DIRECT,,False,False,,,
Dauup Authorization,Publishers Seller ID Tracker,Dauup,Publisher,Innovaptor OG,Publisher Ads.txt,"dauup.com, 40277, DIRECT",dauup.com,40277,DIRECT,,False,False,,,
Dauup Authorization,Publishers Seller ID Tracker,Dauup,Publisher,PLAYIT TECHNOLOGY PTE. LTD.,Publisher Ads.txt,"dauup.com, 40278, DIRECT",dauup.com,40278,DIRECT,,False,False,,,
Dauup Authorization,Publishers Seller ID Tracker,Dauup,Publisher,GRAVITYCODE DOO,Publisher Ads.txt,"dauup.com, 40279, DIRECT",dauup.com,40279,DIRECT,,False,False,,,
Dauup Authorization,Publishers Seller ID Tracker,Dauup,Publisher,AmberMobile_CN_Export,Publisher Ads.txt,"dauup.com, 40282, DIRECT",dauup.com,40282,DIRECT,,False,False,,,
Dauup Authorization,Publishers Seller ID Tracker,Dauup,Publisher,Ichhral Tech,Publisher Ads.txt,"dauup.com, 40287, DIRECT",dauup.com,40287,DIRECT,,False,False,,,
Dauup Authorization,Publishers Seller ID Tracker,Dauup,Publisher,Playkot LTD,Publisher Ads.txt,"dauup.com, 40289, DIRECT",dauup.com,40289,DIRECT,,False,False,,,
Dauup Authorization,Publishers Seller ID Tracker,Dauup,Publisher,Olives Studio Games,Publisher Ads.txt,"dauup.com, 40291, DIRECT",dauup.com,40291,DIRECT,,False,False,,,
Dauup Authorization,Publishers Seller ID Tracker,Dauup,Publisher,TIRAMISU STUDIOS YAZILIM HIZM. A.S.,Publisher Ads.txt,"dauup.com, 40296, DIRECT",dauup.com,40296,DIRECT,,False,False,,,
Dauup Authorization,Publishers Seller ID Tracker,Dauup,Publisher,Zen Garden Apps,Publisher Ads.txt,"dauup.com, 40297, DIRECT",dauup.com,40297,DIRECT,,False,False,,,
Dauup Authorization,Publishers Seller ID Tracker,Dauup,Publisher,Stonekick Limited,Publisher Ads.txt,"dauup.com, 40304, DIRECT",dauup.com,40304,DIRECT,,False,False,,,
Dauup Authorization,Publishers Seller ID Tracker,Dauup,Publisher,ZOAR TECHNOLOGY PTE. LTD.,Publisher Ads.txt,"dauup.com, 40305, DIRECT",dauup.com,40305,DIRECT,,False,False,,,
Dauup Authorization,Publishers Seller ID Tracker,Dauup,Publisher,Gamee,Publisher Ads.txt,"dauup.com, 40311, DIRECT",dauup.com,40311,DIRECT,,False,False,,,
Dauup Authorization,Publishers Seller ID Tracker,Dauup,Publisher,Fancy Force LLC,Publisher Ads.txt,"dauup.com, 40318, DIRECT",dauup.com,40318,DIRECT,,False,False,,,
Dauup Authorization,Publishers Seller ID Tracker,Dauup,Publisher,Hazmob Bilisim Teknolojileri Anonim Sirketi,Publisher Ads.txt,"dauup.com, 40323, DIRECT",dauup.com,40323,DIRECT,,False,False,,,
Dauup Authorization,Publishers Seller ID Tracker,Dauup,Publisher,Team Sparta,Publisher Ads.txt,"dauup.com, 40325, DIRECT",dauup.com,40325,DIRECT,,False,False,,,
Dauup Authorization,Publishers Seller ID Tracker,Dauup,Publisher,Avector Technology,Publisher Ads.txt,"dauup.com, 40326, DIRECT",dauup.com,40326,DIRECT,,False,False,,,
Dauup Authorization,Publishers Seller ID Tracker,Dauup,Publisher,"TikGames, LLC",Publisher Ads.txt,"dauup.com, 40329, DIRECT",dauup.com,40329,DIRECT,,False,False,,,
Dauup Authorization,Publishers Seller ID Tracker,Dauup,Publisher,GAZEUS GAMES SERVIÇOS DE INTERNET SA,Publisher Ads.txt,"dauup.com, 40332, DIRECT",dauup.com,40332,DIRECT,,False,False,,,
Dauup Authorization,Publishers Seller ID Tracker,Dauup,Publisher,Tripview Pty Ltd,Publisher Ads.txt,"dauup.com, 40333, DIRECT",dauup.com,40333,DIRECT,,False,False,,,
Dauup Authorization,Publishers Seller ID Tracker,Dauup,Publisher,JOYGAME OYUN VE TEKNOLOJİ A.Şjo,Publisher Ads.txt,"dauup.com, 40336, DIRECT",dauup.com,40336,DIRECT,,False,False,,,
Dauup Authorization,Publishers Seller ID Tracker,Dauup,Publisher,Lisgame,Publisher Ads.txt,"dauup.com, 40337, DIRECT",dauup.com,40337,DIRECT,,False,False,,,
Dauup Authorization,Publishers Seller ID Tracker,Dauup,Publisher,Twizard studio,Publisher Ads.txt,"dauup.com, 40341, DIRECT",dauup.com,40341,DIRECT,,False,False,,,
Dauup Authorization,Publishers Seller ID Tracker,Dauup,Publisher,Blacklight Studio Works Pvt Ltd,Publisher Ads.txt,"dauup.com, 40342, DIRECT",dauup.com,40342,DIRECT,,False,False,,,
Dauup Authorization,Publishers Seller ID Tracker,Dauup,Publisher,Aged Studio Limited_CN_export,Publisher Ads.txt,"dauup.com, 40343, DIRECT",dauup.com,40343,DIRECT,,False,False,,,
Dauup Authorization,Publishers Seller ID Tracker,Dauup,Publisher,Webeyemob-CN-Export,Publisher Ads.txt,"dauup.com, 40349, DIRECT",dauup.com,40349,DIRECT,,False,False,,,
Dauup Authorization,Publishers Seller ID Tracker,Dauup,Publisher,Glow,Publisher Ads.txt,"dauup.com, 40355, DIRECT",dauup.com,40355,DIRECT,,False,False,,,
Dauup Authorization,Publishers Seller ID Tracker,Dauup,Publisher,Gameguru Advertisement FZC,Publisher Ads.txt,"dauup.com, 40356, DIRECT",dauup.com,40356,DIRECT,,False,False,,,
Dauup Authorization,Publishers Seller ID Tracker,Dauup,Publisher,Mobikok HONGKONG Network Technology Limited-CN-Export,Publisher Ads.txt,"dauup.com, 40357, DIRECT",dauup.com,40357,DIRECT,,False,False,,,
Dauup Authorization,Publishers Seller ID Tracker,Dauup,Publisher,Urmobi,Publisher Ads.txt,"dauup.com, 40359, DIRECT",dauup.com,40359,DIRECT,,False,False,,,
Dauup Authorization,Publishers Seller ID Tracker,Dauup,Publisher,FreePlay LLC,Publisher Ads.txt,"dauup.com, 40360, DIRECT",dauup.com,40360,DIRECT,,False,False,,,
Dauup Authorization,Publishers Seller ID Tracker,Dauup,Publisher,Midoin IKE,Publisher Ads.txt,"dauup.com, 40361, DIRECT",dauup.com,40361,DIRECT,,False,False,,,
Dauup Authorization,Publishers Seller ID Tracker,Dauup,Publisher,Infinity Games,Publisher Ads.txt,"dauup.com, 40362, DIRECT",dauup.com,40362,DIRECT,,False,False,,,
Dauup Authorization,Publishers Seller ID Tracker,Dauup,Publisher,Teslatech Pvt Ltd,Publisher Ads.txt,"dauup.com, 40364, DIRECT",dauup.com,40364,DIRECT,,False,False,,,
Dauup Authorization,Publishers Seller ID Tracker,Dauup,Publisher,Cheely Apps,Publisher Ads.txt,"dauup.com, 40365, DIRECT",dauup.com,40365,DIRECT,,False,False,,,
Dauup Authorization,Publishers Seller ID Tracker,Dauup,Publisher,GameNexa,Publisher Ads.txt,"dauup.com, 40366, DIRECT",dauup.com,40366,DIRECT,,False,False,,,
Dauup Authorization,Publishers Seller ID Tracker,Dauup,Publisher,Zoosk Inc.,Publisher Ads.txt,"dauup.com, 40367, DIRECT",dauup.com,40367,DIRECT,,False,False,,,
Dauup Authorization,Publishers Seller ID Tracker,Dauup,Publisher,Outloud Games,Publisher Ads.txt,"dauup.com, 40369, DIRECT",dauup.com,40369,DIRECT,,False,False,,,
Dauup Authorization,Publishers Seller ID Tracker,Dauup,Publisher,Lessmore UG (haftungsbeschränkt),Publisher Ads.txt,"dauup.com, 40371, DIRECT",dauup.com,40371,DIRECT,,False,False,,,
Dauup Authorization,Publishers Seller ID Tracker,Dauup,Publisher,SHAREit Game,Publisher Ads.txt,"dauup.com, 40372, DIRECT",dauup.com,40372,DIRECT,,False,False,,,
Dauup Authorization,Publishers Seller ID Tracker,Dauup,Publisher,PLAYNETA LIMITED,Publisher Ads.txt,"dauup.com, 40373, DIRECT",dauup.com,40373,DIRECT,,False,False,,,
Dauup Authorization,Publishers Seller ID Tracker,Dauup,Publisher,Tastypill,Publisher Ads.txt,"dauup.com, 40374, DIRECT",dauup.com,40374,DIRECT,,False,False,,,
Dauup Authorization,Publishers Seller ID Tracker,Dauup,Publisher,Apus Game,Publisher Ads.txt,"dauup.com, 40377, DIRECT",dauup.com,40377,DIRECT,,False,False,,,
Dauup Authorization,Publishers Seller ID Tracker,Dauup,Publisher,Tryoni Arts,Publisher Ads.txt,"dauup.com, 40379, DIRECT",dauup.com,40379,DIRECT,,False,False,,,
Dauup Authorization,Publishers Seller ID Tracker,Dauup,Publisher,WeeWoo SL,Publisher Ads.txt,"dauup.com, 40380, DIRECT",dauup.com,40380,DIRECT,,False,False,,,
Dauup Authorization,Publishers Seller ID Tracker,Dauup,Publisher,"Xiamen Yiju Network Technology Co., Ltd.",Publisher Ads.txt,"dauup.com, 40381, DIRECT",dauup.com,40381,DIRECT,,False,False,,,
Dauup Authorization,Publishers Seller ID Tracker,Dauup,Publisher,DragonPlus Game Limited-CN-Export,Publisher Ads.txt,"dauup.com, 40382, DIRECT",dauup.com,40382,DIRECT,,False,False,,,
Dauup Authorization,Publishers Seller ID Tracker,Dauup,Publisher,FunCraft,Publisher Ads.txt,"dauup.com, 40386, DIRECT",dauup.com,40386,DIRECT,,False,False,,,
Dauup Authorization,Publishers Seller ID Tracker,Dauup,Publisher,Saltside Technologies,Publisher Ads.txt,"dauup.com, 40387, DIRECT",dauup.com,40387,DIRECT,,False,False,,,
Dauup Authorization,Publishers Seller ID Tracker,Dauup,Publisher,Swift Games Limited,Publisher Ads.txt,"dauup.com, 40389, DIRECT",dauup.com,40389,DIRECT,,False,False,,,
Dauup Authorization,Publishers Seller ID Tracker,Dauup,Publisher,Plotagon Production AB,Publisher Ads.txt,"dauup.com, 40391, DIRECT",dauup.com,40391,DIRECT,,False,False,,,
Dauup Authorization,Publishers Seller ID Tracker,Dauup,Publisher,Xymora Studio,Publisher Ads.txt,"dauup.com, 40392, DIRECT",dauup.com,40392,DIRECT,,False,False,,,
Dauup Authorization,Publishers Seller ID Tracker,Dauup,Publisher,SG NextBus Pte Ltd,Publisher Ads.txt,"dauup.com, 40393, DIRECT",dauup.com,40393,DIRECT,,False,False,,,
Dauup Authorization,Publishers Seller ID Tracker,Dauup,Publisher,Avidly_CN_Export,Publisher Ads.txt,"dauup.com, 40394, DIRECT",dauup.com,40394,DIRECT,,False,False,,,
Dauup Authorization,Publishers Seller ID Tracker,Dauup,Publisher,Robert Ramirez,Publisher Ads.txt,"dauup.com, 40395, DIRECT",dauup.com,40395,DIRECT,,False,False,,,
Dauup Authorization,Publishers Seller ID Tracker,Dauup,Publisher,Left and Right-CN-Export,Publisher Ads.txt,"dauup.com, 40396, DIRECT",dauup.com,40396,DIRECT,,False,False,,,
Dauup Authorization,Publishers Seller ID Tracker,Dauup,Publisher,HelloHi Games Pvt. Ltd.,Publisher Ads.txt,"dauup.com, 40399, DIRECT",dauup.com,40399,DIRECT,,False,False,,,
Dauup Authorization,Publishers Seller ID Tracker,Dauup,Publisher,NDEMIC CREATIONS LTD,Publisher Ads.txt,"dauup.com, 40400, DIRECT",dauup.com,40400,DIRECT,,False,False,,,
Dauup Authorization,Publishers Seller ID Tracker,Dauup,Publisher,Meluapp Waterfall,Publisher Ads.txt,"dauup.com, 40401, DIRECT",dauup.com,40401,DIRECT,,False,False,,,
Dauup Authorization,Publishers Seller ID Tracker,Dauup,Publisher,Random Logic Games LLC,Publisher Ads.txt,"dauup.com, 40403, DIRECT",dauup.com,40403,DIRECT,,False,False,,,
Dauup Authorization,Publishers Seller ID Tracker,Dauup,Publisher,Atlas Profit 1,Publisher Ads.txt,"dauup.com, 40405, DIRECT",dauup.com,40405,DIRECT,,False,False,,,
Dauup Authorization,Publishers Seller ID Tracker,Dauup,Publisher,AYE SOLID TECH LIMITED,Publisher Ads.txt,"dauup.com, 40406, DIRECT",dauup.com,40406,DIRECT,,False,False,,,
Dauup Authorization,Publishers Seller ID Tracker,Dauup,Publisher,"BRAEVE Co., Ltd.",Publisher Ads.txt,"dauup.com, 40408, DIRECT",dauup.com,40408,DIRECT,,False,False,,,
Dauup Authorization,Publishers Seller ID Tracker,Dauup,Publisher,ZITGA VIETNAM JOINT STOCK COMPANY,Publisher Ads.txt,"dauup.com, 40409, DIRECT",dauup.com,40409,DIRECT,,False,False,,,
Dauup Authorization,Publishers Seller ID Tracker,Dauup,Publisher,TMZ,Publisher Ads.txt,"dauup.com, 40410, DIRECT",dauup.com,40410,DIRECT,,False,False,,,
Dauup Authorization,Publishers Seller ID Tracker,Dauup,Publisher,Fortyfox S.L.,Publisher Ads.txt,"dauup.com, 40411, DIRECT",dauup.com,40411,DIRECT,,False,False,,,
Dauup Authorization,Publishers Seller ID Tracker,Dauup,Publisher,Exomind LTD,Publisher Ads.txt,"dauup.com, 40412, DIRECT",dauup.com,40412,DIRECT,,False,False,,,
Dauup Authorization,Publishers Seller ID Tracker,Dauup,Publisher,Vizor Apps Ltd,Publisher Ads.txt,"dauup.com, 40416, DIRECT",dauup.com,40416,DIRECT,,False,False,,,
Dauup Authorization,Publishers Seller ID Tracker,Dauup,Publisher,Quoka,Publisher Ads.txt,"dauup.com, 40417, DIRECT",dauup.com,40417,DIRECT,,False,False,,,
Dauup Authorization,Publishers Seller ID Tracker,Dauup,Publisher,Lightbolt Studio,Publisher Ads.txt,"dauup.com, 40418, DIRECT",dauup.com,40418,DIRECT,,False,False,,,
Dauup Authorization,Publishers Seller ID Tracker,Dauup,Publisher,Biyee SciTech,Publisher Ads.txt,"dauup.com, 40420, DIRECT",dauup.com,40420,DIRECT,,False,False,,,
Dauup Authorization,Publishers Seller ID Tracker,Dauup,Publisher,Bucked Games,Publisher Ads.txt,"dauup.com, 40423, DIRECT",dauup.com,40423,DIRECT,,False,False,,,
Dauup Authorization,Publishers Seller ID Tracker,Dauup,Publisher,111percent Inc.,Publisher Ads.txt,"dauup.com, 40424, DIRECT",dauup.com,40424,DIRECT,,False,False,,,
Dauup Authorization,Publishers Seller ID Tracker,Dauup,Publisher,applepie,Publisher Ads.txt,"dauup.com, 40425, DIRECT",dauup.com,40425,DIRECT,,False,False,,,
Dauup Authorization,Publishers Seller ID Tracker,Dauup,Publisher,Bobor,Publisher Ads.txt,"dauup.com, 40426, DIRECT",dauup.com,40426,DIRECT,,False,False,,,
Dauup Authorization,Publishers Seller ID Tracker,Dauup,Publisher,Spians Labs,Publisher Ads.txt,"dauup.com, 40427, DIRECT",dauup.com,40427,DIRECT,,False,False,,,
Dauup Authorization,Publishers Seller ID Tracker,Dauup,Publisher,Knbmedia,Publisher Ads.txt,"dauup.com, 40429, DIRECT",dauup.com,40429,DIRECT,,False,False,,,
Dauup Authorization,Publishers Seller ID Tracker,Dauup,Publisher,Play Panda Games,Publisher Ads.txt,"dauup.com, 40430, DIRECT",dauup.com,40430,DIRECT,,False,False,,,
Dauup Authorization,Publishers Seller ID Tracker,Dauup,Publisher,Torn Games Ltd,Publisher Ads.txt,"dauup.com, 40432, DIRECT",dauup.com,40432,DIRECT,,False,False,,,
Dauup Authorization,Publishers Seller ID Tracker,Dauup,Publisher,MEGA FORTUNA TEKNOLOJI VE YAZILIM A.S.,Publisher Ads.txt,"dauup.com, 40434, DIRECT",dauup.com,40434,DIRECT,,False,False,,,
Dauup Authorization,Publishers Seller ID Tracker,Dauup,Publisher,Super Basic LLC,Publisher Ads.txt,"dauup.com, 40435, DIRECT",dauup.com,40435,DIRECT,,False,False,,,
Dauup Authorization,Publishers Seller ID Tracker,Dauup,Publisher,HAPIGA VIET NAM COMPANY LIMITED,Publisher Ads.txt,"dauup.com, 40436, DIRECT",dauup.com,40436,DIRECT,,False,False,,,
Dauup Authorization,Publishers Seller ID Tracker,Dauup,Publisher,"MoppoMobi Co., Limited",Publisher Ads.txt,"dauup.com, 40438, DIRECT",dauup.com,40438,DIRECT,,False,False,,,
Dauup Authorization,Publishers Seller ID Tracker,Dauup,Publisher,PLAYDAYY TECHNOLOGIES PTE LTD,Publisher Ads.txt,"dauup.com, 40441, DIRECT",dauup.com,40441,DIRECT,,False,False,,,
Dauup Authorization,Publishers Seller ID Tracker,Dauup,Publisher,Vive Games Berk Bozkurt Elif Gur Adi Ortakligi,Publisher Ads.txt,"dauup.com, 40442, DIRECT",dauup.com,40442,DIRECT,,False,False,,,
Dauup Authorization,Publishers Seller ID Tracker,Dauup,Publisher,Gala MIX Inc.,Publisher Ads.txt,"dauup.com, 40445, DIRECT",dauup.com,40445,DIRECT,,False,False,,,
Dauup Authorization,Publishers Seller ID Tracker,Dauup,Publisher,WPTechnologyIncWattpad,Publisher Ads.txt,"dauup.com, 40448, DIRECT",dauup.com,40448,DIRECT,,False,False,,,
Dauup Authorization,Publishers Seller ID Tracker,Dauup,Publisher,Kayafu Games,Publisher Ads.txt,"dauup.com, 40451, DIRECT",dauup.com,40451,DIRECT,,False,False,,,
Dauup Authorization,Publishers Seller ID Tracker,Dauup,Publisher,Simplicated Games,Publisher Ads.txt,"dauup.com, 40452, DIRECT",dauup.com,40452,DIRECT,,False,False,,,
Dauup Authorization,Publishers Seller ID Tracker,Dauup,Publisher,Rollic Games,Publisher Ads.txt,"dauup.com, 40453, DIRECT",dauup.com,40453,DIRECT,,False,False,,,
Dauup Authorization,Publishers Seller ID Tracker,Dauup,Publisher,HD Pro Walls,Publisher Ads.txt,"dauup.com, 40456, DIRECT",dauup.com,40456,DIRECT,,False,False,,,
Dauup Authorization,Publishers Seller ID Tracker,Dauup,Publisher,playgem,Publisher Ads.txt,"dauup.com, 40458, DIRECT",dauup.com,40458,DIRECT,,False,False,,,
Dauup Authorization,Publishers Seller ID Tracker,Dauup,Publisher,PuzzleNation,Publisher Ads.txt,"dauup.com, 40459, DIRECT",dauup.com,40459,DIRECT,,False,False,,,
Dauup Authorization,Publishers Seller ID Tracker,Dauup,Publisher,Rikko Games,Publisher Ads.txt,"dauup.com, 40460, DIRECT",dauup.com,40460,DIRECT,,False,False,,,
Dauup Authorization,Publishers Seller ID Tracker,Dauup,Publisher,One97 Communications Ltd,Publisher Ads.txt,"dauup.com, 40462, DIRECT",dauup.com,40462,DIRECT,,False,False,,,
Dauup Authorization,Publishers Seller ID Tracker,Dauup,Publisher,Own Games,Publisher Ads.txt,"dauup.com, 40465, DIRECT",dauup.com,40465,DIRECT,,False,False,,,
Dauup Authorization,Publishers Seller ID Tracker,Dauup,Publisher,Hipster Whale,Publisher Ads.txt,"dauup.com, 40466, DIRECT",dauup.com,40466,DIRECT,,False,False,,,
Dauup Authorization,Publishers Seller ID Tracker,Dauup,Publisher,Fil Games,Publisher Ads.txt,"dauup.com, 40467, DIRECT",dauup.com,40467,DIRECT,,False,False,,,
Dauup Authorization,Publishers Seller ID Tracker,Dauup,Publisher,Yadav Games,Publisher Ads.txt,"dauup.com, 40468, DIRECT",dauup.com,40468,DIRECT,,False,False,,,
Dauup Authorization,Publishers Seller ID Tracker,Dauup,Publisher,"Now.gg, Inc.",Publisher Ads.txt,"dauup.com, 40472, DIRECT",dauup.com,40472,DIRECT,,False,False,,,
Dauup Authorization,Publishers Seller ID Tracker,Dauup,Publisher,Bending Spoons SpA,Publisher Ads.txt,"dauup.com, 40474, DIRECT",dauup.com,40474,DIRECT,,False,False,,,
Dauup Authorization,Publishers Seller ID Tracker,Dauup,Publisher,True ID,Publisher Ads.txt,"dauup.com, 40475, DIRECT",dauup.com,40475,DIRECT,,False,False,,,
Dauup Authorization,Publishers Seller ID Tracker,Dauup,Publisher,Apalon,Publisher Ads.txt,"dauup.com, 40476, DIRECT",dauup.com,40476,DIRECT,,False,False,,,
Dauup Authorization,Publishers Seller ID Tracker,Dauup,Publisher,APPSYOULOVE LTD,Publisher Ads.txt,"dauup.com, 40480, DIRECT",dauup.com,40480,DIRECT,,False,False,,,
Dauup Authorization,Publishers Seller ID Tracker,Dauup,Publisher,Talkatone LLC,Publisher Ads.txt,"dauup.com, 40485, DIRECT",dauup.com,40485,DIRECT,,False,False,,,
Dauup Authorization,Publishers Seller ID Tracker,Dauup,Publisher,Musi Inc.,Publisher Ads.txt,"dauup.com, 40487, DIRECT",dauup.com,40487,DIRECT,,False,False,,,
Dauup Authorization,Publishers Seller ID Tracker,Dauup,Publisher,"Chengdu Kuaizhi Game Technology Co., Ltd",Publisher Ads.txt,"dauup.com, 40491, DIRECT",dauup.com,40491,DIRECT,,False,False,,,
Dauup Authorization,Publishers Seller ID Tracker,Dauup,Publisher,iStar Technology Investment Co Ltd,Publisher Ads.txt,"dauup.com, 40492, DIRECT",dauup.com,40492,DIRECT,,False,False,,,
Dauup Authorization,Publishers Seller ID Tracker,Dauup,Publisher,Gaming Lab Limited,Publisher Ads.txt,"dauup.com, 40493, DIRECT",dauup.com,40493,DIRECT,,False,False,,,
Dauup Authorization,Publishers Seller ID Tracker,Dauup,Publisher,JOYMETA LIMITED,Publisher Ads.txt,"dauup.com, 40494, DIRECT",dauup.com,40494,DIRECT,,False,False,,,
Dauup Authorization,Publishers Seller ID Tracker,Dauup,Publisher,JP URECY WORKS,Publisher Ads.txt,"dauup.com, 40495, DIRECT",dauup.com,40495,DIRECT,,False,False,,,
Dauup Authorization,Publishers Seller ID Tracker,Dauup,Publisher,Spirit Bomb Company Limited,Publisher Ads.txt,"dauup.com, 40496, DIRECT",dauup.com,40496,DIRECT,,False,False,,,
Dauup Authorization,Publishers Seller ID Tracker,Dauup,Publisher,ZIK Games,Publisher Ads.txt,"dauup.com, 40498, DIRECT",dauup.com,40498,DIRECT,,False,False,,,
Dauup Authorization,Publishers Seller ID Tracker,Dauup,Publisher,FUNNII PTE. LTD.,Publisher Ads.txt,"dauup.com, 40501, DIRECT",dauup.com,40501,DIRECT,,False,False,,,
Dauup Authorization,Publishers Seller ID Tracker,Dauup,Publisher,OUTCAST TECH LIMITED,Publisher Ads.txt,"dauup.com, 40502, DIRECT",dauup.com,40502,DIRECT,,False,False,,,
Dauup Authorization,Publishers Seller ID Tracker,Dauup,Publisher,Maisly Games Sp. z o.o.,Publisher Ads.txt,"dauup.com, 40505, DIRECT",dauup.com,40505,DIRECT,,False,False,,,
Dauup Authorization,Publishers Seller ID Tracker,Dauup,Publisher,Mobilaxy GmbH,Publisher Ads.txt,"dauup.com, 40507, DIRECT",dauup.com,40507,DIRECT,,False,False,,,
Dauup Authorization,Publishers Seller ID Tracker,Dauup,Publisher,Just2us Pte Ltd,Publisher Ads.txt,"dauup.com, 40508, DIRECT",dauup.com,40508,DIRECT,,False,False,,,
Dauup Authorization,Publishers Seller ID Tracker,Dauup,Publisher,mondayoffgames,Publisher Ads.txt,"dauup.com, 40509, DIRECT",dauup.com,40509,DIRECT,,False,False,,,
Dauup Authorization,Publishers Seller ID Tracker,Dauup,Publisher,YSO Corp,Publisher Ads.txt,"dauup.com, 40510, DIRECT",dauup.com,40510,DIRECT,,False,False,,,
Dauup Authorization,Publishers Seller ID Tracker,Dauup,Publisher,WidoGame-Monetization,Publisher Ads.txt,"dauup.com, 40512, DIRECT",dauup.com,40512,DIRECT,,False,False,,,
Dauup Authorization,Publishers Seller ID Tracker,Dauup,Publisher,Panthera JSC,Publisher Ads.txt,"dauup.com, 40513, DIRECT",dauup.com,40513,DIRECT,,False,False,,,
Dauup Authorization,Publishers Seller ID Tracker,Dauup,Publisher,Multibook International Publishing Group Limited,Publisher Ads.txt,"dauup.com, 40516, DIRECT",dauup.com,40516,DIRECT,,False,False,,,
Dauup Authorization,Publishers Seller ID Tracker,Dauup,Publisher,NoPowerup,Publisher Ads.txt,"dauup.com, 40518, DIRECT",dauup.com,40518,DIRECT,,False,False,,,
Dauup Authorization,Publishers Seller ID Tracker,Dauup,Publisher,MINIGAME ENTERTAINMENT LIMITED,Publisher Ads.txt,"dauup.com, 40523, DIRECT",dauup.com,40523,DIRECT,,False,False,,,
Dauup Authorization,Publishers Seller ID Tracker,Dauup,Publisher,NhacCuaTui Corp,Publisher Ads.txt,"dauup.com, 40524, DIRECT",dauup.com,40524,DIRECT,,False,False,,,
Dauup Authorization,Publishers Seller ID Tracker,Dauup,Publisher,Four Pixels Games,Publisher Ads.txt,"dauup.com, 40525, DIRECT",dauup.com,40525,DIRECT,,False,False,,,
Dauup Authorization,Publishers Seller ID Tracker,Dauup,Publisher,Alictus,Publisher Ads.txt,"dauup.com, 40528, DIRECT",dauup.com,40528,DIRECT,,False,False,,,
Dauup Authorization,Publishers Seller ID Tracker,Dauup,Publisher,PepiPlay,Publisher Ads.txt,"dauup.com, 40529, DIRECT",dauup.com,40529,DIRECT,,False,False,,,
Dauup Authorization,Publishers Seller ID Tracker,Dauup,Publisher,Fun Drive Games INC,Publisher Ads.txt,"dauup.com, 40534, DIRECT",dauup.com,40534,DIRECT,,False,False,,,
Dauup Authorization,Publishers Seller ID Tracker,Dauup,Publisher,Camscanner-CN-Export,Publisher Ads.txt,"dauup.com, 40535, DIRECT",dauup.com,40535,DIRECT,,False,False,,,
Dauup Authorization,Publishers Seller ID Tracker,Dauup,Publisher,Monkey,Publisher Ads.txt,"dauup.com, 40536, DIRECT",dauup.com,40536,DIRECT,,False,False,,,
Dauup Authorization,Publishers Seller ID Tracker,Dauup,Publisher,IKINAGAMES,Publisher Ads.txt,"dauup.com, 40538, DIRECT",dauup.com,40538,DIRECT,,False,False,,,
Dauup Authorization,Publishers Seller ID Tracker,Dauup,Publisher,Weather Creative Inc,Publisher Ads.txt,"dauup.com, 40543, DIRECT",dauup.com,40543,DIRECT,,False,False,,,
Dauup Authorization,Publishers Seller ID Tracker,Dauup,Publisher,RAHSOU SIMPLE VIRAL GAMES PRIVATE LIMITED,Publisher Ads.txt,"dauup.com, 40544, DIRECT",dauup.com,40544,DIRECT,,False,False,,,
Dauup Authorization,Publishers Seller ID Tracker,Dauup,Publisher,Soybeangame-CN-Export,Publisher Ads.txt,"dauup.com, 40547, DIRECT",dauup.com,40547,DIRECT,,False,False,,,
Dauup Authorization,Publishers Seller ID Tracker,Dauup,Publisher,Carry1st,Publisher Ads.txt,"dauup.com, 40550, DIRECT",dauup.com,40550,DIRECT,,False,False,,,
Dauup Authorization,Publishers Seller ID Tracker,Dauup,Publisher,VGames,Publisher Ads.txt,"dauup.com, 40553, DIRECT",dauup.com,40553,DIRECT,,False,False,,,
Dauup Authorization,Publishers Seller ID Tracker,Dauup,Publisher,Mirai Studio,Publisher Ads.txt,"dauup.com, 40554, DIRECT",dauup.com,40554,DIRECT,,False,False,,,
Dauup Authorization,Publishers Seller ID Tracker,Dauup,Publisher,ToGather Fun Limited,Publisher Ads.txt,"dauup.com, 40556, DIRECT",dauup.com,40556,DIRECT,,False,False,,,
Dauup Authorization,Publishers Seller ID Tracker,Dauup,Publisher,Black Bears Publishing LLC,Publisher Ads.txt,"dauup.com, 40562, DIRECT",dauup.com,40562,DIRECT,,False,False,,,
Dauup Authorization,Publishers Seller ID Tracker,Dauup,Publisher,"HypGames, Inc",Publisher Ads.txt,"dauup.com, 40564, DIRECT",dauup.com,40564,DIRECT,,False,False,,,
Dauup Authorization,Publishers Seller ID Tracker,Dauup,Publisher,Kholifa Network,Publisher Ads.txt,"dauup.com, 40568, DIRECT",dauup.com,40568,DIRECT,,False,False,,,
Dauup Authorization,Publishers Seller ID Tracker,Dauup,Publisher,Gamee Studio,Publisher Ads.txt,"dauup.com, 40570, DIRECT",dauup.com,40570,DIRECT,,False,False,,,
Dauup Authorization,Publishers Seller ID Tracker,Dauup,Publisher,Fusion Media Limited (Investing.com),Publisher Ads.txt,"dauup.com, 40571, DIRECT",dauup.com,40571,DIRECT,,False,False,,,
Dauup Authorization,Publishers Seller ID Tracker,Dauup,Publisher,Horus Entertainment,Publisher Ads.txt,"dauup.com, 40578, DIRECT",dauup.com,40578,DIRECT,,False,False,,,
Dauup Authorization,Publishers Seller ID Tracker,Dauup,Publisher,Pixeland OU,Publisher Ads.txt,"dauup.com, 40579, DIRECT",dauup.com,40579,DIRECT,,False,False,,,
Dauup Authorization,Publishers Seller ID Tracker,Dauup,Publisher,BREW STUDIO LIMITED,Publisher Ads.txt,"dauup.com, 40582, DIRECT",dauup.com,40582,DIRECT,,False,False,,,
Dauup Authorization,Publishers Seller ID Tracker,Dauup,Publisher,UPLOSS Limited,Publisher Ads.txt,"dauup.com, 40586, DIRECT",dauup.com,40586,DIRECT,,False,False,,,
Dauup Authorization,Publishers Seller ID Tracker,Dauup,Publisher,Upperpik Oyun Yazilim ve Pazarlama Ticaret Anonim Sirketi,Publisher Ads.txt,"dauup.com, 40587, DIRECT",dauup.com,40587,DIRECT,,False,False,,,
Dauup Authorization,Publishers Seller ID Tracker,Dauup,Publisher,MeetKai Inc.,Publisher Ads.txt,"dauup.com, 40588, DIRECT",dauup.com,40588,DIRECT,,False,False,,,
Dauup Authorization,Publishers Seller ID Tracker,Dauup,Publisher,ENSENA SOFT SA DE CV,Publisher Ads.txt,"dauup.com, 40591, DIRECT",dauup.com,40591,DIRECT,,False,False,,,
Dauup Authorization,Publishers Seller ID Tracker,Dauup,Publisher,Mad Pixel Games LTD,Publisher Ads.txt,"dauup.com, 40596, DIRECT",dauup.com,40596,DIRECT,,False,False,,,
Dauup Authorization,Publishers Seller ID Tracker,Dauup,Publisher,Rilix Technology,Publisher Ads.txt,"dauup.com, 40599, DIRECT",dauup.com,40599,DIRECT,,False,False,,,
Dauup Authorization,Publishers Seller ID Tracker,Dauup,Publisher,BoostVision,Publisher Ads.txt,"dauup.com, 40602, DIRECT",dauup.com,40602,DIRECT,,False,False,,,
Dauup Authorization,Publishers Seller ID Tracker,Dauup,Publisher,Nstage,Publisher Ads.txt,"dauup.com, 40603, DIRECT",dauup.com,40603,DIRECT,,False,False,,,
Dauup Authorization,Publishers Seller ID Tracker,Dauup,Publisher,CONQUER TECH LIMITED,Publisher Ads.txt,"dauup.com, 40605, DIRECT",dauup.com,40605,DIRECT,,False,False,,,
Dauup Authorization,Publishers Seller ID Tracker,Dauup,Publisher,UNICO GAMES,Publisher Ads.txt,"dauup.com, 40612, DIRECT",dauup.com,40612,DIRECT,,False,False,,,
Dauup Authorization,Publishers Seller ID Tracker,Dauup,Publisher,Alfred Systems Inc. (SDK),Publisher Ads.txt,"dauup.com, 40622, DIRECT",dauup.com,40622,DIRECT,,False,False,,,
Dauup Authorization,Publishers Seller ID Tracker,Dauup,Publisher,Amobear,Publisher Ads.txt,"dauup.com, 40623, DIRECT",dauup.com,40623,DIRECT,,False,False,,,
Dauup Authorization,Publishers Seller ID Tracker,Dauup,Publisher,Vetard Group,Publisher Ads.txt,"dauup.com, 40625, DIRECT",dauup.com,40625,DIRECT,,False,False,,,
Dauup Authorization,Publishers Seller ID Tracker,Dauup,Publisher,FUNCORP LIMITED,Publisher Ads.txt,"dauup.com, 40627, DIRECT",dauup.com,40627,DIRECT,,False,False,,,
Dauup Authorization,Publishers Seller ID Tracker,Dauup,Publisher,"Rgate Systems, Inc.",Publisher Ads.txt,"dauup.com, 40629, DIRECT",dauup.com,40629,DIRECT,,False,False,,,
Dauup Authorization,Publishers Seller ID Tracker,Dauup,Publisher,Aviagames Inc,Publisher Ads.txt,"dauup.com, 40634, DIRECT",dauup.com,40634,DIRECT,,False,False,,,
Dauup Authorization,Publishers Seller ID Tracker,Dauup,Publisher,PE Wild Spike,Publisher Ads.txt,"dauup.com, 40635, DIRECT",dauup.com,40635,DIRECT,,False,False,,,
Dauup Authorization,Publishers Seller ID Tracker,Dauup,Publisher,GUNFIRE GAME LIMITED,Publisher Ads.txt,"dauup.com, 40639, DIRECT",dauup.com,40639,DIRECT,,False,False,,,
Dauup Authorization,Publishers Seller ID Tracker,Dauup,Publisher,ISCOOL ENTERTAINMENT,Publisher Ads.txt,"dauup.com, 40641, DIRECT",dauup.com,40641,DIRECT,,False,False,,,
Dauup Authorization,Publishers Seller ID Tracker,Dauup,Publisher,IMGN Media,Publisher Ads.txt,"dauup.com, 40642, DIRECT",dauup.com,40642,DIRECT,,False,False,,,
Dauup Authorization,Publishers Seller ID Tracker,Dauup,Publisher,TECHSTER LIMITED,Publisher Ads.txt,"dauup.com, 40644, DIRECT",dauup.com,40644,DIRECT,,False,False,,,
Dauup Authorization,Publishers Seller ID Tracker,Dauup,Publisher,Skytec Games,Publisher Ads.txt,"dauup.com, 40645, DIRECT",dauup.com,40645,DIRECT,,False,False,,,
Dauup Authorization,Publishers Seller ID Tracker,Dauup,Publisher,Leek & Ribs Games UG (haftungsbeschränkt),Publisher Ads.txt,"dauup.com, 40646, DIRECT",dauup.com,40646,DIRECT,,False,False,,,
Dauup Authorization,Publishers Seller ID Tracker,Dauup,Publisher,Scorp Inc,Publisher Ads.txt,"dauup.com, 40647, DIRECT",dauup.com,40647,DIRECT,,False,False,,,
Dauup Authorization,Publishers Seller ID Tracker,Dauup,Publisher,AppsForNexus,Publisher Ads.txt,"dauup.com, 40649, DIRECT",dauup.com,40649,DIRECT,,False,False,,,
Dauup Authorization,Publishers Seller ID Tracker,Dauup,Publisher,Clickwork Games,Publisher Ads.txt,"dauup.com, 40650, DIRECT",dauup.com,40650,DIRECT,,False,False,,,
Dauup Authorization,Publishers Seller ID Tracker,Dauup,Publisher,Storytaco,Publisher Ads.txt,"dauup.com, 40651, DIRECT",dauup.com,40651,DIRECT,,False,False,,,
Dauup Authorization,Publishers Seller ID Tracker,Dauup,Publisher,Year of Code,Publisher Ads.txt,"dauup.com, 40653, DIRECT",dauup.com,40653,DIRECT,,False,False,,,
Dauup Authorization,Publishers Seller ID Tracker,Dauup,Publisher,Mobione Technology Pte Ltd,Publisher Ads.txt,"dauup.com, 40654, DIRECT",dauup.com,40654,DIRECT,,False,False,,,
Dauup Authorization,Publishers Seller ID Tracker,Dauup,Publisher,TVCoins,Publisher Ads.txt,"dauup.com, 40661, DIRECT",dauup.com,40661,DIRECT,,False,False,,,
Dauup Authorization,Publishers Seller ID Tracker,Dauup,Publisher,Narcade Teknoloji A S,Publisher Ads.txt,"dauup.com, 40663, DIRECT",dauup.com,40663,DIRECT,,False,False,,,
Dauup Authorization,Publishers Seller ID Tracker,Dauup,Publisher,QUMARON,Publisher Ads.txt,"dauup.com, 40664, DIRECT",dauup.com,40664,DIRECT,,False,False,,,
Dauup Authorization,Publishers Seller ID Tracker,Dauup,Publisher,Zytoona,Publisher Ads.txt,"dauup.com, 40665, DIRECT",dauup.com,40665,DIRECT,,False,False,,,
Dauup Authorization,Publishers Seller ID Tracker,Dauup,Publisher,"XY Labs, Inc.",Publisher Ads.txt,"dauup.com, 40666, DIRECT",dauup.com,40666,DIRECT,,False,False,,,
Dauup Authorization,Publishers Seller ID Tracker,Dauup,Publisher,Optime Software LLC,Publisher Ads.txt,"dauup.com, 40668, DIRECT",dauup.com,40668,DIRECT,,False,False,,,
Dauup Authorization,Publishers Seller ID Tracker,Dauup,Publisher,MINOVATE HONG KONG LIMITED,Publisher Ads.txt,"dauup.com, 40670, DIRECT",dauup.com,40670,DIRECT,,False,False,,,
Dauup Authorization,Publishers Seller ID Tracker,Dauup,Publisher,Rayole Software Private Limited,Publisher Ads.txt,"dauup.com, 40671, DIRECT",dauup.com,40671,DIRECT,,False,False,,,
Dauup Authorization,Publishers Seller ID Tracker,Dauup,Publisher,Questzy Global Ltd.,Publisher Ads.txt,"dauup.com, 40673, DIRECT",dauup.com,40673,DIRECT,,False,False,,,
Dauup Authorization,Publishers Seller ID Tracker,Dauup,Publisher,TesTee Inc.,Publisher Ads.txt,"dauup.com, 40676, DIRECT",dauup.com,40676,DIRECT,,False,False,,,
Dauup Authorization,Publishers Seller ID Tracker,Dauup,Publisher,Fusionapps,Publisher Ads.txt,"dauup.com, 40678, DIRECT",dauup.com,40678,DIRECT,,False,False,,,
Dauup Authorization,Publishers Seller ID Tracker,Dauup,Publisher,TippyTap Corp.,Publisher Ads.txt,"dauup.com, 40690, DIRECT",dauup.com,40690,DIRECT,,False,False,,,
Dauup Authorization,Publishers Seller ID Tracker,Dauup,Publisher,Eyewind-CN-Export,Publisher Ads.txt,"dauup.com, 40695, DIRECT",dauup.com,40695,DIRECT,,False,False,,,
Dauup Authorization,Publishers Seller ID Tracker,Dauup,Publisher,justDice GmbH,Publisher Ads.txt,"dauup.com, 40697, DIRECT",dauup.com,40697,DIRECT,,False,False,,,
Dauup Authorization,Publishers Seller ID Tracker,Dauup,Publisher,1931-11-01 00:00:00,Publisher Ads.txt,"dauup.com, 40701, DIRECT",dauup.com,40701,DIRECT,,False,False,,,
Dauup Authorization,Publishers Seller ID Tracker,Dauup,Publisher,PlayMarketing OU,Publisher Ads.txt,"dauup.com, 40702, DIRECT",dauup.com,40702,DIRECT,,False,False,,,
Dauup Authorization,Publishers Seller ID Tracker,Dauup,Publisher,A Small Game,Publisher Ads.txt,"dauup.com, 40703, DIRECT",dauup.com,40703,DIRECT,,False,False,,,
Dauup Authorization,Publishers Seller ID Tracker,Dauup,Publisher,Pixodust Games,Publisher Ads.txt,"dauup.com, 40705, DIRECT",dauup.com,40705,DIRECT,,False,False,,,
Dauup Authorization,Publishers Seller ID Tracker,Dauup,Publisher,Overmobile LLC,Publisher Ads.txt,"dauup.com, 40712, DIRECT",dauup.com,40712,DIRECT,,False,False,,,
Dauup Authorization,Publishers Seller ID Tracker,Dauup,Publisher,Century Games Pte. Ltd,Publisher Ads.txt,"dauup.com, 40717, DIRECT",dauup.com,40717,DIRECT,,False,False,,,
Dauup Authorization,Publishers Seller ID Tracker,Dauup,Publisher,NokoPrint LLC,Publisher Ads.txt,"dauup.com, 40718, DIRECT",dauup.com,40718,DIRECT,,False,False,,,
Dauup Authorization,Publishers Seller ID Tracker,Dauup,Publisher,Tripledot Studios_1,Publisher Ads.txt,"dauup.com, 40720, DIRECT",dauup.com,40720,DIRECT,,False,False,,,
Dauup Authorization,Publishers Seller ID Tracker,Dauup,Publisher,MMN7 LIT GAMES DEVELOPMENT LIMITED,Publisher Ads.txt,"dauup.com, 40721, DIRECT",dauup.com,40721,DIRECT,,False,False,,,
Dauup Authorization,Publishers Seller ID Tracker,Dauup,Publisher,PSGames Pty Ltd,Publisher Ads.txt,"dauup.com, 40724, DIRECT",dauup.com,40724,DIRECT,,False,False,,,
Dauup Authorization,Publishers Seller ID Tracker,Dauup,Publisher,Chardonnay Partners,Publisher Ads.txt,"dauup.com, 40733, DIRECT",dauup.com,40733,DIRECT,,False,False,,,
Dauup Authorization,Publishers Seller ID Tracker,Dauup,Publisher,iLuckyHealth,Publisher Ads.txt,"dauup.com, 40735, DIRECT",dauup.com,40735,DIRECT,,False,False,,,
Dauup Authorization,Publishers Seller ID Tracker,Dauup,Publisher,SCI Bronze,Publisher Ads.txt,"dauup.com, 40739, DIRECT",dauup.com,40739,DIRECT,,False,False,,,
Dauup Authorization,Publishers Seller ID Tracker,Dauup,Publisher,Tribech Solutions Pvt Limited,Publisher Ads.txt,"dauup.com, 40743, DIRECT",dauup.com,40743,DIRECT,,False,False,,,
Dauup Authorization,Publishers Seller ID Tracker,Dauup,Publisher,Joyteractive Ltd,Publisher Ads.txt,"dauup.com, 40746, DIRECT",dauup.com,40746,DIRECT,,False,False,,,
Dauup Authorization,Publishers Seller ID Tracker,Dauup,Publisher,Bigcode games pvt ltd,Publisher Ads.txt,"dauup.com, 40748, DIRECT",dauup.com,40748,DIRECT,,False,False,,,
Dauup Authorization,Publishers Seller ID Tracker,Dauup,Publisher,ARCADIAN LAB INC,Publisher Ads.txt,"dauup.com, 40752, DIRECT",dauup.com,40752,DIRECT,,False,False,,,
Dauup Authorization,Publishers Seller ID Tracker,Dauup,Publisher,DreamLoft,Publisher Ads.txt,"dauup.com, 40756, DIRECT",dauup.com,40756,DIRECT,,False,False,,,
Dauup Authorization,Publishers Seller ID Tracker,Dauup,Publisher,MochiBits,Publisher Ads.txt,"dauup.com, 40757, DIRECT",dauup.com,40757,DIRECT,,False,False,,,
Dauup Authorization,Publishers Seller ID Tracker,Dauup,Publisher,Giant Avocado Games,Publisher Ads.txt,"dauup.com, 40758, DIRECT",dauup.com,40758,DIRECT,,False,False,,,
Dauup Authorization,Publishers Seller ID Tracker,Dauup,Publisher,Richie Games,Publisher Ads.txt,"dauup.com, 40759, DIRECT",dauup.com,40759,DIRECT,,False,False,,,
Dauup Authorization,Publishers Seller ID Tracker,Dauup,Publisher,AppAspect Technologies Pvt. Ltd.,Publisher Ads.txt,"dauup.com, 40765, DIRECT",dauup.com,40765,DIRECT,,False,False,,,
Dauup Authorization,Publishers Seller ID Tracker,Dauup,Publisher,BADSNOWBALL HONGKONG LIMITED,Publisher Ads.txt,"dauup.com, 40768, DIRECT",dauup.com,40768,DIRECT,,False,False,,,
Dauup Authorization,Publishers Seller ID Tracker,Dauup,Publisher,Files Technology,Publisher Ads.txt,"dauup.com, 40769, DIRECT",dauup.com,40769,DIRECT,,False,False,,,
Dauup Authorization,Publishers Seller ID Tracker,Dauup,Publisher,Nestia,Publisher Ads.txt,"dauup.com, 40773, DIRECT",dauup.com,40773,DIRECT,,False,False,,,
Dauup Authorization,Publishers Seller ID Tracker,Dauup,Publisher,Artbid Games,Publisher Ads.txt,"dauup.com, 40777, DIRECT",dauup.com,40777,DIRECT,,False,False,,,
Dauup Authorization,Publishers Seller ID Tracker,Dauup,Publisher,Friedeggames OU,Publisher Ads.txt,"dauup.com, 40779, DIRECT",dauup.com,40779,DIRECT,,False,False,,,
Dauup Authorization,Publishers Seller ID Tracker,Dauup,Publisher,Play2Pay,Publisher Ads.txt,"dauup.com, 40780, DIRECT",dauup.com,40780,DIRECT,,False,False,,,
Dauup Authorization,Publishers Seller ID Tracker,Dauup,Publisher,Phantorama Games GmbH,Publisher Ads.txt,"dauup.com, 40786, DIRECT",dauup.com,40786,DIRECT,,False,False,,,
Dauup Authorization,Publishers Seller ID Tracker,Dauup,Publisher,One Color Games ApS,Publisher Ads.txt,"dauup.com, 40788, DIRECT",dauup.com,40788,DIRECT,,False,False,,,
Dauup Authorization,Publishers Seller ID Tracker,Dauup,Publisher,GameTechStudio OÜ,Publisher Ads.txt,"dauup.com, 40790, DIRECT",dauup.com,40790,DIRECT,,False,False,,,
Dauup Authorization,Publishers Seller ID Tracker,Dauup,Publisher,Nomadic Bear Games LLC,Publisher Ads.txt,"dauup.com, 40793, DIRECT",dauup.com,40793,DIRECT,,False,False,,,
Dauup Authorization,Publishers Seller ID Tracker,Dauup,Publisher,Bitsmedia Pte. Ltd.,Publisher Ads.txt,"dauup.com, 40796, DIRECT",dauup.com,40796,DIRECT,,False,False,,,
Dauup Authorization,Publishers Seller ID Tracker,Dauup,Publisher,doppelsoft,Publisher Ads.txt,"dauup.com, 40798, DIRECT",dauup.com,40798,DIRECT,,False,False,,,
Dauup Authorization,Publishers Seller ID Tracker,Dauup,Publisher,Futbol Sites LLC,Publisher Ads.txt,"dauup.com, 40799, DIRECT",dauup.com,40799,DIRECT,,False,False,,,
Dauup Authorization,Publishers Seller ID Tracker,Dauup,Publisher,KiteTech,Publisher Ads.txt,"dauup.com, 40800, DIRECT",dauup.com,40800,DIRECT,,False,False,,,
Dauup Authorization,Publishers Seller ID Tracker,Dauup,Publisher,BetsWall,Publisher Ads.txt,"dauup.com, 40804, DIRECT",dauup.com,40804,DIRECT,,False,False,,,
Dauup Authorization,Publishers Seller ID Tracker,Dauup,Publisher,SCORP GAME INC.,Publisher Ads.txt,"dauup.com, 40805, DIRECT",dauup.com,40805,DIRECT,,False,False,,,
Dauup Authorization,Publishers Seller ID Tracker,Dauup,Publisher,Feamber,Publisher Ads.txt,"dauup.com, 40806, DIRECT",dauup.com,40806,DIRECT,,False,False,,,
Dauup Authorization,Publishers Seller ID Tracker,Dauup,Publisher,iRainbow Hong Kong Limited,Publisher Ads.txt,"dauup.com, 40809, DIRECT",dauup.com,40809,DIRECT,,False,False,,,
Dauup Authorization,Publishers Seller ID Tracker,Dauup,Publisher,Bermuda Games,Publisher Ads.txt,"dauup.com, 40813, DIRECT",dauup.com,40813,DIRECT,,False,False,,,
Dauup Authorization,Publishers Seller ID Tracker,Dauup,Publisher,RobTop Games AB,Publisher Ads.txt,"dauup.com, 40815, DIRECT",dauup.com,40815,DIRECT,,False,False,,,
Dauup Authorization,Publishers Seller ID Tracker,Dauup,Publisher,PLAYWITH,Publisher Ads.txt,"dauup.com, 40816, DIRECT",dauup.com,40816,DIRECT,,False,False,,,
Dauup Authorization,Publishers Seller ID Tracker,Dauup,Publisher,Scores App,Publisher Ads.txt,"dauup.com, 40823, DIRECT",dauup.com,40823,DIRECT,,False,False,,,
Dauup Authorization,Publishers Seller ID Tracker,Dauup,Publisher,Survival Games Ltd,Publisher Ads.txt,"dauup.com, 40825, DIRECT",dauup.com,40825,DIRECT,,False,False,,,
Dauup Authorization,Publishers Seller ID Tracker,Dauup,Publisher,Mamboo Games FZCO,Publisher Ads.txt,"dauup.com, 40827, DIRECT",dauup.com,40827,DIRECT,,False,False,,,
Dauup Authorization,Publishers Seller ID Tracker,Dauup,Publisher,LiveMixtapes,Publisher Ads.txt,"dauup.com, 40828, DIRECT",dauup.com,40828,DIRECT,,False,False,,,
Dauup Authorization,Publishers Seller ID Tracker,Dauup,Publisher,Glixen Technolog,Publisher Ads.txt,"dauup.com, 40835, DIRECT",dauup.com,40835,DIRECT,,False,False,,,
Dauup Authorization,Publishers Seller ID Tracker,Dauup,Publisher,Baun & Dolphin GbR OLD,Publisher Ads.txt,"dauup.com, 40837, DIRECT",dauup.com,40837,DIRECT,,False,False,,,
Dauup Authorization,Publishers Seller ID Tracker,Dauup,Publisher,IceCat Publishing Limited,Publisher Ads.txt,"dauup.com, 40838, DIRECT",dauup.com,40838,DIRECT,,False,False,,,
Dauup Authorization,Publishers Seller ID Tracker,Dauup,Publisher,SmartNews,Publisher Ads.txt,"dauup.com, 40839, DIRECT",dauup.com,40839,DIRECT,,False,False,,,
Dauup Authorization,Publishers Seller ID Tracker,Dauup,Publisher,Shanab for Digital Games,Publisher Ads.txt,"dauup.com, 40844, DIRECT",dauup.com,40844,DIRECT,,False,False,,,
Dauup Authorization,Publishers Seller ID Tracker,Dauup,Publisher,TAJIMU TECH Co.LIMIT,Publisher Ads.txt,"dauup.com, 40846, DIRECT",dauup.com,40846,DIRECT,,False,False,,,
Dauup Authorization,Publishers Seller ID Tracker,Dauup,Publisher,Illuminati Games,Publisher Ads.txt,"dauup.com, 40848, DIRECT",dauup.com,40848,DIRECT,,False,False,,,
Dauup Authorization,Publishers Seller ID Tracker,Dauup,Publisher,HYPERHUG LTD,Publisher Ads.txt,"dauup.com, 40852, DIRECT",dauup.com,40852,DIRECT,,False,False,,,
Dauup Authorization,Publishers Seller ID Tracker,Dauup,Publisher,Photo Roulette,Publisher Ads.txt,"dauup.com, 40855, DIRECT",dauup.com,40855,DIRECT,,False,False,,,
Dauup Authorization,Publishers Seller ID Tracker,Dauup,Publisher,Coolplay GmbH,Publisher Ads.txt,"dauup.com, 40856, DIRECT",dauup.com,40856,DIRECT,,False,False,,,
Dauup Authorization,Publishers Seller ID Tracker,Dauup,Publisher,AVANT GRADE TECHNOLOGIES PTE. LTD,Publisher Ads.txt,"dauup.com, 40857, DIRECT",dauup.com,40857,DIRECT,,False,False,,,
Dauup Authorization,Publishers Seller ID Tracker,Dauup,Publisher,Pixelmob Sp. z o.o.,Publisher Ads.txt,"dauup.com, 40858, DIRECT",dauup.com,40858,DIRECT,,False,False,,,
Dauup Authorization,Publishers Seller ID Tracker,Dauup,Publisher,7th Gear,Publisher Ads.txt,"dauup.com, 40866, DIRECT",dauup.com,40866,DIRECT,,False,False,,,
Dauup Authorization,Publishers Seller ID Tracker,Dauup,Publisher,Revani Limited,Publisher Ads.txt,"dauup.com, 40872, DIRECT",dauup.com,40872,DIRECT,,False,False,,,
Dauup Authorization,Publishers Seller ID Tracker,Dauup,Publisher,code lads,Publisher Ads.txt,"dauup.com, 40873, DIRECT",dauup.com,40873,DIRECT,,False,False,,,
Dauup Authorization,Publishers Seller ID Tracker,Dauup,Publisher,GAMETION GLOBAL TECHNOLOGIES PTE LTD,Publisher Ads.txt,"dauup.com, 40875, DIRECT",dauup.com,40875,DIRECT,,False,False,,,
Dauup Authorization,Publishers Seller ID Tracker,Dauup,Publisher,"PIVOT Games, Inc.",Publisher Ads.txt,"dauup.com, 40876, DIRECT",dauup.com,40876,DIRECT,,False,False,,,
Dauup Authorization,Publishers Seller ID Tracker,Dauup,Publisher,Vlasis Alexopoulos,Publisher Ads.txt,"dauup.com, 40879, DIRECT",dauup.com,40879,DIRECT,,False,False,,,
Dauup Authorization,Publishers Seller ID Tracker,Dauup,Publisher,North Sky Games,Publisher Ads.txt,"dauup.com, 40881, DIRECT",dauup.com,40881,DIRECT,,False,False,,,
Dauup Authorization,Publishers Seller ID Tracker,Dauup,Publisher,Fansipan Limited,Publisher Ads.txt,"dauup.com, 40883, DIRECT",dauup.com,40883,DIRECT,,False,False,,,
Dauup Authorization,Publishers Seller ID Tracker,Dauup,Publisher,"Vyng, Inc.",Publisher Ads.txt,"dauup.com, 40885, DIRECT",dauup.com,40885,DIRECT,,False,False,,,
Dauup Authorization,Publishers Seller ID Tracker,Dauup,Publisher,Amanotes Pte Ltd,Publisher Ads.txt,"dauup.com, 40886, DIRECT",dauup.com,40886,DIRECT,,False,False,,,
Dauup Authorization,Publishers Seller ID Tracker,Dauup,Publisher,amane factory inc.,Publisher Ads.txt,"dauup.com, 40890, DIRECT",dauup.com,40890,DIRECT,,False,False,,,
Dauup Authorization,Publishers Seller ID Tracker,Dauup,Publisher,WildCard Games,Publisher Ads.txt,"dauup.com, 40891, DIRECT",dauup.com,40891,DIRECT,,False,False,,,
Dauup Authorization,Publishers Seller ID Tracker,Dauup,Publisher,The card games company,Publisher Ads.txt,"dauup.com, 40894, DIRECT",dauup.com,40894,DIRECT,,False,False,,,
Dauup Authorization,Publishers Seller ID Tracker,Dauup,Publisher,APPSUPERB PTE.LTD.,Publisher Ads.txt,"dauup.com, 40895, DIRECT",dauup.com,40895,DIRECT,,False,False,,,
Dauup Authorization,Publishers Seller ID Tracker,Dauup,Publisher,Pickle Cube Software Ltd,Publisher Ads.txt,"dauup.com, 40897, DIRECT",dauup.com,40897,DIRECT,,False,False,,,
Dauup Authorization,Publishers Seller ID Tracker,Dauup,Publisher,INDIEZ GLOBAL PTE. LTD.,Publisher Ads.txt,"dauup.com, 40901, DIRECT",dauup.com,40901,DIRECT,,False,False,,,
Dauup Authorization,Publishers Seller ID Tracker,Dauup,Publisher,Czech Declension Flashcards,Publisher Ads.txt,"dauup.com, 40904, DIRECT",dauup.com,40904,DIRECT,,False,False,,,
Dauup Authorization,Publishers Seller ID Tracker,Dauup,Publisher,BegaMob,Publisher Ads.txt,"dauup.com, 40909, DIRECT",dauup.com,40909,DIRECT,,False,False,,,
Dauup Authorization,Publishers Seller ID Tracker,Dauup,Publisher,FreeCasualGames Inc.,Publisher Ads.txt,"dauup.com, 40911, DIRECT",dauup.com,40911,DIRECT,,False,False,,,
Dauup Authorization,Publishers Seller ID Tracker,Dauup,Publisher,UGA DOOGA LLC,Publisher Ads.txt,"dauup.com, 40916, DIRECT",dauup.com,40916,DIRECT,,False,False,,,
Dauup Authorization,Publishers Seller ID Tracker,Dauup,Publisher,Fusebox Games,Publisher Ads.txt,"dauup.com, 40917, DIRECT",dauup.com,40917,DIRECT,,False,False,,,
Dauup Authorization,Publishers Seller ID Tracker,Dauup,Publisher,AI Factory Limited,Publisher Ads.txt,"dauup.com, 40919, DIRECT",dauup.com,40919,DIRECT,,False,False,,,
Dauup Authorization,Publishers Seller ID Tracker,Dauup,Publisher,RWG STUDIO LTD.,Publisher Ads.txt,"dauup.com, 40927, DIRECT",dauup.com,40927,DIRECT,,False,False,,,
Dauup Authorization,Publishers Seller ID Tracker,Dauup,Publisher,Marketluck SAS,Publisher Ads.txt,"dauup.com, 40930, DIRECT",dauup.com,40930,DIRECT,,False,False,,,
Dauup Authorization,Publishers Seller ID Tracker,Dauup,Publisher,Full Fat Productions Ltd,Publisher Ads.txt,"dauup.com, 40933, DIRECT",dauup.com,40933,DIRECT,,False,False,,,
Dauup Authorization,Publishers Seller ID Tracker,Dauup,Publisher,BP Mobile LLC,Publisher Ads.txt,"dauup.com, 40934, DIRECT",dauup.com,40934,DIRECT,,False,False,,,
Dauup Authorization,Publishers Seller ID Tracker,Dauup,Publisher,Tarkin Studios SL,Publisher Ads.txt,"dauup.com, 40939, DIRECT",dauup.com,40939,DIRECT,,False,False,,,
Dauup Authorization,Publishers Seller ID Tracker,Dauup,Publisher,big cake group limted,Publisher Ads.txt,"dauup.com, 40941, DIRECT",dauup.com,40941,DIRECT,,False,False,,,
Dauup Authorization,Publishers Seller ID Tracker,Dauup,Publisher,Ludum Mobil Teknoloji Ithalat Ihracat ve Tic. A.S.,Publisher Ads.txt,"dauup.com, 40946, DIRECT",dauup.com,40946,DIRECT,,False,False,,,
Dauup Authorization,Publishers Seller ID Tracker,Dauup,Publisher,Coda Platform,Publisher Ads.txt,"dauup.com, 40947, DIRECT",dauup.com,40947,DIRECT,,False,False,,,
Dauup Authorization,Publishers Seller ID Tracker,Dauup,Publisher,Hi Studio,Publisher Ads.txt,"dauup.com, 40955, DIRECT",dauup.com,40955,DIRECT,,False,False,,,
Dauup Authorization,Publishers Seller ID Tracker,Dauup,Publisher,Trending.fm,Publisher Ads.txt,"dauup.com, 40959, DIRECT",dauup.com,40959,DIRECT,,False,False,,,
Dauup Authorization,Publishers Seller ID Tracker,Dauup,Publisher,Stellarplay Games Pvt Ltd,Publisher Ads.txt,"dauup.com, 40963, DIRECT",dauup.com,40963,DIRECT,,False,False,,,
Dauup Authorization,Publishers Seller ID Tracker,Dauup,Publisher,MAGLAB OYUN,Publisher Ads.txt,"dauup.com, 40965, DIRECT",dauup.com,40965,DIRECT,,False,False,,,
Dauup Authorization,Publishers Seller ID Tracker,Dauup,Publisher,Finz Games LLC,Publisher Ads.txt,"dauup.com, 40968, DIRECT",dauup.com,40968,DIRECT,,False,False,,,
Dauup Authorization,Publishers Seller ID Tracker,Dauup,Publisher,WeWard,Publisher Ads.txt,"dauup.com, 40973, DIRECT",dauup.com,40973,DIRECT,,False,False,,,
Dauup Authorization,Publishers Seller ID Tracker,Dauup,Publisher,JETKITE LLC,Publisher Ads.txt,"dauup.com, 40980, DIRECT",dauup.com,40980,DIRECT,,False,False,,,
Dauup Authorization,Publishers Seller ID Tracker,Dauup,Publisher,MadarSoft,Publisher Ads.txt,"dauup.com, 40982, DIRECT",dauup.com,40982,DIRECT,,False,False,,,
Dauup Authorization,Publishers Seller ID Tracker,Dauup,Publisher,elo Games GmbH,Publisher Ads.txt,"dauup.com, 40985, DIRECT",dauup.com,40985,DIRECT,,False,False,,,
Dauup Authorization,Publishers Seller ID Tracker,Dauup,Publisher,Codeway Dijital Hizmetler Anonim Sirketi,Publisher Ads.txt,"dauup.com, 40987, DIRECT",dauup.com,40987,DIRECT,,False,False,,,
Dauup Authorization,Publishers Seller ID Tracker,Dauup,Publisher,Glowing Eye Games,Publisher Ads.txt,"dauup.com, 40990, DIRECT",dauup.com,40990,DIRECT,,False,False,,,
Dauup Authorization,Publishers Seller ID Tracker,Dauup,Publisher,Yamy Studio,Publisher Ads.txt,"dauup.com, 40997, DIRECT",dauup.com,40997,DIRECT,,False,False,,,
Dauup Authorization,Publishers Seller ID Tracker,Dauup,Publisher,Connectinno,Publisher Ads.txt,"dauup.com, 40998, DIRECT",dauup.com,40998,DIRECT,,False,False,,,
Dauup Authorization,Publishers Seller ID Tracker,Dauup,Publisher,GameTitanz,Publisher Ads.txt,"dauup.com, 40999, DIRECT",dauup.com,40999,DIRECT,,False,False,,,
Dauup Authorization,Publishers Seller ID Tracker,Dauup,Publisher,Slacker,Publisher Ads.txt,"dauup.com, 41002, DIRECT",dauup.com,41002,DIRECT,,False,False,,,
Dauup Authorization,Publishers Seller ID Tracker,Dauup,Publisher,Hoopsly FZC,Publisher Ads.txt,"dauup.com, 41007, DIRECT",dauup.com,41007,DIRECT,,False,False,,,
Dauup Authorization,Publishers Seller ID Tracker,Dauup,Publisher,Joyride GmbH,Publisher Ads.txt,"dauup.com, 41014, DIRECT",dauup.com,41014,DIRECT,,False,False,,,
Dauup Authorization,Publishers Seller ID Tracker,Dauup,Publisher,1Button,Publisher Ads.txt,"dauup.com, 41017, DIRECT",dauup.com,41017,DIRECT,,False,False,,,
Dauup Authorization,Publishers Seller ID Tracker,Dauup,Publisher,Sociaaal LLC,Publisher Ads.txt,"dauup.com, 41019, DIRECT",dauup.com,41019,DIRECT,,False,False,,,
Dauup Authorization,Publishers Seller ID Tracker,Dauup,Publisher,Playwire LLC,Publisher Ads.txt,"dauup.com, 41020, DIRECT",dauup.com,41020,DIRECT,,False,False,,,
Dauup Authorization,Publishers Seller ID Tracker,Dauup,Publisher,ChennaiGames Studio Private Limited,Publisher Ads.txt,"dauup.com, 41022, DIRECT",dauup.com,41022,DIRECT,,False,False,,,
Dauup Authorization,Publishers Seller ID Tracker,Dauup,Publisher,Weatherzone,Publisher Ads.txt,"dauup.com, 41023, DIRECT",dauup.com,41023,DIRECT,,False,False,,,
Dauup Authorization,Publishers Seller ID Tracker,Dauup,Publisher,Unico Games Bilisim,Publisher Ads.txt,"dauup.com, 41025, DIRECT",dauup.com,41025,DIRECT,,False,False,,,
Dauup Authorization,Publishers Seller ID Tracker,Dauup,Publisher,"ConnectIQ Labs, Inc DBA Miles",Publisher Ads.txt,"dauup.com, 41030, DIRECT",dauup.com,41030,DIRECT,,False,False,,,
Dauup Authorization,Publishers Seller ID Tracker,Dauup,Publisher,decagames,Publisher Ads.txt,"dauup.com, 41031, DIRECT",dauup.com,41031,DIRECT,,False,False,,,
Dauup Authorization,Publishers Seller ID Tracker,Dauup,Publisher,Hyperionics Technology,Publisher Ads.txt,"dauup.com, 41036, DIRECT",dauup.com,41036,DIRECT,,False,False,,,
Dauup Authorization,Publishers Seller ID Tracker,Dauup,Publisher,VideoPoker.com,Publisher Ads.txt,"dauup.com, 41039, DIRECT",dauup.com,41039,DIRECT,,False,False,,,
Dauup Authorization,Publishers Seller ID Tracker,Dauup,Publisher,The Game Storm Studios Incorporated,Publisher Ads.txt,"dauup.com, 41040, DIRECT",dauup.com,41040,DIRECT,,False,False,,,
Dauup Authorization,Publishers Seller ID Tracker,Dauup,Publisher,BODAPPS,Publisher Ads.txt,"dauup.com, 41041, DIRECT",dauup.com,41041,DIRECT,,False,False,,,
Dauup Authorization,Publishers Seller ID Tracker,Dauup,Publisher,TrueMyth Games Ltd,Publisher Ads.txt,"dauup.com, 41044, DIRECT",dauup.com,41044,DIRECT,,False,False,,,
Dauup Authorization,Publishers Seller ID Tracker,Dauup,Publisher,Dats Games LP,Publisher Ads.txt,"dauup.com, 41046, DIRECT",dauup.com,41046,DIRECT,,False,False,,,
Dauup Authorization,Publishers Seller ID Tracker,Dauup,Publisher,Langmate,Publisher Ads.txt,"dauup.com, 41049, DIRECT",dauup.com,41049,DIRECT,,False,False,,,
Dauup Authorization,Publishers Seller ID Tracker,Dauup,Publisher,Deep Market LLC,Publisher Ads.txt,"dauup.com, 41051, DIRECT",dauup.com,41051,DIRECT,,False,False,,,
Dauup Authorization,Publishers Seller ID Tracker,Dauup,Publisher,Bear Hug Entertainment,Publisher Ads.txt,"dauup.com, 41056, DIRECT",dauup.com,41056,DIRECT,,False,False,,,
Dauup Authorization,Publishers Seller ID Tracker,Dauup,Publisher,ABXZ INC.,Publisher Ads.txt,"dauup.com, 41057, DIRECT",dauup.com,41057,DIRECT,,False,False,,,
Dauup Authorization,Publishers Seller ID Tracker,Dauup,Publisher,Gliding Deer LTD,Publisher Ads.txt,"dauup.com, 41060, DIRECT",dauup.com,41060,DIRECT,,False,False,,,
Dauup Authorization,Publishers Seller ID Tracker,Dauup,Publisher,Suprematy LLC.,Publisher Ads.txt,"dauup.com, 41061, DIRECT",dauup.com,41061,DIRECT,,False,False,,,
Dauup Authorization,Publishers Seller ID Tracker,Dauup,Publisher,Nakusi Games,Publisher Ads.txt,"dauup.com, 41063, DIRECT",dauup.com,41063,DIRECT,,False,False,,,
Dauup Authorization,Publishers Seller ID Tracker,Dauup,Publisher,etermax S.A.,Publisher Ads.txt,"dauup.com, 41070, DIRECT",dauup.com,41070,DIRECT,,False,False,,,
Dauup Authorization,Publishers Seller ID Tracker,Dauup,Publisher,"USAYA Co., Ltd.",Publisher Ads.txt,"dauup.com, 41071, DIRECT",dauup.com,41071,DIRECT,,False,False,,,
Dauup Authorization,Publishers Seller ID Tracker,Dauup,Publisher,ELKROOM,Publisher Ads.txt,"dauup.com, 41073, DIRECT",dauup.com,41073,DIRECT,,False,False,,,
Dauup Authorization,Publishers Seller ID Tracker,Dauup,Publisher,Hometalk Inc.,Publisher Ads.txt,"dauup.com, 41075, DIRECT",dauup.com,41075,DIRECT,,False,False,,,
Dauup Authorization,Publishers Seller ID Tracker,Dauup,Publisher,Code Dish GmbH,Publisher Ads.txt,"dauup.com, 41078, DIRECT",dauup.com,41078,DIRECT,,False,False,,,
Dauup Authorization,Publishers Seller ID Tracker,Dauup,Publisher,HYPERMONK GAMES OYUN YAZILIM PAZARLAMA VE DANISMANLIK ANONIM SIRKETI,Publisher Ads.txt,"dauup.com, 41084, DIRECT",dauup.com,41084,DIRECT,,False,False,,,
Dauup Authorization,Publishers Seller ID Tracker,Dauup,Publisher,Rosecrab Limited,Publisher Ads.txt,"dauup.com, 41087, DIRECT",dauup.com,41087,DIRECT,,False,False,,,
Dauup Authorization,Publishers Seller ID Tracker,Dauup,Publisher,Arioch INC,Publisher Ads.txt,"dauup.com, 41091, DIRECT",dauup.com,41091,DIRECT,,False,False,,,
Dauup Authorization,Publishers Seller ID Tracker,Dauup,Publisher,TheAppGuruz,Publisher Ads.txt,"dauup.com, 41094, DIRECT",dauup.com,41094,DIRECT,,False,False,,,
Dauup Authorization,Publishers Seller ID Tracker,Dauup,Publisher,Monster Brain Studios Limited,Publisher Ads.txt,"dauup.com, 41095, DIRECT",dauup.com,41095,DIRECT,,False,False,,,
Dauup Authorization,Publishers Seller ID Tracker,Dauup,Publisher,Cloudview Technology Limited,Publisher Ads.txt,"dauup.com, 41097, DIRECT",dauup.com,41097,DIRECT,,False,False,,,
Dauup Authorization,Publishers Seller ID Tracker,Dauup,Publisher,PocketFM,Publisher Ads.txt,"dauup.com, 41102, DIRECT",dauup.com,41102,DIRECT,,False,False,,,
Dauup Authorization,Publishers Seller ID Tracker,Dauup,Publisher,Dreamplay Games,Publisher Ads.txt,"dauup.com, 41104, DIRECT",dauup.com,41104,DIRECT,,False,False,,,
Dauup Authorization,Publishers Seller ID Tracker,Dauup,Publisher,Beyond Games Oyun Yazılım ve Pazarlama Ltd.,Publisher Ads.txt,"dauup.com, 41106, DIRECT",dauup.com,41106,DIRECT,,False,False,,,
Dauup Authorization,Publishers Seller ID Tracker,Dauup,Publisher,Neon Play,Publisher Ads.txt,"dauup.com, 41108, DIRECT",dauup.com,41108,DIRECT,,False,False,,,
Dauup Authorization,Publishers Seller ID Tracker,Dauup,Publisher,GAME DISTRICT IT SOLUTIONS,Publisher Ads.txt,"dauup.com, 41110, DIRECT",dauup.com,41110,DIRECT,,False,False,,,
Dauup Authorization,Publishers Seller ID Tracker,Dauup,Publisher,Firebyte Games S.A.,Publisher Ads.txt,"dauup.com, 41118, DIRECT",dauup.com,41118,DIRECT,,False,False,,,
Dauup Authorization,Publishers Seller ID Tracker,Dauup,Publisher,Flyclops LLC,Publisher Ads.txt,"dauup.com, 41121, DIRECT",dauup.com,41121,DIRECT,,False,False,,,
Dauup Authorization,Publishers Seller ID Tracker,Dauup,Publisher,Challenges Inc.,Publisher Ads.txt,"dauup.com, 41122, DIRECT",dauup.com,41122,DIRECT,,False,False,,,
Dauup Authorization,Publishers Seller ID Tracker,Dauup,Publisher,Jungle Frog LDA,Publisher Ads.txt,"dauup.com, 41125, DIRECT",dauup.com,41125,DIRECT,,False,False,,,
Dauup Authorization,Publishers Seller ID Tracker,Dauup,Publisher,Hitapps,Publisher Ads.txt,"dauup.com, 41127, DIRECT",dauup.com,41127,DIRECT,,False,False,,,
Dauup Authorization,Publishers Seller ID Tracker,Dauup,Publisher,LuckyChanGames,Publisher Ads.txt,"dauup.com, 41133, DIRECT",dauup.com,41133,DIRECT,,False,False,,,
Dauup Authorization,Publishers Seller ID Tracker,Dauup,Publisher,ENBERI YAZILIM TEKNOLOJI A.S.,Publisher Ads.txt,"dauup.com, 41134, DIRECT",dauup.com,41134,DIRECT,,False,False,,,
Dauup Authorization,Publishers Seller ID Tracker,Dauup,Publisher,Color Switch Phoenix LLC.,Publisher Ads.txt,"dauup.com, 41136, DIRECT",dauup.com,41136,DIRECT,,False,False,,,
Dauup Authorization,Publishers Seller ID Tracker,Dauup,Publisher,ImagitechTopscore,Publisher Ads.txt,"dauup.com, 41137, DIRECT",dauup.com,41137,DIRECT,,False,False,,,
Dauup Authorization,Publishers Seller ID Tracker,Dauup,Publisher,Mofun Games-CN-Export,Publisher Ads.txt,"dauup.com, 41138, DIRECT",dauup.com,41138,DIRECT,,False,False,,,
Dauup Authorization,Publishers Seller ID Tracker,Dauup,Publisher,PlayToWin Mobile LLC,Publisher Ads.txt,"dauup.com, 41139, DIRECT",dauup.com,41139,DIRECT,,False,False,,,
Dauup Authorization,Publishers Seller ID Tracker,Dauup,Publisher,"Magic Tavern, Inc.",Publisher Ads.txt,"dauup.com, 41140, DIRECT",dauup.com,41140,DIRECT,,False,False,,,
Dauup Authorization,Publishers Seller ID Tracker,Dauup,Publisher,Inwave Studio,Publisher Ads.txt,"dauup.com, 41145, DIRECT",dauup.com,41145,DIRECT,,False,False,,,
Dauup Authorization,Publishers Seller ID Tracker,Dauup,Publisher,WANNATEST GAMES LTD,Publisher Ads.txt,"dauup.com, 41147, DIRECT",dauup.com,41147,DIRECT,,False,False,,,
Dauup Authorization,Publishers Seller ID Tracker,Dauup,Publisher,MixerBox Inc,Publisher Ads.txt,"dauup.com, 41152, DIRECT",dauup.com,41152,DIRECT,,False,False,,,
Dauup Authorization,Publishers Seller ID Tracker,Dauup,Publisher,TextMe,Publisher Ads.txt,"dauup.com, 41154, DIRECT",dauup.com,41154,DIRECT,,False,False,,,
Dauup Authorization,Publishers Seller ID Tracker,Dauup,Publisher,Poptacular,Publisher Ads.txt,"dauup.com, 41156, DIRECT",dauup.com,41156,DIRECT,,False,False,,,
Dauup Authorization,Publishers Seller ID Tracker,Dauup,Publisher,TeamSnap Inc,Publisher Ads.txt,"dauup.com, 41158, DIRECT",dauup.com,41158,DIRECT,,False,False,,,
Dauup Authorization,Publishers Seller ID Tracker,Dauup,Publisher,Rabbit Mountain,Publisher Ads.txt,"dauup.com, 41160, DIRECT",dauup.com,41160,DIRECT,,False,False,,,
Dauup Authorization,Publishers Seller ID Tracker,Dauup,Publisher,Game Circus Studios,Publisher Ads.txt,"dauup.com, 41164, DIRECT",dauup.com,41164,DIRECT,,False,False,,,
Dauup Authorization,Publishers Seller ID Tracker,Dauup,Publisher,Dataviz,Publisher Ads.txt,"dauup.com, 41165, DIRECT",dauup.com,41165,DIRECT,,False,False,,,
Dauup Authorization,Publishers Seller ID Tracker,Dauup,Publisher,SKYLOFT Sp. z o. o.,Publisher Ads.txt,"dauup.com, 41167, DIRECT",dauup.com,41167,DIRECT,,False,False,,,
Dauup Authorization,Publishers Seller ID Tracker,Dauup,Publisher,OP.GG Inc.,Publisher Ads.txt,"dauup.com, 41170, DIRECT",dauup.com,41170,DIRECT,,False,False,,,
Dauup Authorization,Publishers Seller ID Tracker,Dauup,Publisher,GunjanApps Studios and Solutions LLP,Publisher Ads.txt,"dauup.com, 41179, DIRECT",dauup.com,41179,DIRECT,,False,False,,,
Dauup Authorization,Publishers Seller ID Tracker,Dauup,Publisher,Tatem Games Inc,Publisher Ads.txt,"dauup.com, 41185, DIRECT",dauup.com,41185,DIRECT,,False,False,,,
Dauup Authorization,Publishers Seller ID Tracker,Dauup,Publisher,CashWalk Labs,Publisher Ads.txt,"dauup.com, 41189, DIRECT",dauup.com,41189,DIRECT,,False,False,,,
Dauup Authorization,Publishers Seller ID Tracker,Dauup,Publisher,GAMES MOMENTUM SL,Publisher Ads.txt,"dauup.com, 41190, DIRECT",dauup.com,41190,DIRECT,,False,False,,,
Dauup Authorization,Publishers Seller ID Tracker,Dauup,Publisher,K17 Games,Publisher Ads.txt,"dauup.com, 41195, DIRECT",dauup.com,41195,DIRECT,,False,False,,,
Dauup Authorization,Publishers Seller ID Tracker,Dauup,Publisher,Rucksack Mobile App Development,Publisher Ads.txt,"dauup.com, 41196, DIRECT",dauup.com,41196,DIRECT,,False,False,,,
Dauup Authorization,Publishers Seller ID Tracker,Dauup,Publisher,Godzilab LLC,Publisher Ads.txt,"dauup.com, 41199, DIRECT",dauup.com,41199,DIRECT,,False,False,,,
Dauup Authorization,Publishers Seller ID Tracker,Dauup,Publisher,TOO Rebrik Games,Publisher Ads.txt,"dauup.com, 41207, DIRECT",dauup.com,41207,DIRECT,,False,False,,,
Dauup Authorization,Publishers Seller ID Tracker,Dauup,Publisher,Cittamobi,Publisher Ads.txt,"dauup.com, 41210, DIRECT",dauup.com,41210,DIRECT,,False,False,,,
Dauup Authorization,Publishers Seller ID Tracker,Dauup,Publisher,Triwin Inc.,Publisher Ads.txt,"dauup.com, 41215, DIRECT",dauup.com,41215,DIRECT,,False,False,,,
Dauup Authorization,Publishers Seller ID Tracker,Dauup,Publisher,Rareprob solutions private limited,Publisher Ads.txt,"dauup.com, 41217, DIRECT",dauup.com,41217,DIRECT,,False,False,,,
Dauup Authorization,Publishers Seller ID Tracker,Dauup,Publisher,SUPERCOSI,Publisher Ads.txt,"dauup.com, 41220, DIRECT",dauup.com,41220,DIRECT,,False,False,,,
Dauup Authorization,Publishers Seller ID Tracker,Dauup,Publisher,A2Apps,Publisher Ads.txt,"dauup.com, 41227, DIRECT",dauup.com,41227,DIRECT,,False,False,,,
Dauup Authorization,Publishers Seller ID Tracker,Dauup,Publisher,Good Gamer Corp.,Publisher Ads.txt,"dauup.com, 41230, DIRECT",dauup.com,41230,DIRECT,,False,False,,,
Dauup Authorization,Publishers Seller ID Tracker,Dauup,Publisher,Droplist,Publisher Ads.txt,"dauup.com, 41234, DIRECT",dauup.com,41234,DIRECT,,False,False,,,
Dauup Authorization,Publishers Seller ID Tracker,Dauup,Publisher,Skratchy,Publisher Ads.txt,"dauup.com, 41239, DIRECT",dauup.com,41239,DIRECT,,False,False,,,
Dauup Authorization,Publishers Seller ID Tracker,Dauup,Publisher,TIHN PTE LIMITED,Publisher Ads.txt,"dauup.com, 41241, DIRECT",dauup.com,41241,DIRECT,,False,False,,,
Dauup Authorization,Publishers Seller ID Tracker,Dauup,Publisher,Maka Mobile,Publisher Ads.txt,"dauup.com, 41243, DIRECT",dauup.com,41243,DIRECT,,False,False,,,
Dauup Authorization,Publishers Seller ID Tracker,Dauup,Publisher,Listonic sp. z o. o.,Publisher Ads.txt,"dauup.com, 41246, DIRECT",dauup.com,41246,DIRECT,,False,False,,,
Dauup Authorization,Publishers Seller ID Tracker,Dauup,Publisher,FootballCo Media Limited,Publisher Ads.txt,"dauup.com, 41249, DIRECT",dauup.com,41249,DIRECT,,False,False,,,
Dauup Authorization,Publishers Seller ID Tracker,Dauup,Publisher,the binary family GmbH,Publisher Ads.txt,"dauup.com, 41250, DIRECT",dauup.com,41250,DIRECT,,False,False,,,
Dauup Authorization,Publishers Seller ID Tracker,Dauup,Publisher,GAMEINDY,Publisher Ads.txt,"dauup.com, 41251, DIRECT",dauup.com,41251,DIRECT,,False,False,,,
Dauup Authorization,Publishers Seller ID Tracker,Dauup,Publisher,Highapp Limited,Publisher Ads.txt,"dauup.com, 41252, DIRECT",dauup.com,41252,DIRECT,,False,False,,,
Dauup Authorization,Publishers Seller ID Tracker,Dauup,Publisher,Sevenlogics,Publisher Ads.txt,"dauup.com, 41259, DIRECT",dauup.com,41259,DIRECT,,False,False,,,
Dauup Authorization,Publishers Seller ID Tracker,Dauup,Publisher,TOR Games Limited,Publisher Ads.txt,"dauup.com, 41261, DIRECT",dauup.com,41261,DIRECT,,False,False,,,
Dauup Authorization,Publishers Seller ID Tracker,Dauup,Publisher,REDUX TECH LIMITED,Publisher Ads.txt,"dauup.com, 41263, DIRECT",dauup.com,41263,DIRECT,,False,False,,,
Dauup Authorization,Publishers Seller ID Tracker,Dauup,Publisher,Gameberry Studio Inc,Publisher Ads.txt,"dauup.com, 41265, DIRECT",dauup.com,41265,DIRECT,,False,False,,,
Dauup Authorization,Publishers Seller ID Tracker,Dauup,Publisher,X-FUN HK LIMITED,Publisher Ads.txt,"dauup.com, 41266, DIRECT",dauup.com,41266,DIRECT,,False,False,,,
Dauup Authorization,Publishers Seller ID Tracker,Dauup,Publisher,Fil Games Ltd,Publisher Ads.txt,"dauup.com, 41268, DIRECT",dauup.com,41268,DIRECT,,False,False,,,
Dauup Authorization,Publishers Seller ID Tracker,Dauup,Publisher,Betonyou,Publisher Ads.txt,"dauup.com, 41274, DIRECT",dauup.com,41274,DIRECT,,False,False,,,
Dauup Authorization,Publishers Seller ID Tracker,Dauup,Publisher,Two Desperados LTD,Publisher Ads.txt,"dauup.com, 41277, DIRECT",dauup.com,41277,DIRECT,,False,False,,,
Dauup Authorization,Publishers Seller ID Tracker,Dauup,Publisher,Whossa AB,Publisher Ads.txt,"dauup.com, 41278, DIRECT",dauup.com,41278,DIRECT,,False,False,,,
Dauup Authorization,Publishers Seller ID Tracker,Dauup,Publisher,cooee GmbH,Publisher Ads.txt,"dauup.com, 41285, DIRECT",dauup.com,41285,DIRECT,,False,False,,,
Dauup Authorization,Publishers Seller ID Tracker,Dauup,Publisher,Dappological Ltd,Publisher Ads.txt,"dauup.com, 41297, DIRECT",dauup.com,41297,DIRECT,,False,False,,,
Dauup Authorization,Publishers Seller ID Tracker,Dauup,Publisher,Reinarc LLC,Publisher Ads.txt,"dauup.com, 41298, DIRECT",dauup.com,41298,DIRECT,,False,False,,,
Dauup Authorization,Publishers Seller ID Tracker,Dauup,Publisher,Luno Software Inc,Publisher Ads.txt,"dauup.com, 41301, DIRECT",dauup.com,41301,DIRECT,,False,False,,,
Dauup Authorization,Publishers Seller ID Tracker,Dauup,Publisher,Games2win India Pvt. Ltd.,Publisher Ads.txt,"dauup.com, 41304, DIRECT",dauup.com,41304,DIRECT,,False,False,,,
Dauup Authorization,Publishers Seller ID Tracker,Dauup,Publisher,Gamincat,Publisher Ads.txt,"dauup.com, 41308, DIRECT",dauup.com,41308,DIRECT,,False,False,,,
Dauup Authorization,Publishers Seller ID Tracker,Dauup,Publisher,Joy Vendor Limited,Publisher Ads.txt,"dauup.com, 41310, DIRECT",dauup.com,41310,DIRECT,,False,False,,,
Dauup Authorization,Publishers Seller ID Tracker,Dauup,Publisher,Loadcomplete,Publisher Ads.txt,"dauup.com, 41311, DIRECT",dauup.com,41311,DIRECT,,False,False,,,
Dauup Authorization,Publishers Seller ID Tracker,Dauup,Publisher,Boteco Games sas,Publisher Ads.txt,"dauup.com, 41314, DIRECT",dauup.com,41314,DIRECT,,False,False,,,
Dauup Authorization,Publishers Seller ID Tracker,Dauup,Publisher,BraveGames,Publisher Ads.txt,"dauup.com, 41325, DIRECT",dauup.com,41325,DIRECT,,False,False,,,
Dauup Authorization,Publishers Seller ID Tracker,Dauup,Publisher,GMRD Apps Limited,Publisher Ads.txt,"dauup.com, 41327, DIRECT",dauup.com,41327,DIRECT,,False,False,,,
Dauup Authorization,Publishers Seller ID Tracker,Dauup,Publisher,Etalon LTD,Publisher Ads.txt,"dauup.com, 41334, DIRECT",dauup.com,41334,DIRECT,,False,False,,,
Dauup Authorization,Publishers Seller ID Tracker,Dauup,Publisher,VOLT GAMES LDA,Publisher Ads.txt,"dauup.com, 41335, DIRECT",dauup.com,41335,DIRECT,,False,False,,,
Dauup Authorization,Publishers Seller ID Tracker,Dauup,Publisher,Pine Street Codeworks,Publisher Ads.txt,"dauup.com, 41336, DIRECT",dauup.com,41336,DIRECT,,False,False,,,
Dauup Authorization,Publishers Seller ID Tracker,Dauup,Publisher,GENIX LAB COMPANY LIMITED,Publisher Ads.txt,"dauup.com, 41338, DIRECT",dauup.com,41338,DIRECT,,False,False,,,
Dauup Authorization,Publishers Seller ID Tracker,Dauup,Publisher,APPQUANTUM PUBLISHING LTD,Publisher Ads.txt,"dauup.com, 41339, DIRECT",dauup.com,41339,DIRECT,,False,False,,,
Dauup Authorization,Publishers Seller ID Tracker,Dauup,Publisher,Funmaker Game Studio,Publisher Ads.txt,"dauup.com, 41342, DIRECT",dauup.com,41342,DIRECT,,False,False,,,
Dauup Authorization,Publishers Seller ID Tracker,Dauup,Publisher,PlayerPro Music Player Trial,Publisher Ads.txt,"dauup.com, 41344, DIRECT",dauup.com,41344,DIRECT,,False,False,,,
Dauup Authorization,Publishers Seller ID Tracker,Dauup,Publisher,Voxel Cube Games,Publisher Ads.txt,"dauup.com, 41352, DIRECT",dauup.com,41352,DIRECT,,False,False,,,
Dauup Authorization,Publishers Seller ID Tracker,Dauup,Publisher,Hamro Patro Inc.,Publisher Ads.txt,"dauup.com, 41354, DIRECT",dauup.com,41354,DIRECT,,False,False,,,
Dauup Authorization,Publishers Seller ID Tracker,Dauup,Publisher,Sır Stüdyo Bilgi Teknolojileri Yaz. Hiz. Tic. A.Ş.,Publisher Ads.txt,"dauup.com, 41356, DIRECT",dauup.com,41356,DIRECT,,False,False,,,
Dauup Authorization,Publishers Seller ID Tracker,Dauup,Publisher,Barstool Sports,Publisher Ads.txt,"dauup.com, 41357, DIRECT",dauup.com,41357,DIRECT,,False,False,,,
Dauup Authorization,Publishers Seller ID Tracker,Dauup,Publisher,STARWAVE NETWORK TECHNOLOGY PTE. LTD.,Publisher Ads.txt,"dauup.com, 41358, DIRECT",dauup.com,41358,DIRECT,,False,False,,,
Dauup Authorization,Publishers Seller ID Tracker,Dauup,Publisher,8SEC,Publisher Ads.txt,"dauup.com, 41359, DIRECT",dauup.com,41359,DIRECT,,False,False,,,
Dauup Authorization,Publishers Seller ID Tracker,Dauup,Publisher,Heja Sports,Publisher Ads.txt,"dauup.com, 41365, DIRECT",dauup.com,41365,DIRECT,,False,False,,,
Dauup Authorization,Publishers Seller ID Tracker,Dauup,Publisher,TechLab FZE,Publisher Ads.txt,"dauup.com, 41372, DIRECT",dauup.com,41372,DIRECT,,False,False,,,
Dauup Authorization,Publishers Seller ID Tracker,Dauup,Publisher,Creative Monkey Games and Technologies Pvt Ltd,Publisher Ads.txt,"dauup.com, 41379, DIRECT",dauup.com,41379,DIRECT,,False,False,,,
Dauup Authorization,Publishers Seller ID Tracker,Dauup,Publisher,Conifer Limited,Publisher Ads.txt,"dauup.com, 41390, DIRECT",dauup.com,41390,DIRECT,,False,False,,,
Dauup Authorization,Publishers Seller ID Tracker,Dauup,Publisher,Hero Games Studyo Bilisim A.S.,Publisher Ads.txt,"dauup.com, 41392, DIRECT",dauup.com,41392,DIRECT,,False,False,,,
Dauup Authorization,Publishers Seller ID Tracker,Dauup,Publisher,TECHLIA LIMITED,Publisher Ads.txt,"dauup.com, 41394, DIRECT",dauup.com,41394,DIRECT,,False,False,,,
Dauup Authorization,Publishers Seller ID Tracker,Dauup,Publisher,Diesel Puppet,Publisher Ads.txt,"dauup.com, 41397, DIRECT",dauup.com,41397,DIRECT,,False,False,,,
Dauup Authorization,Publishers Seller ID Tracker,Dauup,Publisher,SPJM LLC,Publisher Ads.txt,"dauup.com, 41400, DIRECT",dauup.com,41400,DIRECT,,False,False,,,
Dauup Authorization,Publishers Seller ID Tracker,Dauup,Publisher,TapLane Inc.,Publisher Ads.txt,"dauup.com, 41402, DIRECT",dauup.com,41402,DIRECT,,False,False,,,
Dauup Authorization,Publishers Seller ID Tracker,Dauup,Publisher,Zomobe,Publisher Ads.txt,"dauup.com, 41404, DIRECT",dauup.com,41404,DIRECT,,False,False,,,
Dauup Authorization,Publishers Seller ID Tracker,Dauup,Publisher,TechNark,Publisher Ads.txt,"dauup.com, 41405, DIRECT",dauup.com,41405,DIRECT,,False,False,,,
Dauup Authorization,Publishers Seller ID Tracker,Dauup,Publisher,Ben Willes Games SL,Publisher Ads.txt,"dauup.com, 41406, DIRECT",dauup.com,41406,DIRECT,,False,False,,,
Dauup Authorization,Publishers Seller ID Tracker,Dauup,Publisher,Abuksigun,Publisher Ads.txt,"dauup.com, 41413, DIRECT",dauup.com,41413,DIRECT,,False,False,,,
Dauup Authorization,Publishers Seller ID Tracker,Dauup,Publisher,Cashock,Publisher Ads.txt,"dauup.com, 41415, DIRECT",dauup.com,41415,DIRECT,,False,False,,,
Dauup Authorization,Publishers Seller ID Tracker,Dauup,Publisher,Frozax Games,Publisher Ads.txt,"dauup.com, 41417, DIRECT",dauup.com,41417,DIRECT,,False,False,,,
Dauup Authorization,Publishers Seller ID Tracker,Dauup,Publisher,Pride Studio OU,Publisher Ads.txt,"dauup.com, 41420, DIRECT",dauup.com,41420,DIRECT,,False,False,,,
Dauup Authorization,Publishers Seller ID Tracker,Dauup,Publisher,Yoogalab Gaming,Publisher Ads.txt,"dauup.com, 41423, DIRECT",dauup.com,41423,DIRECT,,False,False,,,
Dauup Authorization,Publishers Seller ID Tracker,Dauup,Publisher,Dr. Panda Ltd,Publisher Ads.txt,"dauup.com, 41424, DIRECT",dauup.com,41424,DIRECT,,False,False,,,
Dauup Authorization,Publishers Seller ID Tracker,Dauup,Publisher,"Bayt.com, Inc.",Publisher Ads.txt,"dauup.com, 41425, DIRECT",dauup.com,41425,DIRECT,,False,False,,,
Dauup Authorization,Publishers Seller ID Tracker,Dauup,Publisher,Cardinal Blue Software Inc,Publisher Ads.txt,"dauup.com, 41429, DIRECT",dauup.com,41429,DIRECT,,False,False,,,
Dauup Authorization,Publishers Seller ID Tracker,Dauup,Publisher,MGIF,Publisher Ads.txt,"dauup.com, 41432, DIRECT",dauup.com,41432,DIRECT,,False,False,,,
Dauup Authorization,Publishers Seller ID Tracker,Dauup,Publisher,Datant Inc.,Publisher Ads.txt,"dauup.com, 41438, DIRECT",dauup.com,41438,DIRECT,,False,False,,,
Dauup Authorization,Publishers Seller ID Tracker,Dauup,Publisher,PT CASHTREE FOR INDONESIA,Publisher Ads.txt,"dauup.com, 41440, DIRECT",dauup.com,41440,DIRECT,,False,False,,,
Dauup Authorization,Publishers Seller ID Tracker,Dauup,Publisher,Gameguru Bilisim A.S.,Publisher Ads.txt,"dauup.com, 41441, DIRECT",dauup.com,41441,DIRECT,,False,False,,,
Dauup Authorization,Publishers Seller ID Tracker,Dauup,Publisher,Manevolves Limited,Publisher Ads.txt,"dauup.com, 41443, DIRECT",dauup.com,41443,DIRECT,,False,False,,,
Dauup Authorization,Publishers Seller ID Tracker,Dauup,Publisher,FunDevs LLC,Publisher Ads.txt,"dauup.com, 41444, DIRECT",dauup.com,41444,DIRECT,,False,False,,,
Dauup Authorization,Publishers Seller ID Tracker,Dauup,Publisher,NoBrain Studio,Publisher Ads.txt,"dauup.com, 41445, DIRECT",dauup.com,41445,DIRECT,,False,False,,,
Dauup Authorization,Publishers Seller ID Tracker,Dauup,Publisher,Kola Studios Ltd,Publisher Ads.txt,"dauup.com, 41450, DIRECT",dauup.com,41450,DIRECT,,False,False,,,
Dauup Authorization,Publishers Seller ID Tracker,Dauup,Publisher,Arctosoft AB,Publisher Ads.txt,"dauup.com, 41451, DIRECT",dauup.com,41451,DIRECT,,False,False,,,
Dauup Authorization,Publishers Seller ID Tracker,Dauup,Publisher,Rocketship Studios LLP,Publisher Ads.txt,"dauup.com, 41452, DIRECT",dauup.com,41452,DIRECT,,False,False,,,
Dauup Authorization,Publishers Seller ID Tracker,Dauup,Publisher,Ciprosoft DMCC,Publisher Ads.txt,"dauup.com, 41453, DIRECT",dauup.com,41453,DIRECT,,False,False,,,
Dauup Authorization,Publishers Seller ID Tracker,Dauup,Publisher,Amino,Publisher Ads.txt,"dauup.com, 41457, DIRECT",dauup.com,41457,DIRECT,,False,False,,,
Dauup Authorization,Publishers Seller ID Tracker,Dauup,Publisher,BITSTRONG PTE. LTD.,Publisher Ads.txt,"dauup.com, 41459, DIRECT",dauup.com,41459,DIRECT,,False,False,,,
Dauup Authorization,Publishers Seller ID Tracker,Dauup,Publisher,textPlus,Publisher Ads.txt,"dauup.com, 41460, DIRECT",dauup.com,41460,DIRECT,,False,False,,,
Dauup Authorization,Publishers Seller ID Tracker,Dauup,Publisher,Tappytoon,Publisher Ads.txt,"dauup.com, 41463, DIRECT",dauup.com,41463,DIRECT,,False,False,,,
Dauup Authorization,Publishers Seller ID Tracker,Dauup,Publisher,WEEGOON GLOBAL LIMITED,Publisher Ads.txt,"dauup.com, 41468, DIRECT",dauup.com,41468,DIRECT,,False,False,,,
Dauup Authorization,Publishers Seller ID Tracker,Dauup,Publisher,Sonat Join stock company,Publisher Ads.txt,"dauup.com, 41469, DIRECT",dauup.com,41469,DIRECT,,False,False,,,
Dauup Authorization,Publishers Seller ID Tracker,Dauup,Publisher,Audiosdroid OU,Publisher Ads.txt,"dauup.com, 41470, DIRECT",dauup.com,41470,DIRECT,,False,False,,,
Dauup Authorization,Publishers Seller ID Tracker,Dauup,Publisher,Marul Games OOD,Publisher Ads.txt,"dauup.com, 41476, DIRECT",dauup.com,41476,DIRECT,,False,False,,,
Dauup Authorization,Publishers Seller ID Tracker,Dauup,Publisher,HK Loongcheer Limited.,Publisher Ads.txt,"dauup.com, 41483, DIRECT",dauup.com,41483,DIRECT,,False,False,,,
Dauup Authorization,Publishers Seller ID Tracker,Dauup,Publisher,ANTS GAMES TECHNOLOGY - FZE,Publisher Ads.txt,"dauup.com, 41486, DIRECT",dauup.com,41486,DIRECT,,False,False,,,
Dauup Authorization,Publishers Seller ID Tracker,Dauup,Publisher,Rocket Apps FZE LLC,Publisher Ads.txt,"dauup.com, 41487, DIRECT",dauup.com,41487,DIRECT,,False,False,,,
Dauup Authorization,Publishers Seller ID Tracker,Dauup,Publisher,Pandas of caribbean limited,Publisher Ads.txt,"dauup.com, 41490, DIRECT",dauup.com,41490,DIRECT,,False,False,,,
Dauup Authorization,Publishers Seller ID Tracker,Dauup,Publisher,Game7-CN-Export,Publisher Ads.txt,"dauup.com, 41493, DIRECT",dauup.com,41493,DIRECT,,False,False,,,
Dauup Authorization,Publishers Seller ID Tracker,Dauup,Publisher,Mahorobase Inc.,Publisher Ads.txt,"dauup.com, 41494, DIRECT",dauup.com,41494,DIRECT,,False,False,,,
Dauup Authorization,Publishers Seller ID Tracker,Dauup,Publisher,Pixamo,Publisher Ads.txt,"dauup.com, 41497, DIRECT",dauup.com,41497,DIRECT,,False,False,,,
Dauup Authorization,Publishers Seller ID Tracker,Dauup,Publisher,HongKong Kingboat Technology Limited,Publisher Ads.txt,"dauup.com, 41500, DIRECT",dauup.com,41500,DIRECT,,False,False,,,
Dauup Authorization,Publishers Seller ID Tracker,Dauup,Publisher,Sandy Bay Studios Pty Ltd,Publisher Ads.txt,"dauup.com, 41506, DIRECT",dauup.com,41506,DIRECT,,False,False,,,
Dauup Authorization,Publishers Seller ID Tracker,Dauup,Publisher,Stereo7 Games Limited,Publisher Ads.txt,"dauup.com, 41510, DIRECT",dauup.com,41510,DIRECT,,False,False,,,
Dauup Authorization,Publishers Seller ID Tracker,Dauup,Publisher,G Soft Team SRL,Publisher Ads.txt,"dauup.com, 41517, DIRECT",dauup.com,41517,DIRECT,,False,False,,,
Dauup Authorization,Publishers Seller ID Tracker,Dauup,Publisher,31 GAMES LIMITED,Publisher Ads.txt,"dauup.com, 41527, DIRECT",dauup.com,41527,DIRECT,,False,False,,,
Dauup Authorization,Publishers Seller ID Tracker,Dauup,Publisher,"9 Count, Inc",Publisher Ads.txt,"dauup.com, 41531, DIRECT",dauup.com,41531,DIRECT,,False,False,,,
Dauup Authorization,Publishers Seller ID Tracker,Dauup,Publisher,frogmind,Publisher Ads.txt,"dauup.com, 41532, DIRECT",dauup.com,41532,DIRECT,,False,False,,,
Dauup Authorization,Publishers Seller ID Tracker,Dauup,Publisher,Eywin Bilgi Teknolojileri Limited Sirketi,Publisher Ads.txt,"dauup.com, 41533, DIRECT",dauup.com,41533,DIRECT,,False,False,,,
Dauup Authorization,Publishers Seller ID Tracker,Dauup,Publisher,ENDERUN BİLİŞİM SANAYİ VE DIŞ TİCARET LİMİTED ŞİRKETİ,Publisher Ads.txt,"dauup.com, 41535, DIRECT",dauup.com,41535,DIRECT,,False,False,,,
Dauup Authorization,Publishers Seller ID Tracker,Dauup,Publisher,OLD DUCK GAMES,Publisher Ads.txt,"dauup.com, 41539, DIRECT",dauup.com,41539,DIRECT,,False,False,,,
Dauup Authorization,Publishers Seller ID Tracker,Dauup,Publisher,"Hong Kong Zhongyueyun Technology Co., Limited",Publisher Ads.txt,"dauup.com, 41540, DIRECT",dauup.com,41540,DIRECT,,False,False,,,
Dauup Authorization,Publishers Seller ID Tracker,Dauup,Publisher,Soft Baked Apps GmbH,Publisher Ads.txt,"dauup.com, 41545, DIRECT",dauup.com,41545,DIRECT,,False,False,,,
Dauup Authorization,Publishers Seller ID Tracker,Dauup,Publisher,wetter.com GmbH,Publisher Ads.txt,"dauup.com, 41547, DIRECT",dauup.com,41547,DIRECT,,False,False,,,
Dauup Authorization,Publishers Seller ID Tracker,Dauup,Publisher,"Doohub Co., LTD.",Publisher Ads.txt,"dauup.com, 41548, DIRECT",dauup.com,41548,DIRECT,,False,False,,,
Dauup Authorization,Publishers Seller ID Tracker,Dauup,Publisher,Mauris Games OU,Publisher Ads.txt,"dauup.com, 41549, DIRECT",dauup.com,41549,DIRECT,,False,False,,,
Dauup Authorization,Publishers Seller ID Tracker,Dauup,Publisher,Platinum City LLC,Publisher Ads.txt,"dauup.com, 41550, DIRECT",dauup.com,41550,DIRECT,,False,False,,,
Dauup Authorization,Publishers Seller ID Tracker,Dauup,Publisher,taskey inc,Publisher Ads.txt,"dauup.com, 41553, DIRECT",dauup.com,41553,DIRECT,,False,False,,,
Dauup Authorization,Publishers Seller ID Tracker,Dauup,Publisher,Casualino EAD,Publisher Ads.txt,"dauup.com, 41557, DIRECT",dauup.com,41557,DIRECT,,False,False,,,
Dauup Authorization,Publishers Seller ID Tracker,Dauup,Publisher,Crikey Games,Publisher Ads.txt,"dauup.com, 41558, DIRECT",dauup.com,41558,DIRECT,,False,False,,,
Dauup Authorization,Publishers Seller ID Tracker,Dauup,Publisher,MobileIdea Studio,Publisher Ads.txt,"dauup.com, 41559, DIRECT",dauup.com,41559,DIRECT,,False,False,,,
Dauup Authorization,Publishers Seller ID Tracker,Dauup,Publisher,Bombay Play INC,Publisher Ads.txt,"dauup.com, 41561, DIRECT",dauup.com,41561,DIRECT,,False,False,,,
Dauup Authorization,Publishers Seller ID Tracker,Dauup,Publisher,Fingersoft,Publisher Ads.txt,"dauup.com, 41562, DIRECT",dauup.com,41562,DIRECT,,False,False,,,
Dauup Authorization,Publishers Seller ID Tracker,Dauup,Publisher,Vweeter Limited,Publisher Ads.txt,"dauup.com, 41570, DIRECT",dauup.com,41570,DIRECT,,False,False,,,
Dauup Authorization,Publishers Seller ID Tracker,Dauup,Publisher,Super Midas Inc.,Publisher Ads.txt,"dauup.com, 41571, DIRECT",dauup.com,41571,DIRECT,,False,False,,,
Dauup Authorization,Publishers Seller ID Tracker,Dauup,Publisher,Irontech Limited,Publisher Ads.txt,"dauup.com, 41572, DIRECT",dauup.com,41572,DIRECT,,False,False,,,
Dauup Authorization,Publishers Seller ID Tracker,Dauup,Publisher,enrichgames,Publisher Ads.txt,"dauup.com, 41573, DIRECT",dauup.com,41573,DIRECT,,False,False,,,
Dauup Authorization,Publishers Seller ID Tracker,Dauup,Publisher,"Hong Kong StarJoy Games Co., Limited",Publisher Ads.txt,"dauup.com, 41578, DIRECT",dauup.com,41578,DIRECT,,False,False,,,
Dauup Authorization,Publishers Seller ID Tracker,Dauup,Publisher,Game Theory,Publisher Ads.txt,"dauup.com, 41579, DIRECT",dauup.com,41579,DIRECT,,False,False,,,
Dauup Authorization,Publishers Seller ID Tracker,Dauup,Publisher,ENGYM CORP,Publisher Ads.txt,"dauup.com, 41586, DIRECT",dauup.com,41586,DIRECT,,False,False,,,
Dauup Authorization,Publishers Seller ID Tracker,Dauup,Publisher,Jarvi Games,Publisher Ads.txt,"dauup.com, 41587, DIRECT",dauup.com,41587,DIRECT,,False,False,,,
Dauup Authorization,Publishers Seller ID Tracker,Dauup,Publisher,Lethe Studios,Publisher Ads.txt,"dauup.com, 41588, DIRECT",dauup.com,41588,DIRECT,,False,False,,,
Dauup Authorization,Publishers Seller ID Tracker,Dauup,Publisher,Class 21A Technologies Pvt Ltd,Publisher Ads.txt,"dauup.com, 41589, DIRECT",dauup.com,41589,DIRECT,,False,False,,,
Dauup Authorization,Publishers Seller ID Tracker,Dauup,Publisher,DeusCraft,Publisher Ads.txt,"dauup.com, 41590, DIRECT",dauup.com,41590,DIRECT,,False,False,,,
Dauup Authorization,Publishers Seller ID Tracker,Dauup,Publisher,StareOut Games,Publisher Ads.txt,"dauup.com, 41597, DIRECT",dauup.com,41597,DIRECT,,False,False,,,
Dauup Authorization,Publishers Seller ID Tracker,Dauup,Publisher,TOUKA GAMES LIMITED,Publisher Ads.txt,"dauup.com, 41600, DIRECT",dauup.com,41600,DIRECT,,False,False,,,
Dauup Authorization,Publishers Seller ID Tracker,Dauup,Publisher,Mavis Games,Publisher Ads.txt,"dauup.com, 41602, DIRECT",dauup.com,41602,DIRECT,,False,False,,,
Dauup Authorization,Publishers Seller ID Tracker,Dauup,Publisher,BigButton Co Sp.z o.o.,Publisher Ads.txt,"dauup.com, 41603, DIRECT",dauup.com,41603,DIRECT,,False,False,,,
Dauup Authorization,Publishers Seller ID Tracker,Dauup,Publisher,v2r,Publisher Ads.txt,"dauup.com, 41604, DIRECT",dauup.com,41604,DIRECT,,False,False,,,
Dauup Authorization,Publishers Seller ID Tracker,Dauup,Publisher,HENN Inc,Publisher Ads.txt,"dauup.com, 41608, DIRECT",dauup.com,41608,DIRECT,,False,False,,,
Dauup Authorization,Publishers Seller ID Tracker,Dauup,Publisher,Bold Games Limited,Publisher Ads.txt,"dauup.com, 41610, DIRECT",dauup.com,41610,DIRECT,,False,False,,,
Dauup Authorization,Publishers Seller ID Tracker,Dauup,Publisher,"Universal Mobile Games Technology Co., Limited",Publisher Ads.txt,"dauup.com, 41614, DIRECT",dauup.com,41614,DIRECT,,False,False,,,
Dauup Authorization,Publishers Seller ID Tracker,Dauup,Publisher,"Gamincat, Inc.",Publisher Ads.txt,"dauup.com, 41616, DIRECT",dauup.com,41616,DIRECT,,False,False,,,
Dauup Authorization,Publishers Seller ID Tracker,Dauup,Publisher,InfluenceMobile,Publisher Ads.txt,"dauup.com, 41618, DIRECT",dauup.com,41618,DIRECT,,False,False,,,
Dauup Authorization,Publishers Seller ID Tracker,Dauup,Publisher,Rough Maps Inc,Publisher Ads.txt,"dauup.com, 41620, DIRECT",dauup.com,41620,DIRECT,,False,False,,,
Dauup Authorization,Publishers Seller ID Tracker,Dauup,Publisher,SKYWORK AI PTE. LTD.,Publisher Ads.txt,"dauup.com, 41621, DIRECT",dauup.com,41621,DIRECT,,False,False,,,
Dauup Authorization,Publishers Seller ID Tracker,Dauup,Publisher,Zzoo Inc.,Publisher Ads.txt,"dauup.com, 41623, DIRECT",dauup.com,41623,DIRECT,,False,False,,,
Dauup Authorization,Publishers Seller ID Tracker,Dauup,Publisher,JP Group limited,Publisher Ads.txt,"dauup.com, 41624, DIRECT",dauup.com,41624,DIRECT,,False,False,,,
Dauup Authorization,Publishers Seller ID Tracker,Dauup,Publisher,"Onni Lab, S.L.",Publisher Ads.txt,"dauup.com, 41625, DIRECT",dauup.com,41625,DIRECT,,False,False,,,
Dauup Authorization,Publishers Seller ID Tracker,Dauup,Publisher,ALPER MOBILE SOFTWARE LIMITED,Publisher Ads.txt,"dauup.com, 41626, DIRECT",dauup.com,41626,DIRECT,,False,False,,,
Dauup Authorization,Publishers Seller ID Tracker,Dauup,Publisher,Crazy Labs,Publisher Ads.txt,"dauup.com, 41629, DIRECT",dauup.com,41629,DIRECT,,False,False,,,
Dauup Authorization,Publishers Seller ID Tracker,Dauup,Publisher,Yolo Oyun Yazilim ve Pazarlama Anonim Sirketi,Publisher Ads.txt,"dauup.com, 41630, DIRECT",dauup.com,41630,DIRECT,,False,False,,,
Dauup Authorization,Publishers Seller ID Tracker,Dauup,Publisher,RJS Tech Solutions LLP,Publisher Ads.txt,"dauup.com, 41639, DIRECT",dauup.com,41639,DIRECT,,False,False,,,
Dauup Authorization,Publishers Seller ID Tracker,Dauup,Publisher,Innovative Connecting Pte. Limited,Publisher Ads.txt,"dauup.com, 41640, DIRECT",dauup.com,41640,DIRECT,,False,False,,,
Dauup Authorization,Publishers Seller ID Tracker,Dauup,Publisher,LOCOMOTIVE OYUN YAZILIM ANONIM SIRKETI,Publisher Ads.txt,"dauup.com, 41643, DIRECT",dauup.com,41643,DIRECT,,False,False,,,
Dauup Authorization,Publishers Seller ID Tracker,Dauup,Publisher,BOOMPICK GAMES Sp. z o.o.,Publisher Ads.txt,"dauup.com, 41646, DIRECT",dauup.com,41646,DIRECT,,False,False,,,
Dauup Authorization,Publishers Seller ID Tracker,Dauup,Publisher,IcyIndia,Publisher Ads.txt,"dauup.com, 41649, DIRECT",dauup.com,41649,DIRECT,,False,False,,,
Dauup Authorization,Publishers Seller ID Tracker,Dauup,Publisher,Cisana Gianluca,Publisher Ads.txt,"dauup.com, 41652, DIRECT",dauup.com,41652,DIRECT,,False,False,,,
Dauup Authorization,Publishers Seller ID Tracker,Dauup,Publisher,UNHOLY TECH LIMITED,Publisher Ads.txt,"dauup.com, 41653, DIRECT",dauup.com,41653,DIRECT,,False,False,,,
Dauup Authorization,Publishers Seller ID Tracker,Dauup,Publisher,Daily Apps (Pvt) Ltd,Publisher Ads.txt,"dauup.com, 41654, DIRECT",dauup.com,41654,DIRECT,,False,False,,,
Dauup Authorization,Publishers Seller ID Tracker,Dauup,Publisher,Angles Game Studio,Publisher Ads.txt,"dauup.com, 41658, DIRECT",dauup.com,41658,DIRECT,,False,False,,,
Dauup Authorization,Publishers Seller ID Tracker,Dauup,Publisher,Gapu Joint Stock Company,Publisher Ads.txt,"dauup.com, 41663, DIRECT",dauup.com,41663,DIRECT,,False,False,,,
Dauup Authorization,Publishers Seller ID Tracker,Dauup,Publisher,LITE Games,Publisher Ads.txt,"dauup.com, 41664, DIRECT",dauup.com,41664,DIRECT,,False,False,,,
Dauup Authorization,Publishers Seller ID Tracker,Dauup,Publisher,Supercharge Mobile Corp,Publisher Ads.txt,"dauup.com, 41665, DIRECT",dauup.com,41665,DIRECT,,False,False,,,
Dauup Authorization,Publishers Seller ID Tracker,Dauup,Publisher,Sweatco,Publisher Ads.txt,"dauup.com, 41667, DIRECT",dauup.com,41667,DIRECT,,False,False,,,
Dauup Authorization,Publishers Seller ID Tracker,Dauup,Publisher,One Way Street Entertainment SL,Publisher Ads.txt,"dauup.com, 41670, DIRECT",dauup.com,41670,DIRECT,,False,False,,,
Dauup Authorization,Publishers Seller ID Tracker,Dauup,Publisher,Bravestars,Publisher Ads.txt,"dauup.com, 41671, DIRECT",dauup.com,41671,DIRECT,,False,False,,,
Dauup Authorization,Publishers Seller ID Tracker,Dauup,Publisher,Fire Studios,Publisher Ads.txt,"dauup.com, 41673, DIRECT",dauup.com,41673,DIRECT,,False,False,,,
Dauup Authorization,Publishers Seller ID Tracker,Dauup,Publisher,LolTap SAS,Publisher Ads.txt,"dauup.com, 41674, DIRECT",dauup.com,41674,DIRECT,,False,False,,,
Dauup Authorization,Publishers Seller ID Tracker,Dauup,Publisher,Mobile Card Games inc.,Publisher Ads.txt,"dauup.com, 41675, DIRECT",dauup.com,41675,DIRECT,,False,False,,,
Dauup Authorization,Publishers Seller ID Tracker,Dauup,Publisher,Dzapp Team,Publisher Ads.txt,"dauup.com, 41677, DIRECT",dauup.com,41677,DIRECT,,False,False,,,
Dauup Authorization,Publishers Seller ID Tracker,Dauup,Publisher,Market Pulse Technologies PVT LTD,Publisher Ads.txt,"dauup.com, 41682, DIRECT",dauup.com,41682,DIRECT,,False,False,,,
Dauup Authorization,Publishers Seller ID Tracker,Dauup,Publisher,Play to Win Mobile LLC,Publisher Ads.txt,"dauup.com, 41684, DIRECT",dauup.com,41684,DIRECT,,False,False,,,
Dauup Authorization,Publishers Seller ID Tracker,Dauup,Publisher,Only One Percent Inc.,Publisher Ads.txt,"dauup.com, 41686, DIRECT",dauup.com,41686,DIRECT,,False,False,,,
Dauup Authorization,Publishers Seller ID Tracker,Dauup,Publisher,"YUNBU TECHNOLOGY CO.,LIMITED",Publisher Ads.txt,"dauup.com, 41690, DIRECT",dauup.com,41690,DIRECT,,False,False,,,
Dauup Authorization,Publishers Seller ID Tracker,Dauup,Publisher,Tera Bhai Entertainment,Publisher Ads.txt,"dauup.com, 41692, DIRECT",dauup.com,41692,DIRECT,,False,False,,,
Dauup Authorization,Publishers Seller ID Tracker,Dauup,Publisher,Appynation,Publisher Ads.txt,"dauup.com, 41694, DIRECT",dauup.com,41694,DIRECT,,False,False,,,
Dauup Authorization,Publishers Seller ID Tracker,Dauup,Publisher,OREON STUDIOS OYUN YAZILIM TEKNOLOJİ TİCARET ANONİM ŞİRKETİ,Publisher Ads.txt,"dauup.com, 41695, DIRECT",dauup.com,41695,DIRECT,,False,False,,,
Dauup Authorization,Publishers Seller ID Tracker,Dauup,Publisher,WOLFFUN PTE. LTD.,Publisher Ads.txt,"dauup.com, 41701, DIRECT",dauup.com,41701,DIRECT,,False,False,,,
Dauup Authorization,Publishers Seller ID Tracker,Dauup,Publisher,Quiet Games,Publisher Ads.txt,"dauup.com, 41702, DIRECT",dauup.com,41702,DIRECT,,False,False,,,
Dauup Authorization,Publishers Seller ID Tracker,Dauup,Publisher,Footylight,Publisher Ads.txt,"dauup.com, 41703, DIRECT",dauup.com,41703,DIRECT,,False,False,,,
Dauup Authorization,Publishers Seller ID Tracker,Dauup,Publisher,Barns Entertainment Limited CN-Export,Publisher Ads.txt,"dauup.com, 41704, DIRECT",dauup.com,41704,DIRECT,,False,False,,,
Dauup Authorization,Publishers Seller ID Tracker,Dauup,Publisher,Dual Cat,Publisher Ads.txt,"dauup.com, 41706, DIRECT",dauup.com,41706,DIRECT,,False,False,,,
Dauup Authorization,Publishers Seller ID Tracker,Dauup,Publisher,Brazillionaire Studios,Publisher Ads.txt,"dauup.com, 41708, DIRECT",dauup.com,41708,DIRECT,,False,False,,,
Dauup Authorization,Publishers Seller ID Tracker,Dauup,Publisher,DARTSLIVE,Publisher Ads.txt,"dauup.com, 41709, DIRECT",dauup.com,41709,DIRECT,,False,False,,,
Dauup Authorization,Publishers Seller ID Tracker,Dauup,Publisher,MyRadar,Publisher Ads.txt,"dauup.com, 41712, DIRECT",dauup.com,41712,DIRECT,,False,False,,,
Dauup Authorization,Publishers Seller ID Tracker,Dauup,Publisher,WingsMob,Publisher Ads.txt,"dauup.com, 41713, DIRECT",dauup.com,41713,DIRECT,,False,False,,,
Dauup Authorization,Publishers Seller ID Tracker,Dauup,Publisher,Midnite Games,Publisher Ads.txt,"dauup.com, 41715, DIRECT",dauup.com,41715,DIRECT,,False,False,,,
Dauup Authorization,Publishers Seller ID Tracker,Dauup,Publisher,MediaLabAI (Whisper acct),Publisher Ads.txt,"dauup.com, 41720, DIRECT",dauup.com,41720,DIRECT,,False,False,,,
Dauup Authorization,Publishers Seller ID Tracker,Dauup,Publisher,Happibits Technologies Pte Ltd,Publisher Ads.txt,"dauup.com, 41722, DIRECT",dauup.com,41722,DIRECT,,False,False,,,
Dauup Authorization,Publishers Seller ID Tracker,Dauup,Publisher,PLAYNEXX TECHNOLOGIES PTE. LTD.,Publisher Ads.txt,"dauup.com, 41723, DIRECT",dauup.com,41723,DIRECT,,False,False,,,
Dauup Authorization,Publishers Seller ID Tracker,Dauup,Publisher,Audiomack Inc,Publisher Ads.txt,"dauup.com, 41725, DIRECT",dauup.com,41725,DIRECT,,False,False,,,
Dauup Authorization,Publishers Seller ID Tracker,Dauup,Publisher,ColdFire Games,Publisher Ads.txt,"dauup.com, 41730, DIRECT",dauup.com,41730,DIRECT,,False,False,,,
Dauup Authorization,Publishers Seller ID Tracker,Dauup,Publisher,PlaySide Studios,Publisher Ads.txt,"dauup.com, 41732, DIRECT",dauup.com,41732,DIRECT,,False,False,,,
Dauup Authorization,Publishers Seller ID Tracker,Dauup,Publisher,Entropy LLC,Publisher Ads.txt,"dauup.com, 41733, DIRECT",dauup.com,41733,DIRECT,,False,False,,,
Dauup Authorization,Publishers Seller ID Tracker,Dauup,Publisher,Kijiji Canada Ltd.,Publisher Ads.txt,"dauup.com, 41735, DIRECT",dauup.com,41735,DIRECT,,False,False,,,
Dauup Authorization,Publishers Seller ID Tracker,Dauup,Publisher,Game District LLC,Publisher Ads.txt,"dauup.com, 41736, DIRECT",dauup.com,41736,DIRECT,,False,False,,,
Dauup Authorization,Publishers Seller ID Tracker,Dauup,Publisher,Oak Barrel Media LLC,Publisher Ads.txt,"dauup.com, 41743, DIRECT",dauup.com,41743,DIRECT,,False,False,,,
Dauup Authorization,Publishers Seller ID Tracker,Dauup,Publisher,"Pinger, Inc. | MEM-03133-Z8L0J9",Publisher Ads.txt,"dauup.com, 41745, DIRECT",dauup.com,41745,DIRECT,,False,False,,,
Dauup Authorization,Publishers Seller ID Tracker,Dauup,Publisher,Midnight Works SRL,Publisher Ads.txt,"dauup.com, 41747, DIRECT",dauup.com,41747,DIRECT,,False,False,,,
Dauup Authorization,Publishers Seller ID Tracker,Dauup,Publisher,digihiptage,Publisher Ads.txt,"dauup.com, 41750, DIRECT",dauup.com,41750,DIRECT,,False,False,,,
Dauup Authorization,Publishers Seller ID Tracker,Dauup,Publisher,"Mogul Games, Inc.",Publisher Ads.txt,"dauup.com, 41752, DIRECT",dauup.com,41752,DIRECT,,False,False,,,
Dauup Authorization,Publishers Seller ID Tracker,Dauup,Publisher,"GeePlus, Inc.",Publisher Ads.txt,"dauup.com, 41753, DIRECT",dauup.com,41753,DIRECT,,False,False,,,
Dauup Authorization,Publishers Seller ID Tracker,Dauup,Publisher,TECHRY LIMITED,Publisher Ads.txt,"dauup.com, 41755, DIRECT",dauup.com,41755,DIRECT,,False,False,,,
Dauup Authorization,Publishers Seller ID Tracker,Dauup,Publisher,iQiyi International Singapore Pte. Ltd.,Publisher Ads.txt,"dauup.com, 41759, DIRECT",dauup.com,41759,DIRECT,,False,False,,,
Dauup Authorization,Publishers Seller ID Tracker,Dauup,Publisher,Fun Space Limited,Publisher Ads.txt,"dauup.com, 41761, DIRECT",dauup.com,41761,DIRECT,,False,False,,,
Dauup Authorization,Publishers Seller ID Tracker,Dauup,Publisher,AlohaFactory,Publisher Ads.txt,"dauup.com, 41765, DIRECT",dauup.com,41765,DIRECT,,False,False,,,
Dauup Authorization,Publishers Seller ID Tracker,Dauup,Publisher,WOOMBIT PTE. LTD.,Publisher Ads.txt,"dauup.com, 41767, DIRECT",dauup.com,41767,DIRECT,,False,False,,,
Dauup Authorization,Publishers Seller ID Tracker,Dauup,Publisher,Biwenger,Publisher Ads.txt,"dauup.com, 41769, DIRECT",dauup.com,41769,DIRECT,,False,False,,,
Dauup Authorization,Publishers Seller ID Tracker,Dauup,Publisher,Smartest Apps LLC,Publisher Ads.txt,"dauup.com, 41774, DIRECT",dauup.com,41774,DIRECT,,False,False,,,
Dauup Authorization,Publishers Seller ID Tracker,Dauup,Publisher,Mach Square Games,Publisher Ads.txt,"dauup.com, 41775, DIRECT",dauup.com,41775,DIRECT,,False,False,,,
Dauup Authorization,Publishers Seller ID Tracker,Dauup,Publisher,Panic Nitro Inc,Publisher Ads.txt,"dauup.com, 41776, DIRECT",dauup.com,41776,DIRECT,,False,False,,,
Dauup Authorization,Publishers Seller ID Tracker,Dauup,Publisher,FlintCast s. r. o.,Publisher Ads.txt,"dauup.com, 41779, DIRECT",dauup.com,41779,DIRECT,,False,False,,,
Dauup Authorization,Publishers Seller ID Tracker,Dauup,Publisher,EDUCATO GAMES LTD,Publisher Ads.txt,"dauup.com, 41781, DIRECT",dauup.com,41781,DIRECT,,False,False,,,
Dauup Authorization,Publishers Seller ID Tracker,Dauup,Publisher,Autumn Studio,Publisher Ads.txt,"dauup.com, 41786, DIRECT",dauup.com,41786,DIRECT,,False,False,,,
Dauup Authorization,Publishers Seller ID Tracker,Dauup,Publisher,Tiny Tactics,Publisher Ads.txt,"dauup.com, 41787, DIRECT",dauup.com,41787,DIRECT,,False,False,,,
Dauup Authorization,Publishers Seller ID Tracker,Dauup,Publisher,Dlite Games,Publisher Ads.txt,"dauup.com, 41790, DIRECT",dauup.com,41790,DIRECT,,False,False,,,
Dauup Authorization,Publishers Seller ID Tracker,Dauup,Publisher,Joyo Technology Pte. Ltd.,Publisher Ads.txt,"dauup.com, 41791, DIRECT",dauup.com,41791,DIRECT,,False,False,,,
Dauup Authorization,Publishers Seller ID Tracker,Dauup,Publisher,Brainstorm Games LLC,Publisher Ads.txt,"dauup.com, 41792, DIRECT",dauup.com,41792,DIRECT,,False,False,,,
Dauup Authorization,Publishers Seller ID Tracker,Dauup,Publisher,Hes Studio,Publisher Ads.txt,"dauup.com, 41794, DIRECT",dauup.com,41794,DIRECT,,False,False,,,
Dauup Authorization,Publishers Seller ID Tracker,Dauup,Publisher,Team Terrible Limited,Publisher Ads.txt,"dauup.com, 41797, DIRECT",dauup.com,41797,DIRECT,,False,False,,,
Dauup Authorization,Publishers Seller ID Tracker,Dauup,Publisher,Alto Social Inc,Publisher Ads.txt,"dauup.com, 41799, DIRECT",dauup.com,41799,DIRECT,,False,False,,,
Dauup Authorization,Publishers Seller ID Tracker,Dauup,Publisher,Brainly,Publisher Ads.txt,"dauup.com, 41805, DIRECT",dauup.com,41805,DIRECT,,False,False,,,
Dauup Authorization,Publishers Seller ID Tracker,Dauup,Publisher,Epic Panda Games SL,Publisher Ads.txt,"dauup.com, 41806, DIRECT",dauup.com,41806,DIRECT,,False,False,,,
Dauup Authorization,Publishers Seller ID Tracker,Dauup,Publisher,SPEKTRA GAMES BILISIM MEDYA YAZILIM LTD. STI.,Publisher Ads.txt,"dauup.com, 41816, DIRECT",dauup.com,41816,DIRECT,,False,False,,,
Dauup Authorization,Publishers Seller ID Tracker,Dauup,Publisher,GAMEGOU,Publisher Ads.txt,"dauup.com, 41818, DIRECT",dauup.com,41818,DIRECT,,False,False,,,
Dauup Authorization,Publishers Seller ID Tracker,Dauup,Publisher,Lucky Kat BV,Publisher Ads.txt,"dauup.com, 41819, DIRECT",dauup.com,41819,DIRECT,,False,False,,,
Dauup Authorization,Publishers Seller ID Tracker,Dauup,Publisher,MYTONA Ltd,Publisher Ads.txt,"dauup.com, 41820, DIRECT",dauup.com,41820,DIRECT,,False,False,,,
Dauup Authorization,Publishers Seller ID Tracker,Dauup,Publisher,Spring Thunder Technology Limited,Publisher Ads.txt,"dauup.com, 41821, DIRECT",dauup.com,41821,DIRECT,,False,False,,,
Dauup Authorization,Publishers Seller ID Tracker,Dauup,Publisher,Concrete Software Inc,Publisher Ads.txt,"dauup.com, 41823, DIRECT",dauup.com,41823,DIRECT,,False,False,,,
Dauup Authorization,Publishers Seller ID Tracker,Dauup,Publisher,CM Games OÜ,Publisher Ads.txt,"dauup.com, 41824, DIRECT",dauup.com,41824,DIRECT,,False,False,,,
Dauup Authorization,Publishers Seller ID Tracker,Dauup,Publisher,Stork Limited,Publisher Ads.txt,"dauup.com, 41826, DIRECT",dauup.com,41826,DIRECT,,False,False,,,
Dauup Authorization,Publishers Seller ID Tracker,Dauup,Publisher,Itay Milstein,Publisher Ads.txt,"dauup.com, 41832, DIRECT",dauup.com,41832,DIRECT,,False,False,,,
Dauup Authorization,Publishers Seller ID Tracker,Dauup,Publisher,HGames-ArtWorks s.r.o.,Publisher Ads.txt,"dauup.com, 41835, DIRECT",dauup.com,41835,DIRECT,,False,False,,,
Dauup Authorization,Publishers Seller ID Tracker,Dauup,Publisher,Gotiva Sp. z o.o.,Publisher Ads.txt,"dauup.com, 41837, DIRECT",dauup.com,41837,DIRECT,,False,False,,,
Dauup Authorization,Publishers Seller ID Tracker,Dauup,Publisher,ENPV1,Publisher Ads.txt,"dauup.com, 41838, DIRECT",dauup.com,41838,DIRECT,,False,False,,,
Dauup Authorization,Publishers Seller ID Tracker,Dauup,Publisher,Big Wolf Company,Publisher Ads.txt,"dauup.com, 41841, DIRECT",dauup.com,41841,DIRECT,,False,False,,,
Dauup Authorization,Publishers Seller ID Tracker,Dauup,Publisher,"Monclarity, LLC",Publisher Ads.txt,"dauup.com, 41843, DIRECT",dauup.com,41843,DIRECT,,False,False,,,
Dauup Authorization,Publishers Seller ID Tracker,Dauup,Publisher,Secure Game Studio,Publisher Ads.txt,"dauup.com, 41844, DIRECT",dauup.com,41844,DIRECT,,False,False,,,
Dauup Authorization,Publishers Seller ID Tracker,Dauup,Publisher,XLABS DIJITAL HIZMETLER ANONIM SIRKETI,Publisher Ads.txt,"dauup.com, 41845, DIRECT",dauup.com,41845,DIRECT,,False,False,,,
Dauup Authorization,Publishers Seller ID Tracker,Dauup,Publisher,Lima Sky,Publisher Ads.txt,"dauup.com, 41850, DIRECT",dauup.com,41850,DIRECT,,False,False,,,
Dauup Authorization,Publishers Seller ID Tracker,Dauup,Publisher,Netastica Limited,Publisher Ads.txt,"dauup.com, 41853, DIRECT",dauup.com,41853,DIRECT,,False,False,,,
Dauup Authorization,Publishers Seller ID Tracker,Dauup,Publisher,Zenlife Games Limited-CN-Export,Publisher Ads.txt,"dauup.com, 41855, DIRECT",dauup.com,41855,DIRECT,,False,False,,,
Dauup Authorization,Publishers Seller ID Tracker,Dauup,Publisher,Wixot,Publisher Ads.txt,"dauup.com, 41862, DIRECT",dauup.com,41862,DIRECT,,False,False,,,
Dauup Authorization,Publishers Seller ID Tracker,Dauup,Publisher,Mobiversite Yazılım Bilişim Reklam ve Danışmanlık Hiz. San. Tic. Ltd. Şti.,Publisher Ads.txt,"dauup.com, 41865, DIRECT",dauup.com,41865,DIRECT,,False,False,,,
Dauup Authorization,Publishers Seller ID Tracker,Dauup,Publisher,Appgeneration,Publisher Ads.txt,"dauup.com, 41867, DIRECT",dauup.com,41867,DIRECT,,False,False,,,
Dauup Authorization,Publishers Seller ID Tracker,Dauup,Publisher,SHROUD TECH LIMITED,Publisher Ads.txt,"dauup.com, 41872, DIRECT",dauup.com,41872,DIRECT,,False,False,,,
Dauup Authorization,Publishers Seller ID Tracker,Dauup,Publisher,"Xiamen Liujiaoyidai Technology Co., Ltd.",Publisher Ads.txt,"dauup.com, 41873, DIRECT",dauup.com,41873,DIRECT,,False,False,,,
Dauup Authorization,Publishers Seller ID Tracker,Dauup,Publisher,Wingle Apps,Publisher Ads.txt,"dauup.com, 41875, DIRECT",dauup.com,41875,DIRECT,,False,False,,,
Dauup Authorization,Publishers Seller ID Tracker,Dauup,Publisher,Lulo Apps,Publisher Ads.txt,"dauup.com, 41878, DIRECT",dauup.com,41878,DIRECT,,False,False,,,
Dauup Authorization,Publishers Seller ID Tracker,Dauup,Publisher,Whoyaho Corp,Publisher Ads.txt,"dauup.com, 41879, DIRECT",dauup.com,41879,DIRECT,,False,False,,,
Dauup Authorization,Publishers Seller ID Tracker,Dauup,Publisher,Appwallet Technologies Private Limited,Publisher Ads.txt,"dauup.com, 41880, DIRECT",dauup.com,41880,DIRECT,,False,False,,,
Dauup Authorization,Publishers Seller ID Tracker,Dauup,Publisher,PlayChi Ltd.,Publisher Ads.txt,"dauup.com, 41883, DIRECT",dauup.com,41883,DIRECT,,False,False,,,
Dauup Authorization,Publishers Seller ID Tracker,Dauup,Publisher,GPlay Studio,Publisher Ads.txt,"dauup.com, 41884, DIRECT",dauup.com,41884,DIRECT,,False,False,,,
Dauup Authorization,Publishers Seller ID Tracker,Dauup,Publisher,BIGDOG GAMES CO. LIMITED,Publisher Ads.txt,"dauup.com, 41886, DIRECT",dauup.com,41886,DIRECT,,False,False,,,
Dauup Authorization,Publishers Seller ID Tracker,Dauup,Publisher,TINYSOFT s.r.o.,Publisher Ads.txt,"dauup.com, 41891, DIRECT",dauup.com,41891,DIRECT,,False,False,,,
Dauup Authorization,Publishers Seller ID Tracker,Dauup,Publisher,TAPCLAP,Publisher Ads.txt,"dauup.com, 41892, DIRECT",dauup.com,41892,DIRECT,,False,False,,,
Dauup Authorization,Publishers Seller ID Tracker,Dauup,Publisher,Burny Games,Publisher Ads.txt,"dauup.com, 41893, DIRECT",dauup.com,41893,DIRECT,,False,False,,,
Dauup Authorization,Publishers Seller ID Tracker,Dauup,Publisher,Mad Hook,Publisher Ads.txt,"dauup.com, 41894, DIRECT",dauup.com,41894,DIRECT,,False,False,,,
Dauup Authorization,Publishers Seller ID Tracker,Dauup,Publisher,DOODLEMOBILE,Publisher Ads.txt,"dauup.com, 41895, DIRECT",dauup.com,41895,DIRECT,,False,False,,,
Dauup Authorization,Publishers Seller ID Tracker,Dauup,Publisher,VGMinds TechStudios Private Limited,Publisher Ads.txt,"dauup.com, 41896, DIRECT",dauup.com,41896,DIRECT,,False,False,,,
Dauup Authorization,Publishers Seller ID Tracker,Dauup,Publisher,The Nightingale Business Studio,Publisher Ads.txt,"dauup.com, 41897, DIRECT",dauup.com,41897,DIRECT,,False,False,,,
Dauup Authorization,Publishers Seller ID Tracker,Dauup,Publisher,Cross Field Inc.,Publisher Ads.txt,"dauup.com, 41899, DIRECT",dauup.com,41899,DIRECT,,False,False,,,
Dauup Authorization,Publishers Seller ID Tracker,Dauup,Publisher,Zapak Mobile,Publisher Ads.txt,"dauup.com, 41900, DIRECT",dauup.com,41900,DIRECT,,False,False,,,
Dauup Authorization,Publishers Seller ID Tracker,Dauup,Publisher,dingtone,Publisher Ads.txt,"dauup.com, 41903, DIRECT",dauup.com,41903,DIRECT,,False,False,,,
Dauup Authorization,Publishers Seller ID Tracker,Dauup,Publisher,Linedrift,Publisher Ads.txt,"dauup.com, 41906, DIRECT",dauup.com,41906,DIRECT,,False,False,,,
Dauup Authorization,Publishers Seller ID Tracker,Dauup,Publisher,Caffe De Gamers,Publisher Ads.txt,"dauup.com, 41916, DIRECT",dauup.com,41916,DIRECT,,False,False,,,
Dauup Authorization,Publishers Seller ID Tracker,Dauup,Publisher,RHOPHI ANALYTICS LLP,Publisher Ads.txt,"dauup.com, 41917, DIRECT",dauup.com,41917,DIRECT,,False,False,,,
Dauup Authorization,Publishers Seller ID Tracker,Dauup,Publisher,ADC Games,Publisher Ads.txt,"dauup.com, 41921, DIRECT",dauup.com,41921,DIRECT,,False,False,,,
Dauup Authorization,Publishers Seller ID Tracker,Dauup,Publisher,J Meta Oyun Metaverse ve Teknoloji A.Ş.,Publisher Ads.txt,"dauup.com, 41923, DIRECT",dauup.com,41923,DIRECT,,False,False,,,
Dauup Authorization,Publishers Seller ID Tracker,Dauup,Publisher,Block Puzzle Legend,Publisher Ads.txt,"dauup.com, 41925, DIRECT",dauup.com,41925,DIRECT,,False,False,,,
Dauup Authorization,Publishers Seller ID Tracker,Dauup,Publisher,YnS-Games,Publisher Ads.txt,"dauup.com, 41928, DIRECT",dauup.com,41928,DIRECT,,False,False,,,
Dauup Authorization,Publishers Seller ID Tracker,Dauup,Publisher,Little Bandit Labs,Publisher Ads.txt,"dauup.com, 41932, DIRECT",dauup.com,41932,DIRECT,,False,False,,,
Dauup Authorization,Publishers Seller ID Tracker,Dauup,Publisher,Tricky Tribe,Publisher Ads.txt,"dauup.com, 41933, DIRECT",dauup.com,41933,DIRECT,,False,False,,,
Dauup Authorization,Publishers Seller ID Tracker,Dauup,Publisher,IversoftGames,Publisher Ads.txt,"dauup.com, 41935, DIRECT",dauup.com,41935,DIRECT,,False,False,,,
Dauup Authorization,Publishers Seller ID Tracker,Dauup,Publisher,Super Awesome Inc.,Publisher Ads.txt,"dauup.com, 41936, DIRECT",dauup.com,41936,DIRECT,,False,False,,,
Dauup Authorization,Publishers Seller ID Tracker,Dauup,Publisher,ANLOFT YAZILIM LIMITED SIRKETI,Publisher Ads.txt,"dauup.com, 41938, DIRECT",dauup.com,41938,DIRECT,,False,False,,,
Dauup Authorization,Publishers Seller ID Tracker,Dauup,Publisher,"Mobilnaya Analitika, OOO",Publisher Ads.txt,"dauup.com, 41942, DIRECT",dauup.com,41942,DIRECT,,False,False,,,
Dauup Authorization,Publishers Seller ID Tracker,Dauup,Publisher,Network N Limited,Publisher Ads.txt,"dauup.com, 41945, DIRECT",dauup.com,41945,DIRECT,,False,False,,,
Dauup Authorization,Publishers Seller ID Tracker,Dauup,Publisher,CSCMobi,Publisher Ads.txt,"dauup.com, 41946, DIRECT",dauup.com,41946,DIRECT,,False,False,,,
Dauup Authorization,Publishers Seller ID Tracker,Dauup,Publisher,Granite Apps,Publisher Ads.txt,"dauup.com, 41948, DIRECT",dauup.com,41948,DIRECT,,False,False,,,
Dauup Authorization,Publishers Seller ID Tracker,Dauup,Publisher,App Central,Publisher Ads.txt,"dauup.com, 41951, DIRECT",dauup.com,41951,DIRECT,,False,False,,,
Dauup Authorization,Publishers Seller ID Tracker,Dauup,Publisher,Agave Games,Publisher Ads.txt,"dauup.com, 41952, DIRECT",dauup.com,41952,DIRECT,,False,False,,,
Dauup Authorization,Publishers Seller ID Tracker,Dauup,Publisher,PHOENIX DMA QFZ LLC,Publisher Ads.txt,"dauup.com, 41954, DIRECT",dauup.com,41954,DIRECT,,False,False,,,
Dauup Authorization,Publishers Seller ID Tracker,Dauup,Publisher,Particle Media,Publisher Ads.txt,"dauup.com, 41955, DIRECT",dauup.com,41955,DIRECT,,False,False,,,
Dauup Authorization,Publishers Seller ID Tracker,Dauup,Publisher,Beresnev,Publisher Ads.txt,"dauup.com, 41958, DIRECT",dauup.com,41958,DIRECT,,False,False,,,
Dauup Authorization,Publishers Seller ID Tracker,Dauup,Publisher,Saygames LTD,Publisher Ads.txt,"dauup.com, 41959, DIRECT",dauup.com,41959,DIRECT,,False,False,,,
Dauup Authorization,Publishers Seller ID Tracker,Dauup,Publisher,ideasolutions,Publisher Ads.txt,"dauup.com, 41961, DIRECT",dauup.com,41961,DIRECT,,False,False,,,
Dauup Authorization,Publishers Seller ID Tracker,Dauup,Publisher,FIOGONIA LIMITED,Publisher Ads.txt,"dauup.com, 41967, DIRECT",dauup.com,41967,DIRECT,,False,False,,,
Dauup Authorization,Publishers Seller ID Tracker,Dauup,Publisher,Yarsa Labs,Publisher Ads.txt,"dauup.com, 41968, DIRECT",dauup.com,41968,DIRECT,,False,False,,,
Dauup Authorization,Publishers Seller ID Tracker,Dauup,Publisher,Komorebi Inc.,Publisher Ads.txt,"dauup.com, 41971, DIRECT",dauup.com,41971,DIRECT,,False,False,,,
Dauup Authorization,Publishers Seller ID Tracker,Dauup,Publisher,Ludoslabs Sp. z o.o.,Publisher Ads.txt,"dauup.com, 41976, DIRECT",dauup.com,41976,DIRECT,,False,False,,,
Dauup Authorization,Publishers Seller ID Tracker,Dauup,Publisher,Tamatem Inc,Publisher Ads.txt,"dauup.com, 41977, DIRECT",dauup.com,41977,DIRECT,,False,False,,,
Dauup Authorization,Publishers Seller ID Tracker,Dauup,Publisher,FriendsApp Listing,Publisher Ads.txt,"dauup.com, 41982, DIRECT",dauup.com,41982,DIRECT,,False,False,,,
Dauup Authorization,Publishers Seller ID Tracker,Dauup,Publisher,Motionlab Interactive Ltd,Publisher Ads.txt,"dauup.com, 41984, DIRECT",dauup.com,41984,DIRECT,,False,False,,,
Dauup Authorization,Publishers Seller ID Tracker,Dauup,Publisher,Zepto Internet Solutions,Publisher Ads.txt,"dauup.com, 41986, DIRECT",dauup.com,41986,DIRECT,,False,False,,,
Dauup Authorization,Publishers Seller ID Tracker,Dauup,Publisher,Kings of Games d.o.o,Publisher Ads.txt,"dauup.com, 41989, DIRECT",dauup.com,41989,DIRECT,,False,False,,,
Dauup Authorization,Publishers Seller ID Tracker,Dauup,Publisher,Widogame Cooperate,Publisher Ads.txt,"dauup.com, 41990, DIRECT",dauup.com,41990,DIRECT,,False,False,,,
Dauup Authorization,Publishers Seller ID Tracker,Dauup,Publisher,FastVid,Publisher Ads.txt,"dauup.com, 41991, DIRECT",dauup.com,41991,DIRECT,,False,False,,,
Dauup Authorization,Publishers Seller ID Tracker,Dauup,Publisher,"KIKA TECH (HK) HOLDINGS CO.,LIMITED",Publisher Ads.txt,"dauup.com, 41992, DIRECT",dauup.com,41992,DIRECT,,False,False,,,
Dauup Authorization,Publishers Seller ID Tracker,Dauup,Publisher,The Knights Pvt Ltd,Publisher Ads.txt,"dauup.com, 42000, DIRECT",dauup.com,42000,DIRECT,,False,False,,,
Dauup Authorization,Publishers Seller ID Tracker,Dauup,Publisher,AWAiS,Publisher Ads.txt,"dauup.com, 42002, DIRECT",dauup.com,42002,DIRECT,,False,False,,,
Dauup Authorization,Publishers Seller ID Tracker,Dauup,Publisher,Plantie,Publisher Ads.txt,"dauup.com, 42004, DIRECT",dauup.com,42004,DIRECT,,False,False,,,
Dauup Authorization,Publishers Seller ID Tracker,Dauup,Publisher,GSN Games,Publisher Ads.txt,"dauup.com, 42006, DIRECT",dauup.com,42006,DIRECT,,False,False,,,
Dauup Authorization,Publishers Seller ID Tracker,Dauup,Publisher,Braingen Inmobi Ad Account,Publisher Ads.txt,"dauup.com, 42008, DIRECT",dauup.com,42008,DIRECT,,False,False,,,
Dauup Authorization,Publishers Seller ID Tracker,Dauup,Publisher,Wallapop SL,Publisher Ads.txt,"dauup.com, 42011, DIRECT",dauup.com,42011,DIRECT,,False,False,,,
Dauup Authorization,Publishers Seller ID Tracker,Dauup,Publisher,Turborilla,Publisher Ads.txt,"dauup.com, 42015, DIRECT",dauup.com,42015,DIRECT,,False,False,,,
Dauup Authorization,Publishers Seller ID Tracker,Dauup,Publisher,Treasure Pig International Limited,Publisher Ads.txt,"dauup.com, 42021, DIRECT",dauup.com,42021,DIRECT,,False,False,,,
Dauup Authorization,Publishers Seller ID Tracker,Dauup,Publisher,F-WAY GAMES LIMITED,Publisher Ads.txt,"dauup.com, 42024, DIRECT",dauup.com,42024,DIRECT,,False,False,,,
Dauup Authorization,Publishers Seller ID Tracker,Dauup,Publisher,Xagu Studios SL,Publisher Ads.txt,"dauup.com, 42028, DIRECT",dauup.com,42028,DIRECT,,False,False,,,
Dauup Authorization,Publishers Seller ID Tracker,Dauup,Publisher,appdater,Publisher Ads.txt,"dauup.com, 42030, DIRECT",dauup.com,42030,DIRECT,,False,False,,,
Dauup Authorization,Publishers Seller ID Tracker,Dauup,Publisher,Mindstorm Studios,Publisher Ads.txt,"dauup.com, 42031, DIRECT",dauup.com,42031,DIRECT,,False,False,,,
Dauup Authorization,Publishers Seller ID Tracker,Dauup,Publisher,haptic apps llc,Publisher Ads.txt,"dauup.com, 42032, DIRECT",dauup.com,42032,DIRECT,,False,False,,,
Dauup Authorization,Publishers Seller ID Tracker,Dauup,Publisher,Viker Limited,Publisher Ads.txt,"dauup.com, 42033, DIRECT",dauup.com,42033,DIRECT,,False,False,,,
Dauup Authorization,Publishers Seller ID Tracker,Dauup,Publisher,InstantBits Inc,Publisher Ads.txt,"dauup.com, 42035, DIRECT",dauup.com,42035,DIRECT,,False,False,,,
Dauup Authorization,Publishers Seller ID Tracker,Dauup,Publisher,SpinX Games Limited-CN-Export,Publisher Ads.txt,"dauup.com, 42037, DIRECT",dauup.com,42037,DIRECT,,False,False,,,
Dauup Authorization,Publishers Seller ID Tracker,Dauup,Publisher,APPYHIGH TECHNOLOGY LLP,Publisher Ads.txt,"dauup.com, 42039, DIRECT",dauup.com,42039,DIRECT,,False,False,,,
Dauup Authorization,Publishers Seller ID Tracker,Dauup,Publisher,Polaris Office Corp,Publisher Ads.txt,"dauup.com, 42042, DIRECT",dauup.com,42042,DIRECT,,False,False,,,
Dauup Authorization,Publishers Seller ID Tracker,Dauup,Publisher,Goods Unite Us,Publisher Ads.txt,"dauup.com, 42043, DIRECT",dauup.com,42043,DIRECT,,False,False,,,
Dauup Authorization,Publishers Seller ID Tracker,Dauup,Publisher,TooSmart,Publisher Ads.txt,"dauup.com, 42044, DIRECT",dauup.com,42044,DIRECT,,False,False,,,
Dauup Authorization,Publishers Seller ID Tracker,Dauup,Publisher,HIGAME Ltd,Publisher Ads.txt,"dauup.com, 42045, DIRECT",dauup.com,42045,DIRECT,,False,False,,,
Dauup Authorization,Publishers Seller ID Tracker,Dauup,Publisher,Original Games Pte. Ltd.,Publisher Ads.txt,"dauup.com, 42049, DIRECT",dauup.com,42049,DIRECT,,False,False,,,
Dauup Authorization,Publishers Seller ID Tracker,Dauup,Publisher,Sablo Studio USA LLC,Publisher Ads.txt,"dauup.com, 42050, DIRECT",dauup.com,42050,DIRECT,,False,False,,,
Dauup Authorization,Publishers Seller ID Tracker,Dauup,Publisher,Byzantine Apps LLC,Publisher Ads.txt,"dauup.com, 42051, DIRECT",dauup.com,42051,DIRECT,,False,False,,,
Dauup Authorization,Publishers Seller ID Tracker,Dauup,Publisher,AE Mobile Limited-CN-Export,Publisher Ads.txt,"dauup.com, 42052, DIRECT",dauup.com,42052,DIRECT,,False,False,,,
Dauup Authorization,Publishers Seller ID Tracker,Dauup,Publisher,MStars. Ltd,Publisher Ads.txt,"dauup.com, 42055, DIRECT",dauup.com,42055,DIRECT,,False,False,,,
Dauup Authorization,Publishers Seller ID Tracker,Dauup,Publisher,Monomyth d.o.o.,Publisher Ads.txt,"dauup.com, 42056, DIRECT",dauup.com,42056,DIRECT,,False,False,,,
Dauup Authorization,Publishers Seller ID Tracker,Dauup,Publisher,Mini Game Lab Limited,Publisher Ads.txt,"dauup.com, 42058, DIRECT",dauup.com,42058,DIRECT,,False,False,,,
Dauup Authorization,Publishers Seller ID Tracker,Dauup,Publisher,Radar Games,Publisher Ads.txt,"dauup.com, 42059, DIRECT",dauup.com,42059,DIRECT,,False,False,,,
Dauup Authorization,Publishers Seller ID Tracker,Dauup,Publisher,Kyoso Interactive Inc,Publisher Ads.txt,"dauup.com, 42060, DIRECT",dauup.com,42060,DIRECT,,False,False,,,
Dauup Authorization,Publishers Seller ID Tracker,Dauup,Publisher,Peppty Technologies Pvt. Ltd.,Publisher Ads.txt,"dauup.com, 42062, DIRECT",dauup.com,42062,DIRECT,,False,False,,,
Dauup Authorization,Publishers Seller ID Tracker,Dauup,Publisher,BIRDLINK HK LIMITED,Publisher Ads.txt,"dauup.com, 42063, DIRECT",dauup.com,42063,DIRECT,,False,False,,,
Dauup Authorization,Publishers Seller ID Tracker,Dauup,Publisher,HK ATP INTERACTION TECHNOLOGY LIMITED,Publisher Ads.txt,"dauup.com, 42065, DIRECT",dauup.com,42065,DIRECT,,False,False,,,
Dauup Authorization,Publishers Seller ID Tracker,Dauup,Publisher,SYBO APS,Publisher Ads.txt,"dauup.com, 42070, DIRECT",dauup.com,42070,DIRECT,,False,False,,,
Dauup Authorization,Publishers Seller ID Tracker,Dauup,Publisher,Anonymous Aliens,Publisher Ads.txt,"dauup.com, 42071, DIRECT",dauup.com,42071,DIRECT,,False,False,,,
Dauup Authorization,Publishers Seller ID Tracker,Dauup,Publisher,Eureka Studio Inc.,Publisher Ads.txt,"dauup.com, 42073, DIRECT",dauup.com,42073,DIRECT,,False,False,,,
Dauup Authorization,Publishers Seller ID Tracker,Dauup,Publisher,IVYMOBILE INTERNATIONAL ENTERPRISE LIMITED,Publisher Ads.txt,"dauup.com, 42077, DIRECT",dauup.com,42077,DIRECT,,False,False,,,
Dauup Authorization,Publishers Seller ID Tracker,Dauup,Publisher,BUBADU D.O.O.,Publisher Ads.txt,"dauup.com, 42080, DIRECT",dauup.com,42080,DIRECT,,False,False,,,
Dauup Authorization,Publishers Seller ID Tracker,Dauup,Publisher,Nuclear Cyborg Corp,Publisher Ads.txt,"dauup.com, 42082, DIRECT",dauup.com,42082,DIRECT,,False,False,,,
Dauup Authorization,Publishers Seller ID Tracker,Dauup,Publisher,Nazara Technologies Ltd,Publisher Ads.txt,"dauup.com, 42083, DIRECT",dauup.com,42083,DIRECT,,False,False,,,
Dauup Authorization,Publishers Seller ID Tracker,Dauup,Publisher,Come2Play,Publisher Ads.txt,"dauup.com, 42085, DIRECT",dauup.com,42085,DIRECT,,False,False,,,
Dauup Authorization,Publishers Seller ID Tracker,Dauup,Publisher,Fuzzy Mobile Games,Publisher Ads.txt,"dauup.com, 42086, DIRECT",dauup.com,42086,DIRECT,,False,False,,,
Dauup Authorization,Publishers Seller ID Tracker,Dauup,Publisher,Deemedya Inc,Publisher Ads.txt,"dauup.com, 42087, DIRECT",dauup.com,42087,DIRECT,,False,False,,,
Dauup Authorization,Publishers Seller ID Tracker,Dauup,Publisher,JellyCrew,Publisher Ads.txt,"dauup.com, 42089, DIRECT",dauup.com,42089,DIRECT,,False,False,,,
Dauup Authorization,Publishers Seller ID Tracker,Dauup,Publisher,MOBSMILE YAZILIM HİZMETLERİ LİMİTED ŞİRKETİ,Publisher Ads.txt,"dauup.com, 42090, DIRECT",dauup.com,42090,DIRECT,,False,False,,,
Dauup Authorization,Publishers Seller ID Tracker,Dauup,Publisher,Little Bit FZ-LLC,Publisher Ads.txt,"dauup.com, 42092, DIRECT",dauup.com,42092,DIRECT,,False,False,,,
Dauup Authorization,Publishers Seller ID Tracker,Dauup,Publisher,Adaric Limited,Publisher Ads.txt,"dauup.com, 42098, DIRECT",dauup.com,42098,DIRECT,,False,False,,,
Dauup Authorization,Publishers Seller ID Tracker,Dauup,Publisher,Shuggr Ltd.,Publisher Ads.txt,"dauup.com, 42102, DIRECT",dauup.com,42102,DIRECT,,False,False,,,
Dauup Authorization,Publishers Seller ID Tracker,Dauup,Publisher,APPS STARS DESENVOLVEDORES EIRELI,Publisher Ads.txt,"dauup.com, 42106, DIRECT",dauup.com,42106,DIRECT,,False,False,,,
Dauup Authorization,Publishers Seller ID Tracker,Dauup,Publisher,Moonee Publishing,Publisher Ads.txt,"dauup.com, 42107, DIRECT",dauup.com,42107,DIRECT,,False,False,,,
Dauup Authorization,Publishers Seller ID Tracker,Dauup,Publisher,Educa Studio,Publisher Ads.txt,"dauup.com, 42109, DIRECT",dauup.com,42109,DIRECT,,False,False,,,
Dauup Authorization,Publishers Seller ID Tracker,Dauup,Publisher,SEROTONIN LLC,Publisher Ads.txt,"dauup.com, 42110, DIRECT",dauup.com,42110,DIRECT,,False,False,,,
Dauup Authorization,Publishers Seller ID Tracker,Dauup,Publisher,Stepa Mobile FZE LLC,Publisher Ads.txt,"dauup.com, 42111, DIRECT",dauup.com,42111,DIRECT,,False,False,,,
Dauup Authorization,Publishers Seller ID Tracker,Dauup,Publisher,VERTIGOGAMES,Publisher Ads.txt,"dauup.com, 42114, DIRECT",dauup.com,42114,DIRECT,,False,False,,,
Dauup Authorization,Publishers Seller ID Tracker,Dauup,Publisher,Regular Rate and Rhythm Software,Publisher Ads.txt,"dauup.com, 42115, DIRECT",dauup.com,42115,DIRECT,,False,False,,,
Dauup Authorization,Publishers Seller ID Tracker,Dauup,Publisher,Playday Studios,Publisher Ads.txt,"dauup.com, 42116, DIRECT",dauup.com,42116,DIRECT,,False,False,,,
Dauup Authorization,Publishers Seller ID Tracker,Dauup,Publisher,Springcomes,Publisher Ads.txt,"dauup.com, 42119, DIRECT",dauup.com,42119,DIRECT,,False,False,,,
Dauup Authorization,Publishers Seller ID Tracker,Dauup,Publisher,TapNation,Publisher Ads.txt,"dauup.com, 42120, DIRECT",dauup.com,42120,DIRECT,,False,False,,,
Dauup Authorization,Publishers Seller ID Tracker,Dauup,Publisher,C FLOW GAMES,Publisher Ads.txt,"dauup.com, 42124, DIRECT",dauup.com,42124,DIRECT,,False,False,,,
Dauup Authorization,Publishers Seller ID Tracker,Dauup,Publisher,francis.isFine,Publisher Ads.txt,"dauup.com, 42126, DIRECT",dauup.com,42126,DIRECT,,False,False,,,
Dauup Authorization,Publishers Seller ID Tracker,Dauup,Publisher,MADBOX SAS,Publisher Ads.txt,"dauup.com, 42129, DIRECT",dauup.com,42129,DIRECT,,False,False,,,
Dauup Authorization,Publishers Seller ID Tracker,Dauup,Publisher,Wenee,Publisher Ads.txt,"dauup.com, 42130, DIRECT",dauup.com,42130,DIRECT,,False,False,,,
Dauup Authorization,Publishers Seller ID Tracker,Dauup,Publisher,Labhouse,Publisher Ads.txt,"dauup.com, 42132, DIRECT",dauup.com,42132,DIRECT,,False,False,,,
Dauup Authorization,Publishers Seller ID Tracker,Dauup,Publisher,KOKTEYL,Publisher Ads.txt,"dauup.com, 42136, DIRECT",dauup.com,42136,DIRECT,,False,False,,,
Dauup Authorization,Publishers Seller ID Tracker,Dauup,Publisher,"ZPLAY (HK) TECHNOLOGY CO., LIMITED",Publisher Ads.txt,"dauup.com, 42137, DIRECT",dauup.com,42137,DIRECT,,False,False,,,
Dauup Authorization,Publishers Seller ID Tracker,Dauup,Publisher,Advenworks,Publisher Ads.txt,"dauup.com, 42145, DIRECT",dauup.com,42145,DIRECT,,False,False,,,
Dauup Authorization,Publishers Seller ID Tracker,Dauup,Publisher,T-Bull S.A.,Publisher Ads.txt,"dauup.com, 42147, DIRECT",dauup.com,42147,DIRECT,,False,False,,,
Dauup Authorization,Publishers Seller ID Tracker,Dauup,Publisher,Givvy LTD,Publisher Ads.txt,"dauup.com, 42149, DIRECT",dauup.com,42149,DIRECT,,False,False,,,
Dauup Authorization,Publishers Seller ID Tracker,Dauup,Publisher,GenITeam Software Services,Publisher Ads.txt,"dauup.com, 42151, DIRECT",dauup.com,42151,DIRECT,,False,False,,,
Dauup Authorization,Publishers Seller ID Tracker,Dauup,Publisher,Callosum Software GmbH,Publisher Ads.txt,"dauup.com, 42153, DIRECT",dauup.com,42153,DIRECT,,False,False,,,
Dauup Authorization,Publishers Seller ID Tracker,Dauup,Publisher,CookApps,Publisher Ads.txt,"dauup.com, 42157, DIRECT",dauup.com,42157,DIRECT,,False,False,,,
Dauup Authorization,Publishers Seller ID Tracker,Dauup,Publisher,Connexus Technologies,Publisher Ads.txt,"dauup.com, 42158, DIRECT",dauup.com,42158,DIRECT,,False,False,,,
Dauup Authorization,Publishers Seller ID Tracker,Dauup,Publisher,App Swim,Publisher Ads.txt,"dauup.com, 42159, DIRECT",dauup.com,42159,DIRECT,,False,False,,,
Dauup Authorization,Publishers Seller ID Tracker,Dauup,Publisher,DigitalFun.Online,Publisher Ads.txt,"dauup.com, 42168, DIRECT",dauup.com,42168,DIRECT,,False,False,,,
Dauup Authorization,Publishers Seller ID Tracker,Dauup,Publisher,MobCup LLC,Publisher Ads.txt,"dauup.com, 42169, DIRECT",dauup.com,42169,DIRECT,,False,False,,,
Dauup Authorization,Publishers Seller ID Tracker,Dauup,Publisher,MangaWorld,Publisher Ads.txt,"dauup.com, 42170, DIRECT",dauup.com,42170,DIRECT,,False,False,,,
Dauup Authorization,Publishers Seller ID Tracker,Dauup,Publisher,Games Vessel Pte. Ltd.,Publisher Ads.txt,"dauup.com, 42180, DIRECT",dauup.com,42180,DIRECT,,False,False,,,
Dauup Authorization,Publishers Seller ID Tracker,Dauup,Publisher,Comitic Inc,Publisher Ads.txt,"dauup.com, 42182, DIRECT",dauup.com,42182,DIRECT,,False,False,,,
Dauup Authorization,Publishers Seller ID Tracker,Dauup,Publisher,GravitySoft OU,Publisher Ads.txt,"dauup.com, 42183, DIRECT",dauup.com,42183,DIRECT,,False,False,,,
Dauup Authorization,Publishers Seller ID Tracker,Dauup,Publisher,Factinate,Publisher Ads.txt,"dauup.com, 42186, DIRECT",dauup.com,42186,DIRECT,,False,False,,,
Dauup Authorization,Publishers Seller ID Tracker,Dauup,Publisher,NAWIA GAMES sp. z o.o.,Publisher Ads.txt,"dauup.com, 42190, DIRECT",dauup.com,42190,DIRECT,,False,False,,,
Dauup Authorization,Publishers Seller ID Tracker,Dauup,Publisher,The Weather Network,Publisher Ads.txt,"dauup.com, 42191, DIRECT",dauup.com,42191,DIRECT,,False,False,,,
Dauup Authorization,Publishers Seller ID Tracker,Dauup,Publisher,MALPA GAMES LTD,Publisher Ads.txt,"dauup.com, 42192, DIRECT",dauup.com,42192,DIRECT,,False,False,,,
Dauup Authorization,Publishers Seller ID Tracker,Dauup,Publisher,Deca Games EOOD,Publisher Ads.txt,"dauup.com, 42194, DIRECT",dauup.com,42194,DIRECT,,False,False,,,
Dauup Authorization,Publishers Seller ID Tracker,Dauup,Publisher,Libii HK Limited,Publisher Ads.txt,"dauup.com, 42196, DIRECT",dauup.com,42196,DIRECT,,False,False,,,
Dauup Authorization,Publishers Seller ID Tracker,Dauup,Publisher,Amobear Game Studio,Publisher Ads.txt,"dauup.com, 42198, DIRECT",dauup.com,42198,DIRECT,,False,False,,,
Dauup Authorization,Publishers Seller ID Tracker,Dauup,Publisher,Cleverside LTD,Publisher Ads.txt,"dauup.com, 42199, DIRECT",dauup.com,42199,DIRECT,,False,False,,,
Dauup Authorization,Publishers Seller ID Tracker,Dauup,Publisher,Dog Media Solutions LLC,Publisher Ads.txt,"dauup.com, 42204, DIRECT",dauup.com,42204,DIRECT,,False,False,,,
Dauup Authorization,Publishers Seller ID Tracker,Dauup,Publisher,SMALL ANT LIMITED,Publisher Ads.txt,"dauup.com, 42218, DIRECT",dauup.com,42218,DIRECT,,False,False,,,
Dauup Authorization,Publishers Seller ID Tracker,Dauup,Publisher,HIGHSCORE GAMES inc,Publisher Ads.txt,"dauup.com, 42223, DIRECT",dauup.com,42223,DIRECT,,False,False,,,
Dauup Authorization,Publishers Seller ID Tracker,Dauup,Publisher,Karangkraf Media Group,Publisher Ads.txt,"dauup.com, 42225, DIRECT",dauup.com,42225,DIRECT,,False,False,,,
Dauup Authorization,Publishers Seller ID Tracker,Dauup,Publisher,"Crackle Plus, LLC",Publisher Ads.txt,"dauup.com, 42232, DIRECT",dauup.com,42232,DIRECT,,False,False,,,
Dauup Authorization,Publishers Seller ID Tracker,Dauup,Publisher,BOOMBIT GAMES LTD,Publisher Ads.txt,"dauup.com, 42236, DIRECT",dauup.com,42236,DIRECT,,False,False,,,
Dauup Authorization,Publishers Seller ID Tracker,Dauup,Publisher,Gwappy Games Inc.,Publisher Ads.txt,"dauup.com, 42237, DIRECT",dauup.com,42237,DIRECT,,False,False,,,
Dauup Authorization,Publishers Seller ID Tracker,Dauup,Publisher,"Takhion, Spol. s r.o",Publisher Ads.txt,"dauup.com, 42240, DIRECT",dauup.com,42240,DIRECT,,False,False,,,
Dauup Authorization,Publishers Seller ID Tracker,Dauup,Publisher,HUIXIN I.T HOLDINGS LIMITED,Publisher Ads.txt,"dauup.com, 42244, DIRECT",dauup.com,42244,DIRECT,,False,False,,,
Dauup Authorization,Publishers Seller ID Tracker,Dauup,Publisher,CONSTRUCT TECHNOLOGY -CN-Export,Publisher Ads.txt,"dauup.com, 42246, DIRECT",dauup.com,42246,DIRECT,,False,False,,,
Dauup Authorization,Publishers Seller ID Tracker,Dauup,Publisher,99 Up Games,Publisher Ads.txt,"dauup.com, 42247, DIRECT",dauup.com,42247,DIRECT,,False,False,,,
Dauup Authorization,Publishers Seller ID Tracker,Dauup,Publisher,Newry Global Media SL,Publisher Ads.txt,"dauup.com, 42248, DIRECT",dauup.com,42248,DIRECT,,False,False,,,
Dauup Authorization,Publishers Seller ID Tracker,Dauup,Publisher,Matchingham Games Limited,Publisher Ads.txt,"dauup.com, 42249, DIRECT",dauup.com,42249,DIRECT,,False,False,,,
Dauup Authorization,Publishers Seller ID Tracker,Dauup,Publisher,APPS Teknoloji Anonim Sirketi,Publisher Ads.txt,"dauup.com, 42250, DIRECT",dauup.com,42250,DIRECT,,False,False,,,
Dauup Authorization,Publishers Seller ID Tracker,Dauup,Publisher,Nextwave Multimedia,Publisher Ads.txt,"dauup.com, 42251, DIRECT",dauup.com,42251,DIRECT,,False,False,,,
Dauup Authorization,Publishers Seller ID Tracker,Dauup,Publisher,"Shopkick, Inc.",Publisher Ads.txt,"dauup.com, 42257, DIRECT",dauup.com,42257,DIRECT,,False,False,,,
Dauup Authorization,Publishers Seller ID Tracker,Dauup,Publisher,SMOKOKO LTD,Publisher Ads.txt,"dauup.com, 42258, DIRECT",dauup.com,42258,DIRECT,,False,False,,,
Dauup Authorization,Publishers Seller ID Tracker,Dauup,Publisher,ELESTORM(SINGAPORE) PTE. LTD.,Publisher Ads.txt,"dauup.com, 42261, DIRECT",dauup.com,42261,DIRECT,,False,False,,,
Dauup Authorization,Publishers Seller ID Tracker,Dauup,Publisher,"GOODROID, inc.",Publisher Ads.txt,"dauup.com, 42266, DIRECT",dauup.com,42266,DIRECT,,False,False,,,
Dauup Authorization,Publishers Seller ID Tracker,Dauup,Publisher,"Superfeed Technologies, Inc.",Publisher Ads.txt,"dauup.com, 42267, DIRECT",dauup.com,42267,DIRECT,,False,False,,,
Dauup Authorization,Publishers Seller ID Tracker,Dauup,Publisher,BIGSCAL TECHNOLOGIES PVT LTD,Publisher Ads.txt,"dauup.com, 42268, DIRECT",dauup.com,42268,DIRECT,,False,False,,,
Dauup Authorization,Publishers Seller ID Tracker,Dauup,Publisher,Two Way Media,Publisher Ads.txt,"dauup.com, 42269, DIRECT",dauup.com,42269,DIRECT,,False,False,,,
Dauup Authorization,Publishers Seller ID Tracker,Dauup,Publisher,A42 Games,Publisher Ads.txt,"dauup.com, 42274, DIRECT",dauup.com,42274,DIRECT,,False,False,,,
Dauup Authorization,Publishers Seller ID Tracker,Dauup,Publisher,Vlogr,Publisher Ads.txt,"dauup.com, 42281, DIRECT",dauup.com,42281,DIRECT,,False,False,,,
Dauup Authorization,Publishers Seller ID Tracker,Dauup,Publisher,"RadioFX, Inc.",Publisher Ads.txt,"dauup.com, 42282, DIRECT",dauup.com,42282,DIRECT,,False,False,,,
Dauup Authorization,Publishers Seller ID Tracker,Dauup,Publisher,YoYa World,Publisher Ads.txt,"dauup.com, 42286, DIRECT",dauup.com,42286,DIRECT,,False,False,,,
Dauup Authorization,Publishers Seller ID Tracker,Dauup,Publisher,Kooply ZYP,Publisher Ads.txt,"dauup.com, 42287, DIRECT",dauup.com,42287,DIRECT,,False,False,,,
Dauup Authorization,Publishers Seller ID Tracker,Dauup,Publisher,APPDICTIVE STUDIO LLC,Publisher Ads.txt,"dauup.com, 42292, DIRECT",dauup.com,42292,DIRECT,,False,False,,,
Dauup Authorization,Publishers Seller ID Tracker,Dauup,Publisher,Rave Inc.,Publisher Ads.txt,"dauup.com, 42293, DIRECT",dauup.com,42293,DIRECT,,False,False,,,
Dauup Authorization,Publishers Seller ID Tracker,Dauup,Publisher,Ultimate Guitar,Publisher Ads.txt,"dauup.com, 42294, DIRECT",dauup.com,42294,DIRECT,,False,False,,,
Dauup Authorization,Publishers Seller ID Tracker,Dauup,Publisher,Fomo Oyun Yazilim ve Pazarlama A.S,Publisher Ads.txt,"dauup.com, 42295, DIRECT",dauup.com,42295,DIRECT,,False,False,,,
Dauup Authorization,Publishers Seller ID Tracker,Dauup,Publisher,NEWQUE TECH LIMITED,Publisher Ads.txt,"dauup.com, 42296, DIRECT",dauup.com,42296,DIRECT,,False,False,,,
Dauup Authorization,Publishers Seller ID Tracker,Dauup,Publisher,Loop Games Oyun Teknolojileri AS,Publisher Ads.txt,"dauup.com, 42298, DIRECT",dauup.com,42298,DIRECT,,False,False,,,
Dauup Authorization,Publishers Seller ID Tracker,Dauup,Publisher,Gram Games Limited,Publisher Ads.txt,"dauup.com, 42303, DIRECT",dauup.com,42303,DIRECT,,False,False,,,
Dauup Authorization,Publishers Seller ID Tracker,Dauup,Publisher,Shock Wave Games,Publisher Ads.txt,"dauup.com, 42306, DIRECT",dauup.com,42306,DIRECT,,False,False,,,
Dauup Authorization,Publishers Seller ID Tracker,Dauup,Publisher,Manorama Online,Publisher Ads.txt,"dauup.com, 42310, DIRECT",dauup.com,42310,DIRECT,,False,False,,,
Dauup Authorization,Publishers Seller ID Tracker,Dauup,Publisher,Millenium Apps,Publisher Ads.txt,"dauup.com, 42311, DIRECT",dauup.com,42311,DIRECT,,False,False,,,
Dauup Authorization,Publishers Seller ID Tracker,Dauup,Publisher,Ruby Seven Studios Inc,Publisher Ads.txt,"dauup.com, 42312, DIRECT",dauup.com,42312,DIRECT,,False,False,,,
Dauup Authorization,Publishers Seller ID Tracker,Dauup,Publisher,Popside Ltd,Publisher Ads.txt,"dauup.com, 42314, DIRECT",dauup.com,42314,DIRECT,,False,False,,,
Dauup Authorization,Publishers Seller ID Tracker,Dauup,Publisher,Oakware Lda,Publisher Ads.txt,"dauup.com, 42326, DIRECT",dauup.com,42326,DIRECT,,False,False,,,
Dauup Authorization,Publishers Seller ID Tracker,Dauup,Publisher,AI GAMES FZ LLC,Publisher Ads.txt,"dauup.com, 42328, DIRECT",dauup.com,42328,DIRECT,,False,False,,,
Dauup Authorization,Publishers Seller ID Tracker,Dauup,Publisher,Skisoft Games Studio,Publisher Ads.txt,"dauup.com, 42331, DIRECT",dauup.com,42331,DIRECT,,False,False,,,
Dauup Authorization,Publishers Seller ID Tracker,Dauup,Publisher,Kolibri Games GmbH,Publisher Ads.txt,"dauup.com, 42332, DIRECT",dauup.com,42332,DIRECT,,False,False,,,
Dauup Authorization,Publishers Seller ID Tracker,Dauup,Publisher,Moorland Games,Publisher Ads.txt,"dauup.com, 42334, DIRECT",dauup.com,42334,DIRECT,,False,False,,,
Dauup Authorization,Publishers Seller ID Tracker,Dauup,Publisher,Heatherglade Publishign KFT,Publisher Ads.txt,"dauup.com, 42336, DIRECT",dauup.com,42336,DIRECT,,False,False,,,
Dauup Authorization,Publishers Seller ID Tracker,Dauup,Publisher,AppTornado GmbH,Publisher Ads.txt,"dauup.com, 42339, DIRECT",dauup.com,42339,DIRECT,,False,False,,,
Dauup Authorization,Publishers Seller ID Tracker,Dauup,Publisher,SOFISH TECHNOLOGY PTE.LTD.,Publisher Ads.txt,"dauup.com, 42343, DIRECT",dauup.com,42343,DIRECT,,False,False,,,
Dauup Authorization,Publishers Seller ID Tracker,Dauup,Publisher,umosun,Publisher Ads.txt,"dauup.com, 42346, DIRECT",dauup.com,42346,DIRECT,,False,False,,,
Dauup Authorization,Publishers Seller ID Tracker,Dauup,Publisher,FALCON GLOBAL LTD,Publisher Ads.txt,"dauup.com, 42349, DIRECT",dauup.com,42349,DIRECT,,False,False,,,
Dauup Authorization,Publishers Seller ID Tracker,Dauup,Publisher,Inlerfish,Publisher Ads.txt,"dauup.com, 42354, DIRECT",dauup.com,42354,DIRECT,,False,False,,,
Dauup Authorization,Publishers Seller ID Tracker,Dauup,Publisher,WEBTOON Entertainment Inc,Publisher Ads.txt,"dauup.com, 42357, DIRECT",dauup.com,42357,DIRECT,,False,False,,,
Dauup Authorization,Publishers Seller ID Tracker,Dauup,Publisher,Senspark Vietnam,Publisher Ads.txt,"dauup.com, 42360, DIRECT",dauup.com,42360,DIRECT,,False,False,,,
Dauup Authorization,Publishers Seller ID Tracker,Dauup,Publisher,mpmfgame-CN-Export,Publisher Ads.txt,"dauup.com, 42361, DIRECT",dauup.com,42361,DIRECT,,False,False,,,
Dauup Authorization,Publishers Seller ID Tracker,Dauup,Publisher,VIVA Games Studios,Publisher Ads.txt,"dauup.com, 42362, DIRECT",dauup.com,42362,DIRECT,,False,False,,,
Dauup Authorization,Publishers Seller ID Tracker,Dauup,Publisher,GEODE,Publisher Ads.txt,"dauup.com, 42365, DIRECT",dauup.com,42365,DIRECT,,False,False,,,
Dauup Authorization,Publishers Seller ID Tracker,Dauup,Publisher,ELIA GAMES,Publisher Ads.txt,"dauup.com, 42366, DIRECT",dauup.com,42366,DIRECT,,False,False,,,
Dauup Authorization,Publishers Seller ID Tracker,Dauup,Publisher,FlyFox,Publisher Ads.txt,"dauup.com, 42368, DIRECT",dauup.com,42368,DIRECT,,False,False,,,
Dauup Authorization,Publishers Seller ID Tracker,Dauup,Publisher,SinerjiSoft,Publisher Ads.txt,"dauup.com, 42372, DIRECT",dauup.com,42372,DIRECT,,False,False,,,
Dauup Authorization,Publishers Seller ID Tracker,Dauup,Publisher,Paltalk,Publisher Ads.txt,"dauup.com, 42373, DIRECT",dauup.com,42373,DIRECT,,False,False,,,
Dauup Authorization,Publishers Seller ID Tracker,Dauup,Publisher,BRAVO UNICORN PTE. LTD.,Publisher Ads.txt,"dauup.com, 42374, DIRECT",dauup.com,42374,DIRECT,,False,False,,,
Dauup Authorization,Publishers Seller ID Tracker,Dauup,Publisher,Play Spirit Pte. Ltd.,Publisher Ads.txt,"dauup.com, 42376, DIRECT",dauup.com,42376,DIRECT,,False,False,,,
Dauup Authorization,Publishers Seller ID Tracker,Dauup,Publisher,PANTEON YAZILIM OYUNEGITIM TEKNOLOJİLERİ ve HİZ. SAN. ve TİC. A. Ş.,Publisher Ads.txt,"dauup.com, 42378, DIRECT",dauup.com,42378,DIRECT,,False,False,,,
Dauup Authorization,Publishers Seller ID Tracker,Dauup,Publisher,Alxanosoft inc,Publisher Ads.txt,"dauup.com, 42380, DIRECT",dauup.com,42380,DIRECT,,False,False,,,
Dauup Authorization,Publishers Seller ID Tracker,Dauup,Publisher,Wonderkingdom-CN-Export,Publisher Ads.txt,"dauup.com, 42383, DIRECT",dauup.com,42383,DIRECT,,False,False,,,
Dauup Authorization,Publishers Seller ID Tracker,Dauup,Publisher,AtlasV,Publisher Ads.txt,"dauup.com, 42384, DIRECT",dauup.com,42384,DIRECT,,False,False,,,
Dauup Authorization,Publishers Seller ID Tracker,Dauup,Publisher,TripleTroop,Publisher Ads.txt,"dauup.com, 42386, DIRECT",dauup.com,42386,DIRECT,,False,False,,,
Dauup Authorization,Publishers Seller ID Tracker,Dauup,Publisher,RikkiGames Ltd,Publisher Ads.txt,"dauup.com, 42387, DIRECT",dauup.com,42387,DIRECT,,False,False,,,
Dauup Authorization,Publishers Seller ID Tracker,Dauup,Publisher,Cricbuzz,Publisher Ads.txt,"dauup.com, 42388, DIRECT",dauup.com,42388,DIRECT,,False,False,,,
Dauup Authorization,Publishers Seller ID Tracker,Dauup,Publisher,RocketAds Ltd,Publisher Ads.txt,"dauup.com, 42389, DIRECT",dauup.com,42389,DIRECT,,False,False,,,
Dauup Authorization,Publishers Seller ID Tracker,Dauup,Publisher,Hornet Networks Limited,Publisher Ads.txt,"dauup.com, 42393, DIRECT",dauup.com,42393,DIRECT,,False,False,,,
Dauup Authorization,Publishers Seller ID Tracker,Dauup,Publisher,BAKKHOS-CN-Export,Publisher Ads.txt,"dauup.com, 42398, DIRECT",dauup.com,42398,DIRECT,,False,False,,,
Dauup Authorization,Publishers Seller ID Tracker,Dauup,Publisher,FUNTECH PUBLISHING LTD,Publisher Ads.txt,"dauup.com, 42400, DIRECT",dauup.com,42400,DIRECT,,False,False,,,
Dauup Authorization,Publishers Seller ID Tracker,Dauup,Publisher,Gaming Games LTD,Publisher Ads.txt,"dauup.com, 42403, DIRECT",dauup.com,42403,DIRECT,,False,False,,,
Dauup Authorization,Publishers Seller ID Tracker,Dauup,Publisher,Garden of Dreams,Publisher Ads.txt,"dauup.com, 42404, DIRECT",dauup.com,42404,DIRECT,,False,False,,,
Dauup Authorization,Publishers Seller ID Tracker,Dauup,Publisher,Fruitlab,Publisher Ads.txt,"dauup.com, 42405, DIRECT",dauup.com,42405,DIRECT,,False,False,,,
Dauup Authorization,Publishers Seller ID Tracker,Dauup,Publisher,Eryod Soft,Publisher Ads.txt,"dauup.com, 42407, DIRECT",dauup.com,42407,DIRECT,,False,False,,,
Dauup Authorization,Publishers Seller ID Tracker,Dauup,Publisher,Itinerate,Publisher Ads.txt,"dauup.com, 42408, DIRECT",dauup.com,42408,DIRECT,,False,False,,,
Dauup Authorization,Publishers Seller ID Tracker,Dauup,Publisher,GENI GLOBAL SOFTWARE AND TECHNOLOGY JOINT STOCK COMPANY,Publisher Ads.txt,"dauup.com, 42409, DIRECT",dauup.com,42409,DIRECT,,False,False,,,
Dauup Authorization,Publishers Seller ID Tracker,Dauup,Publisher,ZINKY OYUN YAZILIM ANONIM SIRKETI,Publisher Ads.txt,"dauup.com, 42411, DIRECT",dauup.com,42411,DIRECT,,False,False,,,
Dauup Authorization,Publishers Seller ID Tracker,Dauup,Publisher,Ranida Games,Publisher Ads.txt,"dauup.com, 42414, DIRECT",dauup.com,42414,DIRECT,,False,False,,,
Dauup Authorization,Publishers Seller ID Tracker,Dauup,Publisher,AXESINMOTION S.L.,Publisher Ads.txt,"dauup.com, 42415, DIRECT",dauup.com,42415,DIRECT,,False,False,,,
Dauup Authorization,Publishers Seller ID Tracker,Dauup,Publisher,"Offsuit Games, Inc.",Publisher Ads.txt,"dauup.com, 42417, DIRECT",dauup.com,42417,DIRECT,,False,False,,,
Dauup Authorization,Publishers Seller ID Tracker,Dauup,Publisher,NETROKEN INC,Publisher Ads.txt,"dauup.com, 42419, DIRECT",dauup.com,42419,DIRECT,,False,False,,,
Dauup Authorization,Publishers Seller ID Tracker,Dauup,Publisher,52 Entertainment,Publisher Ads.txt,"dauup.com, 42424, DIRECT",dauup.com,42424,DIRECT,,False,False,,,
Dauup Authorization,Publishers Seller ID Tracker,Dauup,Publisher,superbox,Publisher Ads.txt,"dauup.com, 42425, DIRECT",dauup.com,42425,DIRECT,,False,False,,,
Dauup Authorization,Publishers Seller ID Tracker,Dauup,Publisher,Playspare,Publisher Ads.txt,"dauup.com, 42428, DIRECT",dauup.com,42428,DIRECT,,False,False,,,
Dauup Authorization,Publishers Seller ID Tracker,Dauup,Publisher,Crimson Pine Games sp. z o.o.,Publisher Ads.txt,"dauup.com, 42429, DIRECT",dauup.com,42429,DIRECT,,False,False,,,
Dauup Authorization,Publishers Seller ID Tracker,Dauup,Publisher,Puzzle Point Ltd,Publisher Ads.txt,"dauup.com, 42430, DIRECT",dauup.com,42430,DIRECT,,False,False,,,
Dauup Authorization,Publishers Seller ID Tracker,Dauup,Publisher,QwizB,Publisher Ads.txt,"dauup.com, 42431, DIRECT",dauup.com,42431,DIRECT,,False,False,,,
Dauup Authorization,Publishers Seller ID Tracker,Dauup,Publisher,BORNSTAR SOFT,Publisher Ads.txt,"dauup.com, 42432, DIRECT",dauup.com,42432,DIRECT,,False,False,,,
Dauup Authorization,Publishers Seller ID Tracker,Dauup,Publisher,Eyecon Global LTD,Publisher Ads.txt,"dauup.com, 42433, DIRECT",dauup.com,42433,DIRECT,,False,False,,,
Dauup Authorization,Publishers Seller ID Tracker,Dauup,Publisher,MiChat-CN-Export,Publisher Ads.txt,"dauup.com, 42434, DIRECT",dauup.com,42434,DIRECT,,False,False,,,
Dauup Authorization,Publishers Seller ID Tracker,Dauup,Publisher,Thinkyeah-CN-Export,Publisher Ads.txt,"dauup.com, 42435, DIRECT",dauup.com,42435,DIRECT,,False,False,,,
Dauup Authorization,Publishers Seller ID Tracker,Dauup,Publisher,CacaCats-CN-Export,Publisher Ads.txt,"dauup.com, 42436, DIRECT",dauup.com,42436,DIRECT,,False,False,,,
Dauup Authorization,Publishers Seller ID Tracker,Dauup,Publisher,Algento BOTIM,Publisher Ads.txt,"dauup.com, 42437, DIRECT",dauup.com,42437,DIRECT,,False,False,,,
Dauup Authorization,Publishers Seller ID Tracker,Dauup,Publisher,Hyperkani Oy,Publisher Ads.txt,"dauup.com, 42438, DIRECT",dauup.com,42438,DIRECT,,False,False,,,
Dauup Authorization,Publishers Seller ID Tracker,Dauup,Publisher,Suji Games,Publisher Ads.txt,"dauup.com, 42442, DIRECT",dauup.com,42442,DIRECT,,False,False,,,
Dauup Authorization,Publishers Seller ID Tracker,Dauup,Publisher,Tekifun,Publisher Ads.txt,"dauup.com, 42447, DIRECT",dauup.com,42447,DIRECT,,False,False,,,
Dauup Authorization,Publishers Seller ID Tracker,Dauup,Publisher,Estoty LLC,Publisher Ads.txt,"dauup.com, 42451, DIRECT",dauup.com,42451,DIRECT,,False,False,,,
Dauup Authorization,Publishers Seller ID Tracker,Dauup,Publisher,Tnodes-Direct,Publisher Ads.txt,"dauup.com, 42453, DIRECT",dauup.com,42453,DIRECT,,False,False,,,
Dauup Authorization,Publishers Seller ID Tracker,Dauup,Publisher,"BebopBee, Inc",Publisher Ads.txt,"dauup.com, 42455, DIRECT",dauup.com,42455,DIRECT,,False,False,,,
Dauup Authorization,Publishers Seller ID Tracker,Dauup,Publisher,Cardak Studio,Publisher Ads.txt,"dauup.com, 42457, DIRECT",dauup.com,42457,DIRECT,,False,False,,,
Dauup Authorization,Publishers Seller ID Tracker,Dauup,Publisher,VERARIUM,Publisher Ads.txt,"dauup.com, 42462, DIRECT",dauup.com,42462,DIRECT,,False,False,,,
Dauup Authorization,Publishers Seller ID Tracker,Dauup,Publisher,Zirafit limited,Publisher Ads.txt,"dauup.com, 42463, DIRECT",dauup.com,42463,DIRECT,,False,False,,,
Dauup Authorization,Publishers Seller ID Tracker,Dauup,Publisher,GameWith,Publisher Ads.txt,"dauup.com, 42464, DIRECT",dauup.com,42464,DIRECT,,False,False,,,
Dauup Authorization,Publishers Seller ID Tracker,Dauup,Publisher,Bubble Tea Studios Limited,Publisher Ads.txt,"dauup.com, 42465, DIRECT",dauup.com,42465,DIRECT,,False,False,,,
Dauup Authorization,Publishers Seller ID Tracker,Dauup,Publisher,MACRODENDIA S.A.,Publisher Ads.txt,"dauup.com, 42466, DIRECT",dauup.com,42466,DIRECT,,False,False,,,
Dauup Authorization,Publishers Seller ID Tracker,Dauup,Publisher,Vega Mission S.L.,Publisher Ads.txt,"dauup.com, 42467, DIRECT",dauup.com,42467,DIRECT,,False,False,,,
Dauup Authorization,Publishers Seller ID Tracker,Dauup,Publisher,Pixeltrend GmbH & Co. KG,Publisher Ads.txt,"dauup.com, 42468, DIRECT",dauup.com,42468,DIRECT,,False,False,,,
Dauup Authorization,Publishers Seller ID Tracker,Dauup,Publisher,"Vivian World Co.,Limited",Publisher Ads.txt,"dauup.com, 42469, DIRECT",dauup.com,42469,DIRECT,,False,False,,,
Dauup Authorization,Publishers Seller ID Tracker,Dauup,Publisher,DKTECH,Publisher Ads.txt,"dauup.com, 42470, DIRECT",dauup.com,42470,DIRECT,,False,False,,,
Dauup Authorization,Publishers Seller ID Tracker,Dauup,Publisher,By Aliens L.L.C-FZ,Publisher Ads.txt,"dauup.com, 42471, DIRECT",dauup.com,42471,DIRECT,,False,False,,,
Dauup Authorization,Publishers Seller ID Tracker,Dauup,Publisher,mengxiangjia009,Publisher Ads.txt,"dauup.com, 42472, DIRECT",dauup.com,42472,DIRECT,,False,False,,,
Dauup Authorization,Publishers Seller ID Tracker,Dauup,Publisher,Curiosity Media Inc,Publisher Ads.txt,"dauup.com, 42473, DIRECT",dauup.com,42473,DIRECT,,False,False,,,
Dauup Authorization,Publishers Seller ID Tracker,Dauup,Publisher,ADMEDIA LLC FZ,Publisher Ads.txt,"dauup.com, 42474, DIRECT",dauup.com,42474,DIRECT,,False,False,,,
Dauup Authorization,Publishers Seller ID Tracker,Dauup,Publisher,TQC GLOBAL TECHNOLOGY JOINT STOCK COMPANY,Publisher Ads.txt,"dauup.com, 42475, DIRECT",dauup.com,42475,DIRECT,,False,False,,,
Dauup Authorization,Publishers Seller ID Tracker,Dauup,Publisher,Hefei weifang technology co. LTD,Publisher Ads.txt,"dauup.com, 42476, DIRECT",dauup.com,42476,DIRECT,,False,False,,,
Dauup Authorization,Publishers Seller ID Tracker,Dauup,Publisher,Align It Games,Publisher Ads.txt,"dauup.com, 42477, DIRECT",dauup.com,42477,DIRECT,,False,False,,,
Dauup Authorization,Publishers Seller ID Tracker,Dauup,Publisher,"Hong Kong Clover Interactive Entertainment Technology Co., Limited",Publisher Ads.txt,"dauup.com, 42478, DIRECT",dauup.com,42478,DIRECT,,False,False,,,
Dauup Authorization,Publishers Seller ID Tracker,Dauup,Publisher,Kidga,Publisher Ads.txt,"dauup.com, 42479, DIRECT",dauup.com,42479,DIRECT,,False,False,,,
Dauup Authorization,Publishers Seller ID Tracker,Dauup,Publisher,CodeRays IT Private Limited,Publisher Ads.txt,"dauup.com, 42480, DIRECT",dauup.com,42480,DIRECT,,False,False,,,
Dauup Authorization,Publishers Seller ID Tracker,Dauup,Publisher,"Wuhan diantu Network Technology Co., Ltd",Publisher Ads.txt,"dauup.com, 42481, DIRECT",dauup.com,42481,DIRECT,,False,False,,,
Dauup Authorization,Publishers Seller ID Tracker,Dauup,Publisher,"Shanghai Moppo Network Technology CO., LTD",Publisher Ads.txt,"dauup.com, 42482, DIRECT",dauup.com,42482,DIRECT,,False,False,,,
Dauup Authorization,Publishers Seller ID Tracker,Dauup,Publisher,JOHN NOBLE,Publisher Ads.txt,"dauup.com, 42483, DIRECT",dauup.com,42483,DIRECT,,False,False,,,
Dauup Authorization,Publishers Seller ID Tracker,Dauup,Publisher,Rodan Mobile Kft,Publisher Ads.txt,"dauup.com, 42484, DIRECT",dauup.com,42484,DIRECT,,False,False,,,
Dauup Authorization,Publishers Seller ID Tracker,Dauup,Publisher,current account,Publisher Ads.txt,"dauup.com, 42485, DIRECT",dauup.com,42485,DIRECT,,False,False,,,
Dauup Authorization,Publishers Seller ID Tracker,Dauup,Publisher,NACREOUS MOBILE LIMITED,Publisher Ads.txt,"dauup.com, 42486, DIRECT",dauup.com,42486,DIRECT,,False,False,,,
Dauup Authorization,Publishers Seller ID Tracker,Dauup,Publisher,"Locket Labs, Inc.",Publisher Ads.txt,"dauup.com, 42487, DIRECT",dauup.com,42487,DIRECT,,False,False,,,
Dauup Authorization,Publishers Seller ID Tracker,Dauup,Publisher,"BABYBUS CO., LTDCN-Export",Publisher Ads.txt,"dauup.com, 42488, DIRECT",dauup.com,42488,DIRECT,,False,False,,,
Dauup Authorization,Publishers Seller ID Tracker,Dauup,Publisher,FABROS LLC,Publisher Ads.txt,"dauup.com, 42489, DIRECT",dauup.com,42489,DIRECT,,False,False,,,
Dauup Authorization,Publishers Seller ID Tracker,Dauup,Publisher,TERAs JSC,Publisher Ads.txt,"dauup.com, 42490, DIRECT",dauup.com,42490,DIRECT,,False,False,,,
Dauup Authorization,Publishers Seller ID Tracker,Dauup,Publisher,zrax,Publisher Ads.txt,"dauup.com, 42491, DIRECT",dauup.com,42491,DIRECT,,False,False,,,
Dauup Authorization,Publishers Seller ID Tracker,Dauup,Publisher,Emran Shadafza,Publisher Ads.txt,"dauup.com, 42492, DIRECT",dauup.com,42492,DIRECT,,False,False,,,
Dauup Authorization,Publishers Seller ID Tracker,Dauup,Publisher,"Shikudo Co., Ltd.",Publisher Ads.txt,"dauup.com, 42493, DIRECT",dauup.com,42493,DIRECT,,False,False,,,
Dauup Authorization,Publishers Seller ID Tracker,Dauup,Publisher,Nordic Stone Studio,Publisher Ads.txt,"dauup.com, 42494, DIRECT",dauup.com,42494,DIRECT,,False,False,,,
Dauup Authorization,Publishers Seller ID Tracker,Dauup,Publisher,Big Leap Global Limited,Publisher Ads.txt,"dauup.com, 42495, DIRECT",dauup.com,42495,DIRECT,,False,False,,,
Dauup Authorization,Publishers Seller ID Tracker,Dauup,Publisher,Beanstalk Games LLC,Publisher Ads.txt,"dauup.com, 42496, DIRECT",dauup.com,42496,DIRECT,,False,False,,,
Dauup Authorization,Publishers Seller ID Tracker,Dauup,Publisher,EagleKK,Publisher Ads.txt,"dauup.com, 42497, DIRECT",dauup.com,42497,DIRECT,,False,False,,,
Dauup Authorization,Publishers Seller ID Tracker,Dauup,Publisher,100 Pi Labs,Publisher Ads.txt,"dauup.com, 42498, DIRECT",dauup.com,42498,DIRECT,,False,False,,,
Dauup Authorization,Publishers Seller ID Tracker,Dauup,Publisher,Flickr,Publisher Ads.txt,"dauup.com, 42499, DIRECT",dauup.com,42499,DIRECT,,False,False,,,
Dauup Authorization,Publishers Seller ID Tracker,Dauup,Publisher,Actmobile,Publisher Ads.txt,"dauup.com, 42500, DIRECT",dauup.com,42500,DIRECT,,False,False,,,
Dauup Authorization,Publishers Seller ID Tracker,Dauup,Publisher,DBrady Apps,Publisher Ads.txt,"dauup.com, 42501, DIRECT",dauup.com,42501,DIRECT,,False,False,,,
Dauup Authorization,Publishers Seller ID Tracker,Dauup,Publisher,Cadenverse Inc,Publisher Ads.txt,"dauup.com, 42502, DIRECT",dauup.com,42502,DIRECT,,False,False,,,
Dauup Authorization,Publishers Seller ID Tracker,Dauup,Publisher,Wali International Hong Kong Limited,Publisher Ads.txt,"dauup.com, 42503, DIRECT",dauup.com,42503,DIRECT,,False,False,,,
Dauup Authorization,Publishers Seller ID Tracker,Dauup,Publisher,FUNDOSHI PARADE,Publisher Ads.txt,"dauup.com, 42504, DIRECT",dauup.com,42504,DIRECT,,False,False,,,
Dauup Authorization,Publishers Seller ID Tracker,Dauup,Publisher,Raphael Wichmann,Publisher Ads.txt,"dauup.com, 42505, DIRECT",dauup.com,42505,DIRECT,,False,False,,,
Dauup Authorization,Publishers Seller ID Tracker,Dauup,Publisher,Maple Media LLC 1,Publisher Ads.txt,"dauup.com, 42506, DIRECT",dauup.com,42506,DIRECT,,False,False,,,
Dauup Authorization,Publishers Seller ID Tracker,Dauup,Publisher,Jetsynthesys pvt ltd,Publisher Ads.txt,"dauup.com, 42507, DIRECT",dauup.com,42507,DIRECT,,False,False,,,
Dauup Authorization,Publishers Seller ID Tracker,Dauup,Publisher,Neotasks Limited,Publisher Ads.txt,"dauup.com, 42508, DIRECT",dauup.com,42508,DIRECT,,False,False,,,
Dauup Authorization,Publishers Seller ID Tracker,Dauup,Publisher,ZIA U,Publisher Ads.txt,"dauup.com, 42509, DIRECT",dauup.com,42509,DIRECT,,False,False,,,
Dauup Authorization,Publishers Seller ID Tracker,Dauup,Publisher,Megarama Games Ltd,Publisher Ads.txt,"dauup.com, 42510, DIRECT",dauup.com,42510,DIRECT,,False,False,,,
Dauup Authorization,Publishers Seller ID Tracker,Dauup,Publisher,Buzzingsoft,Publisher Ads.txt,"dauup.com, 42511, DIRECT",dauup.com,42511,DIRECT,,False,False,,,
Dauup Authorization,Publishers Seller ID Tracker,Dauup,Publisher,TNKfactory,Publisher Ads.txt,"dauup.com, 42512, DIRECT",dauup.com,42512,DIRECT,,False,False,,,
Dauup Authorization,Publishers Seller ID Tracker,Dauup,Publisher,Terahype s.r.o.,Publisher Ads.txt,"dauup.com, 42513, DIRECT",dauup.com,42513,DIRECT,,False,False,,,
Dauup Authorization,Publishers Seller ID Tracker,Dauup,Publisher,"Kanematsu Granks, Corp",Publisher Ads.txt,"dauup.com, 42514, DIRECT",dauup.com,42514,DIRECT,,False,False,,,
Dauup Authorization,Publishers Seller ID Tracker,Dauup,Publisher,pangsky,Publisher Ads.txt,"dauup.com, 42515, DIRECT",dauup.com,42515,DIRECT,,False,False,,,
Dauup Authorization,Publishers Seller ID Tracker,Dauup,Publisher,HUIRONGSHENG LIMITED,Publisher Ads.txt,"dauup.com, 42516, DIRECT",dauup.com,42516,DIRECT,,False,False,,,
Dauup Authorization,Publishers Seller ID Tracker,Dauup,Publisher,WetterOnline GmbH,Publisher Ads.txt,"dauup.com, 42517, DIRECT",dauup.com,42517,DIRECT,,False,False,,,
Dauup Authorization,Publishers Seller ID Tracker,Dauup,Publisher,CRAZY SOFTECH,Publisher Ads.txt,"dauup.com, 42518, DIRECT",dauup.com,42518,DIRECT,,False,False,,,
Dauup Authorization,Publishers Seller ID Tracker,Dauup,Publisher,AppsInTrend Inc.,Publisher Ads.txt,"dauup.com, 42519, DIRECT",dauup.com,42519,DIRECT,,False,False,,,
Dauup Authorization,Publishers Seller ID Tracker,Dauup,Publisher,THE FORCE MATRIX PTE. LTD.,Publisher Ads.txt,"dauup.com, 42520, DIRECT",dauup.com,42520,DIRECT,,False,False,,,
Dauup Authorization,Publishers Seller ID Tracker,Dauup,Publisher,upsmobi_CN_export,Publisher Ads.txt,"dauup.com, 42521, DIRECT",dauup.com,42521,DIRECT,,False,False,,,
Dauup Authorization,Publishers Seller ID Tracker,Dauup,Publisher,Top MELO Apps,Publisher Ads.txt,"dauup.com, 42522, DIRECT",dauup.com,42522,DIRECT,,False,False,,,
Dauup Authorization,Publishers Seller ID Tracker,Dauup,Publisher,STARY PTE. LTD.,Publisher Ads.txt,"dauup.com, 42523, DIRECT",dauup.com,42523,DIRECT,,False,False,,,
Dauup Authorization,Publishers Seller ID Tracker,Dauup,Publisher,OViVO Games,Publisher Ads.txt,"dauup.com, 42524, DIRECT",dauup.com,42524,DIRECT,,False,False,,,
Dauup Authorization,Publishers Seller ID Tracker,Dauup,Publisher,MeadowLaneMedia,Publisher Ads.txt,"dauup.com, 42525, DIRECT",dauup.com,42525,DIRECT,,False,False,,,
Dauup Authorization,Publishers Seller ID Tracker,Dauup,Publisher,苏州浩辰软件股份有限公司,Publisher Ads.txt,"dauup.com, 42526, DIRECT",dauup.com,42526,DIRECT,,False,False,,,
Dauup Authorization,Publishers Seller ID Tracker,Dauup,Publisher,Volcano,Publisher Ads.txt,"dauup.com, 42527, DIRECT",dauup.com,42527,DIRECT,,False,False,,,
Dauup Authorization,Publishers Seller ID Tracker,Dauup,Publisher,DonkeyCat,Publisher Ads.txt,"dauup.com, 42528, DIRECT",dauup.com,42528,DIRECT,,False,False,,,
Dauup Authorization,Publishers Seller ID Tracker,Dauup,Publisher,LITMIND LTD,Publisher Ads.txt,"dauup.com, 42529, DIRECT",dauup.com,42529,DIRECT,,False,False,,,
Dauup Authorization,Publishers Seller ID Tracker,Dauup,Publisher,tiyaoGame,Publisher Ads.txt,"dauup.com, 42530, DIRECT",dauup.com,42530,DIRECT,,False,False,,,
Dauup Authorization,Publishers Seller ID Tracker,Dauup,Publisher,Vitazone Limited,Publisher Ads.txt,"dauup.com, 42531, DIRECT",dauup.com,42531,DIRECT,,False,False,,,
Dauup Authorization,Publishers Seller ID Tracker,Dauup,Publisher,GamoVation B.V.,Publisher Ads.txt,"dauup.com, 42532, DIRECT",dauup.com,42532,DIRECT,,False,False,,,
Dauup Authorization,Publishers Seller ID Tracker,Dauup,Publisher,Tapatalk Inc,Publisher Ads.txt,"dauup.com, 42533, DIRECT",dauup.com,42533,DIRECT,,False,False,,,
Dauup Authorization,Publishers Seller ID Tracker,Dauup,Publisher,FMPROJECT LIMITED,Publisher Ads.txt,"dauup.com, 42534, DIRECT",dauup.com,42534,DIRECT,,False,False,,,
Dauup Authorization,Publishers Seller ID Tracker,Dauup,Publisher,Ruby Games,Publisher Ads.txt,"dauup.com, 42535, DIRECT",dauup.com,42535,DIRECT,,False,False,,,
Dauup Authorization,Publishers Seller ID Tracker,Dauup,Publisher,LE MINH TUAN,Publisher Ads.txt,"dauup.com, 42536, DIRECT",dauup.com,42536,DIRECT,,False,False,,,
Dauup Authorization,Publishers Seller ID Tracker,Dauup,Publisher,LB2M PTE LTD,Publisher Ads.txt,"dauup.com, 42537, DIRECT",dauup.com,42537,DIRECT,,False,False,,,
Dauup Authorization,Publishers Seller ID Tracker,Dauup,Publisher,MAP Labs,Publisher Ads.txt,"dauup.com, 42538, DIRECT",dauup.com,42538,DIRECT,,False,False,,,
Dauup Authorization,Publishers Seller ID Tracker,Dauup,Publisher,MeetMe 1,Publisher Ads.txt,"dauup.com, 42539, DIRECT",dauup.com,42539,DIRECT,,False,False,,,
Dauup Authorization,Publishers Seller ID Tracker,Dauup,Publisher,4w games,Publisher Ads.txt,"dauup.com, 42540, DIRECT",dauup.com,42540,DIRECT,,False,False,,,
Dauup Authorization,Publishers Seller ID Tracker,Dauup,Publisher,Funjoy Limited,Publisher Ads.txt,"dauup.com, 42541, DIRECT",dauup.com,42541,DIRECT,,False,False,,,
Dauup Authorization,Publishers Seller ID Tracker,Dauup,Publisher,StepSetGo,Publisher Ads.txt,"dauup.com, 42542, DIRECT",dauup.com,42542,DIRECT,,False,False,,,
Dauup Authorization,Publishers Seller ID Tracker,Dauup,Publisher,Privatix LTD,Publisher Ads.txt,"dauup.com, 42543, DIRECT",dauup.com,42543,DIRECT,,False,False,,,
Dauup Authorization,Publishers Seller ID Tracker,Dauup,Publisher,droid27,Publisher Ads.txt,"dauup.com, 42544, DIRECT",dauup.com,42544,DIRECT,,False,False,,,
Dauup Authorization,Publishers Seller ID Tracker,Dauup,Publisher,Toy Stream,Publisher Ads.txt,"dauup.com, 42545, DIRECT",dauup.com,42545,DIRECT,,False,False,,,
Dauup Authorization,Publishers Seller ID Tracker,Dauup,Publisher,Bo Bear Games Inc.,Publisher Ads.txt,"dauup.com, 42546, DIRECT",dauup.com,42546,DIRECT,,False,False,,,
Dauup Authorization,Publishers Seller ID Tracker,Dauup,Publisher,Ahmed,Publisher Ads.txt,"dauup.com, 42547, DIRECT",dauup.com,42547,DIRECT,,False,False,,,
Dauup Authorization,Publishers Seller ID Tracker,Dauup,Publisher,Gamescotch Studios,Publisher Ads.txt,"dauup.com, 42548, DIRECT",dauup.com,42548,DIRECT,,False,False,,,
Dauup Authorization,Publishers Seller ID Tracker,Dauup,Publisher,BECi Corporation Limited,Publisher Ads.txt,"dauup.com, 42549, DIRECT",dauup.com,42549,DIRECT,,False,False,,,
Dauup Authorization,Publishers Seller ID Tracker,Dauup,Publisher,Scientific Calculator,Publisher Ads.txt,"dauup.com, 42550, DIRECT",dauup.com,42550,DIRECT,,False,False,,,
Dauup Authorization,Publishers Seller ID Tracker,Dauup,Publisher,Stack Sports International,Publisher Ads.txt,"dauup.com, 42551, DIRECT",dauup.com,42551,DIRECT,,False,False,,,
Dauup Authorization,Publishers Seller ID Tracker,Dauup,Publisher,Dino Studio,Publisher Ads.txt,"dauup.com, 42552, DIRECT",dauup.com,42552,DIRECT,,False,False,,,
Dauup Authorization,Publishers Seller ID Tracker,Dauup,Publisher,Impala Studios,Publisher Ads.txt,"dauup.com, 42553, DIRECT",dauup.com,42553,DIRECT,,False,False,,,
Dauup Authorization,Publishers Seller ID Tracker,Dauup,Publisher,Neela Mediatech Private Limited,Publisher Ads.txt,"dauup.com, 42554, DIRECT",dauup.com,42554,DIRECT,,False,False,,,
Dauup Authorization,Publishers Seller ID Tracker,Dauup,Publisher,Vini DevHouse,Publisher Ads.txt,"dauup.com, 42555, DIRECT",dauup.com,42555,DIRECT,,False,False,,,
Dauup Authorization,Publishers Seller ID Tracker,Dauup,Publisher,"GOECORUSH Media, s.r.o.",Publisher Ads.txt,"dauup.com, 42556, DIRECT",dauup.com,42556,DIRECT,,False,False,,,
Dauup Authorization,Publishers Seller ID Tracker,Dauup,Publisher,Silver Soft Line,Publisher Ads.txt,"dauup.com, 42557, DIRECT",dauup.com,42557,DIRECT,,False,False,,,
Dauup Authorization,Publishers Seller ID Tracker,Dauup,Publisher,Ken Pespisa,Publisher Ads.txt,"dauup.com, 42558, DIRECT",dauup.com,42558,DIRECT,,False,False,,,
Dauup Authorization,Publishers Seller ID Tracker,Dauup,Publisher,Sankeerna Satyadev Mahalingashetty,Publisher Ads.txt,"dauup.com, 42559, DIRECT",dauup.com,42559,DIRECT,,False,False,,,
Dauup Authorization,Publishers Seller ID Tracker,Dauup,Publisher,Playumm Games,Publisher Ads.txt,"dauup.com, 42560, DIRECT",dauup.com,42560,DIRECT,,False,False,,,
Dauup Authorization,Publishers Seller ID Tracker,Dauup,Publisher,HIGHCORE LABS LLC,Publisher Ads.txt,"dauup.com, 42561, DIRECT",dauup.com,42561,DIRECT,,False,False,,,
Dauup Authorization,Publishers Seller ID Tracker,Dauup,Publisher,BizSim Game Studios,Publisher Ads.txt,"dauup.com, 42562, DIRECT",dauup.com,42562,DIRECT,,False,False,,,
Dauup Authorization,Publishers Seller ID Tracker,Dauup,Publisher,Weave App's LTD,Publisher Ads.txt,"dauup.com, 42563, DIRECT",dauup.com,42563,DIRECT,,False,False,,,
Dauup Authorization,Publishers Seller ID Tracker,Dauup,Publisher,EZ Technology JSC.,Publisher Ads.txt,"dauup.com, 42564, DIRECT",dauup.com,42564,DIRECT,,False,False,,,
Dauup Authorization,Publishers Seller ID Tracker,Dauup,Publisher,apppower,Publisher Ads.txt,"dauup.com, 42565, DIRECT",dauup.com,42565,DIRECT,,False,False,,,
Dauup Authorization,Publishers Seller ID Tracker,Dauup,Publisher,BYRIL,Publisher Ads.txt,"dauup.com, 42566, DIRECT",dauup.com,42566,DIRECT,,False,False,,,
Dauup Authorization,Publishers Seller ID Tracker,Dauup,Publisher,Maleo,Publisher Ads.txt,"dauup.com, 42567, DIRECT",dauup.com,42567,DIRECT,,False,False,,,
Dauup Authorization,Publishers Seller ID Tracker,Dauup,Publisher,POP TOOL,Publisher Ads.txt,"dauup.com, 42568, DIRECT",dauup.com,42568,DIRECT,,False,False,,,
Dauup Authorization,Publishers Seller ID Tracker,Dauup,Publisher,Christian Ortiz,Publisher Ads.txt,"dauup.com, 42569, DIRECT",dauup.com,42569,DIRECT,,False,False,,,
Dauup Authorization,Publishers Seller ID Tracker,Dauup,Publisher,"Vinted, UAB",Publisher Ads.txt,"dauup.com, 42570, DIRECT",dauup.com,42570,DIRECT,,False,False,,,
Dauup Authorization,Publishers Seller ID Tracker,Dauup,Publisher,IQzone Inc.,Publisher Ads.txt,"dauup.com, 42571, DIRECT",dauup.com,42571,DIRECT,,False,False,,,
Dauup Authorization,Publishers Seller ID Tracker,Dauup,Publisher,craftoox,Publisher Ads.txt,"dauup.com, 42572, DIRECT",dauup.com,42572,DIRECT,,False,False,,,
Dauup Authorization,Publishers Seller ID Tracker,Dauup,Publisher,Wonder Legend Games Inc.,Publisher Ads.txt,"dauup.com, 42573, DIRECT",dauup.com,42573,DIRECT,,False,False,,,
Dauup Authorization,Publishers Seller ID Tracker,Dauup,Publisher,Skygo Game,Publisher Ads.txt,"dauup.com, 42574, DIRECT",dauup.com,42574,DIRECT,,False,False,,,
Dauup Authorization,Publishers Seller ID Tracker,Dauup,Publisher,Direct CPV Technologies Inc.,Publisher Ads.txt,"dauup.com, 42575, DIRECT",dauup.com,42575,DIRECT,,False,False,,,
Dauup Authorization,Publishers Seller ID Tracker,Dauup,Publisher,Ibtikar Technologies Co,Publisher Ads.txt,"dauup.com, 42576, DIRECT",dauup.com,42576,DIRECT,,False,False,,,
Dauup Authorization,Publishers Seller ID Tracker,Dauup,Publisher,NEAT AppMaster Limited,Publisher Ads.txt,"dauup.com, 42577, DIRECT",dauup.com,42577,DIRECT,,False,False,,,
Dauup Authorization,Publishers Seller ID Tracker,Dauup,Publisher,UDO GAMES OYUN YAZILIM ANONİM ŞİRKETİ,Publisher Ads.txt,"dauup.com, 42578, DIRECT",dauup.com,42578,DIRECT,,False,False,,,
Dauup Authorization,Publishers Seller ID Tracker,Dauup,Publisher,Gogii Games Corp.,Publisher Ads.txt,"dauup.com, 42579, DIRECT",dauup.com,42579,DIRECT,,False,False,,,
Dauup Authorization,Publishers Seller ID Tracker,Dauup,Publisher,BrainCore Ltd,Publisher Ads.txt,"dauup.com, 42580, DIRECT",dauup.com,42580,DIRECT,,False,False,,,
Dauup Authorization,Publishers Seller ID Tracker,Dauup,Publisher,TGMedia,Publisher Ads.txt,"dauup.com, 42581, DIRECT",dauup.com,42581,DIRECT,,False,False,,,
Dauup Authorization,Publishers Seller ID Tracker,Dauup,Publisher,Popborne Inc.,Publisher Ads.txt,"dauup.com, 42582, DIRECT",dauup.com,42582,DIRECT,,False,False,,,
Dauup Authorization,Publishers Seller ID Tracker,Dauup,Publisher,Nakrani Infotech,Publisher Ads.txt,"dauup.com, 42583, DIRECT",dauup.com,42583,DIRECT,,False,False,,,
Dauup Authorization,Publishers Seller ID Tracker,Dauup,Publisher,Springwalk Inc.,Publisher Ads.txt,"dauup.com, 42584, DIRECT",dauup.com,42584,DIRECT,,False,False,,,
Dauup Authorization,Publishers Seller ID Tracker,Dauup,Publisher,Robel Equbasilassie kahsay,Publisher Ads.txt,"dauup.com, 42585, DIRECT",dauup.com,42585,DIRECT,,False,False,,,
Dauup Authorization,Publishers Seller ID Tracker,Dauup,Publisher,Logic Rack,Publisher Ads.txt,"dauup.com, 42586, DIRECT",dauup.com,42586,DIRECT,,False,False,,,
Dauup Authorization,Publishers Seller ID Tracker,Dauup,Publisher,Deftouch Interactive Art Private Limited,Publisher Ads.txt,"dauup.com, 42587, DIRECT",dauup.com,42587,DIRECT,,False,False,,,
Dauup Authorization,Publishers Seller ID Tracker,Dauup,Publisher,Komiku,Publisher Ads.txt,"dauup.com, 42588, DIRECT",dauup.com,42588,DIRECT,,False,False,,,
Dauup Authorization,Publishers Seller ID Tracker,Dauup,Publisher,VipC-CN-Export,Publisher Ads.txt,"dauup.com, 42589, DIRECT",dauup.com,42589,DIRECT,,False,False,,,
Dauup Authorization,Publishers Seller ID Tracker,Dauup,Publisher,Mana Break OU,Publisher Ads.txt,"dauup.com, 42590, DIRECT",dauup.com,42590,DIRECT,,False,False,,,
Dauup Authorization,Publishers Seller ID Tracker,Dauup,Publisher,Funzy ltd.,Publisher Ads.txt,"dauup.com, 42591, DIRECT",dauup.com,42591,DIRECT,,False,False,,,
Dauup Authorization,Publishers Seller ID Tracker,Dauup,Publisher,Doppler Games,Publisher Ads.txt,"dauup.com, 42592, DIRECT",dauup.com,42592,DIRECT,,False,False,,,
Dauup Authorization,Publishers Seller ID Tracker,Dauup,Publisher,AHF Games LLC,Publisher Ads.txt,"dauup.com, 42593, DIRECT",dauup.com,42593,DIRECT,,False,False,,,
Dauup Authorization,Publishers Seller ID Tracker,Dauup,Publisher,TapNice Sp. z o.o.,Publisher Ads.txt,"dauup.com, 42594, DIRECT",dauup.com,42594,DIRECT,,False,False,,,
Dauup Authorization,Publishers Seller ID Tracker,Dauup,Publisher,Buzz ARVR,Publisher Ads.txt,"dauup.com, 42595, DIRECT",dauup.com,42595,DIRECT,,False,False,,,
Dauup Authorization,Publishers Seller ID Tracker,Dauup,Publisher,Venatus Media,Publisher Ads.txt,"dauup.com, 42596, DIRECT",dauup.com,42596,DIRECT,,False,False,,,
Dauup Authorization,Publishers Seller ID Tracker,Dauup,Publisher,Yopi Rinaldi,Publisher Ads.txt,"dauup.com, 42597, DIRECT",dauup.com,42597,DIRECT,,False,False,,,
Dauup Authorization,Publishers Seller ID Tracker,Dauup,Publisher,opalastudios,Publisher Ads.txt,"dauup.com, 42598, DIRECT",dauup.com,42598,DIRECT,,False,False,,,
Dauup Authorization,Publishers Seller ID Tracker,Dauup,Publisher,Ludu,Publisher Ads.txt,"dauup.com, 42599, DIRECT",dauup.com,42599,DIRECT,,False,False,,,
Dauup Authorization,Publishers Seller ID Tracker,Dauup,Publisher,"ShenZhen Domo Technology co., ltd -CN-Export",Publisher Ads.txt,"dauup.com, 42600, DIRECT",dauup.com,42600,DIRECT,,False,False,,,
Dauup Authorization,Publishers Seller ID Tracker,Dauup,Publisher,Level Zone,Publisher Ads.txt,"dauup.com, 42601, DIRECT",dauup.com,42601,DIRECT,,False,False,,,
Dauup Authorization,Publishers Seller ID Tracker,Dauup,Publisher,Castbox-cn-export,Publisher Ads.txt,"dauup.com, 42602, DIRECT",dauup.com,42602,DIRECT,,False,False,,,
Dauup Authorization,Publishers Seller ID Tracker,Dauup,Publisher,JuliAndTan,Publisher Ads.txt,"dauup.com, 42603, DIRECT",dauup.com,42603,DIRECT,,False,False,,,
Dauup Authorization,Publishers Seller ID Tracker,Dauup,Publisher,JBTECHNOZ,Publisher Ads.txt,"dauup.com, 42604, DIRECT",dauup.com,42604,DIRECT,,False,False,,,
Dauup Authorization,Publishers Seller ID Tracker,Dauup,Publisher,Divinity Network Technology Hong Kong Co Ltd,Publisher Ads.txt,"dauup.com, 42605, DIRECT",dauup.com,42605,DIRECT,,False,False,,,
Dauup Authorization,Publishers Seller ID Tracker,Dauup,Publisher,Game Masons,Publisher Ads.txt,"dauup.com, 42606, DIRECT",dauup.com,42606,DIRECT,,False,False,,,
Dauup Authorization,Publishers Seller ID Tracker,Dauup,Publisher,ClipClaps-CN-Export,Publisher Ads.txt,"dauup.com, 42607, DIRECT",dauup.com,42607,DIRECT,,False,False,,,
Dauup Authorization,Publishers Seller ID Tracker,Dauup,Publisher,ARKZOFT,Publisher Ads.txt,"dauup.com, 42608, DIRECT",dauup.com,42608,DIRECT,,False,False,,,
Dauup Authorization,Publishers Seller ID Tracker,Dauup,Publisher,Clap Clap Games,Publisher Ads.txt,"dauup.com, 42609, DIRECT",dauup.com,42609,DIRECT,,False,False,,,
Dauup Authorization,Publishers Seller ID Tracker,Dauup,Publisher,Lodz Ltd,Publisher Ads.txt,"dauup.com, 42610, DIRECT",dauup.com,42610,DIRECT,,False,False,,,
Dauup Authorization,Publishers Seller ID Tracker,Dauup,Publisher,Carlos Madruga,Publisher Ads.txt,"dauup.com, 42611, DIRECT",dauup.com,42611,DIRECT,,False,False,,,
Dauup Authorization,Publishers Seller ID Tracker,Dauup,Publisher,"Kelly Technology, Inc",Publisher Ads.txt,"dauup.com, 42612, DIRECT",dauup.com,42612,DIRECT,,False,False,,,
Dauup Authorization,Publishers Seller ID Tracker,Dauup,Publisher,Pine Tree Network Co Limited,Publisher Ads.txt,"dauup.com, 42613, DIRECT",dauup.com,42613,DIRECT,,False,False,,,
Dauup Authorization,Publishers Seller ID Tracker,Dauup,Publisher,Team Abocado,Publisher Ads.txt,"dauup.com, 42614, DIRECT",dauup.com,42614,DIRECT,,False,False,,,
Dauup Authorization,Publishers Seller ID Tracker,Dauup,Publisher,xfi Locator,Publisher Ads.txt,"dauup.com, 42615, DIRECT",dauup.com,42615,DIRECT,,False,False,,,
Dauup Authorization,Publishers Seller ID Tracker,Dauup,Publisher,Gambi,Publisher Ads.txt,"dauup.com, 42616, DIRECT",dauup.com,42616,DIRECT,,False,False,,,
Dauup Authorization,Publishers Seller ID Tracker,Dauup,Publisher,Spinrilla,Publisher Ads.txt,"dauup.com, 42617, DIRECT",dauup.com,42617,DIRECT,,False,False,,,
Dauup Authorization,Publishers Seller ID Tracker,Dauup,Publisher,Nighp,Publisher Ads.txt,"dauup.com, 42618, DIRECT",dauup.com,42618,DIRECT,,False,False,,,
Dauup Authorization,Publishers Seller ID Tracker,Dauup,Publisher,TextNow,Publisher Ads.txt,"dauup.com, 42619, DIRECT",dauup.com,42619,DIRECT,,False,False,,,
Dauup Authorization,Publishers Seller ID Tracker,Dauup,Publisher,Solar,Publisher Ads.txt,"dauup.com, 42620, DIRECT",dauup.com,42620,DIRECT,,False,False,,,
Dauup Authorization,Publishers Seller ID Tracker,Dauup,Publisher,Digitalmoka Srl,Publisher Ads.txt,"dauup.com, 42621, DIRECT",dauup.com,42621,DIRECT,,False,False,,,
Dauup Authorization,Publishers Seller ID Tracker,Dauup,Publisher,Flick Games,Publisher Ads.txt,"dauup.com, 42622, DIRECT",dauup.com,42622,DIRECT,,False,False,,,
Dauup Authorization,Publishers Seller ID Tracker,Dauup,Publisher,Apero Game,Publisher Ads.txt,"dauup.com, 42623, DIRECT",dauup.com,42623,DIRECT,,False,False,,,
Dauup Authorization,Publishers Seller ID Tracker,Dauup,Publisher,Nirmala Ashok Mahalingashetty,Publisher Ads.txt,"dauup.com, 42624, DIRECT",dauup.com,42624,DIRECT,,False,False,,,
Dauup Authorization,Publishers Seller ID Tracker,Dauup,Publisher,Appfactory,Publisher Ads.txt,"dauup.com, 42625, DIRECT",dauup.com,42625,DIRECT,,False,False,,,
Dauup Authorization,Publishers Seller ID Tracker,Dauup,Publisher,Pransuinc,Publisher Ads.txt,"dauup.com, 42626, DIRECT",dauup.com,42626,DIRECT,,False,False,,,
Dauup Authorization,Publishers Seller ID Tracker,Dauup,Publisher,Falcon Mobile Limited,Publisher Ads.txt,"dauup.com, 42627, DIRECT",dauup.com,42627,DIRECT,,False,False,,,
Dauup Authorization,Publishers Seller ID Tracker,Dauup,Publisher,ARV Mobile App Design,Publisher Ads.txt,"dauup.com, 42628, DIRECT",dauup.com,42628,DIRECT,,False,False,,,
Dauup Authorization,Publishers Seller ID Tracker,Dauup,Publisher,2TM,Publisher Ads.txt,"dauup.com, 42629, DIRECT",dauup.com,42629,DIRECT,,False,False,,,
Dauup Authorization,Publishers Seller ID Tracker,Dauup,Publisher,Paidwork Sp. z o.o.,Publisher Ads.txt,"dauup.com, 42630, DIRECT",dauup.com,42630,DIRECT,,False,False,,,
Dauup Authorization,Publishers Seller ID Tracker,Dauup,Publisher,tapfun studio,Publisher Ads.txt,"dauup.com, 42631, DIRECT",dauup.com,42631,DIRECT,,False,False,,,
Dauup Authorization,Publishers Seller ID Tracker,Dauup,Publisher,Sride Tech Pvt Ltd,Publisher Ads.txt,"dauup.com, 42632, DIRECT",dauup.com,42632,DIRECT,,False,False,,,
Dauup Authorization,Publishers Seller ID Tracker,Dauup,Publisher,Vernal Info,Publisher Ads.txt,"dauup.com, 42633, DIRECT",dauup.com,42633,DIRECT,,False,False,,,
Dauup Authorization,Publishers Seller ID Tracker,Dauup,Publisher,Sophun Games Limited,Publisher Ads.txt,"dauup.com, 42634, DIRECT",dauup.com,42634,DIRECT,,False,False,,,
Dauup Authorization,Publishers Seller ID Tracker,Dauup,Publisher,Euro-Grasp LTD,Publisher Ads.txt,"dauup.com, 42635, DIRECT",dauup.com,42635,DIRECT,,False,False,,,
Dauup Authorization,Publishers Seller ID Tracker,Dauup,Publisher,JP PIXIV Inc,Publisher Ads.txt,"dauup.com, 42636, DIRECT",dauup.com,42636,DIRECT,,False,False,,,
Dauup Authorization,Publishers Seller ID Tracker,Dauup,Publisher,Christian Ortiz InMobi,Publisher Ads.txt,"dauup.com, 42637, DIRECT",dauup.com,42637,DIRECT,,False,False,,,
Dauup Authorization,Publishers Seller ID Tracker,Dauup,Publisher,JOSEPH ADEDIJI,Publisher Ads.txt,"dauup.com, 42638, DIRECT",dauup.com,42638,DIRECT,,False,False,,,
Dauup Authorization,Publishers Seller ID Tracker,Dauup,Publisher,Mara Veselcic,Publisher Ads.txt,"dauup.com, 42639, DIRECT",dauup.com,42639,DIRECT,,False,False,,,
Dauup Authorization,Publishers Seller ID Tracker,Dauup,Publisher,Banuba Limited,Publisher Ads.txt,"dauup.com, 42640, DIRECT",dauup.com,42640,DIRECT,,False,False,,,
Dauup Authorization,Publishers Seller ID Tracker,Dauup,Publisher,Hong Kong Bestread Technology Limited,Publisher Ads.txt,"dauup.com, 42641, DIRECT",dauup.com,42641,DIRECT,,False,False,,,
Dauup Authorization,Publishers Seller ID Tracker,Dauup,Publisher,"Social Point, S.L.U",Publisher Ads.txt,"dauup.com, 42642, DIRECT",dauup.com,42642,DIRECT,,False,False,,,
Dauup Authorization,Publishers Seller ID Tracker,Dauup,Publisher,Kuusoukagaku Corp.,Publisher Ads.txt,"dauup.com, 42643, DIRECT",dauup.com,42643,DIRECT,,False,False,,,
Dauup Authorization,Publishers Seller ID Tracker,Dauup,Publisher,eti_gani,Publisher Ads.txt,"dauup.com, 42644, DIRECT",dauup.com,42644,DIRECT,,False,False,,,
Dauup Authorization,Publishers Seller ID Tracker,Dauup,Publisher,Sinsintec,Publisher Ads.txt,"dauup.com, 42645, DIRECT",dauup.com,42645,DIRECT,,False,False,,,
Dauup Authorization,Publishers Seller ID Tracker,Dauup,Publisher,One Man Band S.L.,Publisher Ads.txt,"dauup.com, 42646, DIRECT",dauup.com,42646,DIRECT,,False,False,,,
Dauup Authorization,Publishers Seller ID Tracker,Dauup,Publisher,HONG KONG YOUZHI TECHNOLOGY LIMITED,Publisher Ads.txt,"dauup.com, 42647, DIRECT",dauup.com,42647,DIRECT,,False,False,,,
Dauup Authorization,Publishers Seller ID Tracker,Dauup,Publisher,Dailymotion Advertising,Publisher Ads.txt,"dauup.com, 42648, DIRECT",dauup.com,42648,DIRECT,,False,False,,,
Dauup Authorization,Publishers Seller ID Tracker,Dauup,Publisher,PLAYCIDITY LTD,Publisher Ads.txt,"dauup.com, 42649, DIRECT",dauup.com,42649,DIRECT,,False,False,,,
Dauup Authorization,Publishers Seller ID Tracker,Dauup,Publisher,GBSoft,Publisher Ads.txt,"dauup.com, 42650, DIRECT",dauup.com,42650,DIRECT,,False,False,,,
Dauup Authorization,Publishers Seller ID Tracker,Dauup,Publisher,Quadrimind Sistemas Ltda,Publisher Ads.txt,"dauup.com, 42651, DIRECT",dauup.com,42651,DIRECT,,False,False,,,
Dauup Authorization,Publishers Seller ID Tracker,Dauup,Publisher,Maksimum Iletisim Hizmetleri A.S.,Publisher Ads.txt,"dauup.com, 42652, DIRECT",dauup.com,42652,DIRECT,,False,False,,,
Dauup Authorization,Publishers Seller ID Tracker,Dauup,Publisher,Supercent,Publisher Ads.txt,"dauup.com, 42653, DIRECT",dauup.com,42653,DIRECT,,False,False,,,
Dauup Authorization,Publishers Seller ID Tracker,Dauup,Publisher,K53 South Africa,Publisher Ads.txt,"dauup.com, 42654, DIRECT",dauup.com,42654,DIRECT,,False,False,,,
Dauup Authorization,Publishers Seller ID Tracker,Dauup,Publisher,Panghu-CN-Export,Publisher Ads.txt,"dauup.com, 42655, DIRECT",dauup.com,42655,DIRECT,,False,False,,,
Dauup Authorization,Publishers Seller ID Tracker,Dauup,Publisher,HIGGS TECHNOLOGY-CN-Export,Publisher Ads.txt,"dauup.com, 42656, DIRECT",dauup.com,42656,DIRECT,,False,False,,,
Dauup Authorization,Publishers Seller ID Tracker,Dauup,Publisher,Hoolatron Studios,Publisher Ads.txt,"dauup.com, 42657, DIRECT",dauup.com,42657,DIRECT,,False,False,,,
Dauup Authorization,Publishers Seller ID Tracker,Dauup,Publisher,O2 Network Ltd.,Publisher Ads.txt,"dauup.com, 42658, DIRECT",dauup.com,42658,DIRECT,,False,False,,,
Dauup Authorization,Publishers Seller ID Tracker,Dauup,Publisher,BALABOOM PTE LTD.,Publisher Ads.txt,"dauup.com, 42659, DIRECT",dauup.com,42659,DIRECT,,False,False,,,
Dauup Authorization,Publishers Seller ID Tracker,Dauup,Publisher,DRIFT TECH LIMITED,Publisher Ads.txt,"dauup.com, 42660, DIRECT",dauup.com,42660,DIRECT,,False,False,,,
Dauup Authorization,Publishers Seller ID Tracker,Dauup,Publisher,Sergey Ivanenko,Publisher Ads.txt,"dauup.com, 42661, DIRECT",dauup.com,42661,DIRECT,,False,False,,,
Dauup Authorization,Publishers Seller ID Tracker,Dauup,Publisher,Brightika Inc.,Publisher Ads.txt,"dauup.com, 42662, DIRECT",dauup.com,42662,DIRECT,,False,False,,,
Dauup Authorization,Publishers Seller ID Tracker,Dauup,Publisher,Smartivi inc,Publisher Ads.txt,"dauup.com, 42663, DIRECT",dauup.com,42663,DIRECT,,False,False,,,
Dauup Authorization,Publishers Seller ID Tracker,Dauup,Publisher,Shkabaj Inc.,Publisher Ads.txt,"dauup.com, 42664, DIRECT",dauup.com,42664,DIRECT,,False,False,,,
Dauup Authorization,Publishers Seller ID Tracker,Dauup,Publisher,BrainMount Ltd,Publisher Ads.txt,"dauup.com, 42665, DIRECT",dauup.com,42665,DIRECT,,False,False,,,
Dauup Authorization,Publishers Seller ID Tracker,Dauup,Publisher,RapiVest,Publisher Ads.txt,"dauup.com, 42666, DIRECT",dauup.com,42666,DIRECT,,False,False,,,
Dauup Authorization,Publishers Seller ID Tracker,Dauup,Publisher,DUCKY LTD 1,Publisher Ads.txt,"dauup.com, 42667, DIRECT",dauup.com,42667,DIRECT,,False,False,,,
Dauup Authorization,Publishers Seller ID Tracker,Dauup,Publisher,"Watermoon Technology Co., Ltd CN-Export",Publisher Ads.txt,"dauup.com, 42668, DIRECT",dauup.com,42668,DIRECT,,False,False,,,
Dauup Authorization,Publishers Seller ID Tracker,Dauup,Publisher,Lavka Studios FZC,Publisher Ads.txt,"dauup.com, 42669, DIRECT",dauup.com,42669,DIRECT,,False,False,,,
Dauup Authorization,Publishers Seller ID Tracker,Dauup,Publisher,Luan Tran Ngoc,Publisher Ads.txt,"dauup.com, 42670, DIRECT",dauup.com,42670,DIRECT,,False,False,,,
Dauup Authorization,Publishers Seller ID Tracker,Dauup,Publisher,ZENITH JAKUB SZOŁOMICKI,Publisher Ads.txt,"dauup.com, 42671, DIRECT",dauup.com,42671,DIRECT,,False,False,,,
Dauup Authorization,Publishers Seller ID Tracker,Dauup,Publisher,"LONGSEN MEDIA CO., LIMITED",Publisher Ads.txt,"dauup.com, 42672, DIRECT",dauup.com,42672,DIRECT,,False,False,,,
Dauup Authorization,Publishers Seller ID Tracker,Dauup,Publisher,Sefiuor,Publisher Ads.txt,"dauup.com, 42673, DIRECT",dauup.com,42673,DIRECT,,False,False,,,
Dauup Authorization,Publishers Seller ID Tracker,Dauup,Publisher,Visover Ltd,Publisher Ads.txt,"dauup.com, 42674, DIRECT",dauup.com,42674,DIRECT,,False,False,,,
Dauup Authorization,Publishers Seller ID Tracker,Dauup,Publisher,Swipr Corporation,Publisher Ads.txt,"dauup.com, 42675, DIRECT",dauup.com,42675,DIRECT,,False,False,,,
Dauup Authorization,Publishers Seller ID Tracker,Dauup,Publisher,ZsuiwaL,Publisher Ads.txt,"dauup.com, 42676, DIRECT",dauup.com,42676,DIRECT,,False,False,,,
Dauup Authorization,Publishers Seller ID Tracker,Dauup,Publisher,STILL57 INC.,Publisher Ads.txt,"dauup.com, 42677, DIRECT",dauup.com,42677,DIRECT,,False,False,,,
Dauup Authorization,Publishers Seller ID Tracker,Dauup,Publisher,SONNET INNOVATIONS PTE. LTD.,Publisher Ads.txt,"dauup.com, 42678, DIRECT",dauup.com,42678,DIRECT,,False,False,,,
Dauup Authorization,Publishers Seller ID Tracker,Dauup,Publisher,"CHENGDU KIWI TECHNOLOGY CO.,LTD.",Publisher Ads.txt,"dauup.com, 42679, DIRECT",dauup.com,42679,DIRECT,,False,False,,,
Dauup Authorization,Publishers Seller ID Tracker,Dauup,Publisher,Gybe Games Teknoloji Anonim Şirketi,Publisher Ads.txt,"dauup.com, 42680, DIRECT",dauup.com,42680,DIRECT,,False,False,,,
Dauup Authorization,Publishers Seller ID Tracker,Dauup,Publisher,Metajoy-CN-Export,Publisher Ads.txt,"dauup.com, 42681, DIRECT",dauup.com,42681,DIRECT,,False,False,,,
Dauup Authorization,Publishers Seller ID Tracker,Dauup,Publisher,VietDev,Publisher Ads.txt,"dauup.com, 42682, DIRECT",dauup.com,42682,DIRECT,,False,False,,,
Dauup Authorization,Publishers Seller ID Tracker,Dauup,Publisher,CplayQ,Publisher Ads.txt,"dauup.com, 42683, DIRECT",dauup.com,42683,DIRECT,,False,False,,,
Dauup Authorization,Publishers Seller ID Tracker,Dauup,Publisher,Voyager Oyun Yazilim Sanayi Ticaret Anonim Sirketi,Publisher Ads.txt,"dauup.com, 42684, DIRECT",dauup.com,42684,DIRECT,,False,False,,,
Dauup Authorization,Publishers Seller ID Tracker,Dauup,Publisher,TutoTOONS LTD,Publisher Ads.txt,"dauup.com, 42685, DIRECT",dauup.com,42685,DIRECT,,False,False,,,
Dauup Authorization,Publishers Seller ID Tracker,Dauup,Publisher,Byteghoul UG (haftungsbeschränkt),Publisher Ads.txt,"dauup.com, 42686, DIRECT",dauup.com,42686,DIRECT,,False,False,,,
Dauup Authorization,Publishers Seller ID Tracker,Dauup,Publisher,Gleam Games,Publisher Ads.txt,"dauup.com, 42687, DIRECT",dauup.com,42687,DIRECT,,False,False,,,
Dauup Authorization,Publishers Seller ID Tracker,Dauup,Publisher,Passion Factory,Publisher Ads.txt,"dauup.com, 42688, DIRECT",dauup.com,42688,DIRECT,,False,False,,,
Dauup Authorization,Publishers Seller ID Tracker,Dauup,Publisher,Longitude Ads LLC,Publisher Ads.txt,"dauup.com, 42689, DIRECT",dauup.com,42689,DIRECT,,False,False,,,
Dauup Authorization,Publishers Seller ID Tracker,Dauup,Publisher,Chrisworkshop,Publisher Ads.txt,"dauup.com, 42691, DIRECT",dauup.com,42691,DIRECT,,False,False,,,
Dauup Authorization,Publishers Seller ID Tracker,Dauup,Publisher,The Angry Kraken,Publisher Ads.txt,"dauup.com, 42692, DIRECT",dauup.com,42692,DIRECT,,False,False,,,
Dauup Authorization,Publishers Seller ID Tracker,Dauup,Publisher,Red Shift Games,Publisher Ads.txt,"dauup.com, 42693, DIRECT",dauup.com,42693,DIRECT,,False,False,,,
Dauup Authorization,Publishers Seller ID Tracker,Dauup,Publisher,Onlineradiobox,Publisher Ads.txt,"dauup.com, 42694, DIRECT",dauup.com,42694,DIRECT,,False,False,,,
Dauup Authorization,Publishers Seller ID Tracker,Dauup,Publisher,Pango Games and Mobile App Development,Publisher Ads.txt,"dauup.com, 42695, DIRECT",dauup.com,42695,DIRECT,,False,False,,,
Dauup Authorization,Publishers Seller ID Tracker,Dauup,Publisher,surging limited,Publisher Ads.txt,"dauup.com, 42696, DIRECT",dauup.com,42696,DIRECT,,False,False,,,
Dauup Authorization,Publishers Seller ID Tracker,Dauup,Publisher,Lucky Monster,Publisher Ads.txt,"dauup.com, 42697, DIRECT",dauup.com,42697,DIRECT,,False,False,,,
Dauup Authorization,Publishers Seller ID Tracker,Dauup,Publisher,Adpushup Inc,Publisher Ads.txt,"dauup.com, 42698, DIRECT",dauup.com,42698,DIRECT,,False,False,,,
Dauup Authorization,Publishers Seller ID Tracker,Dauup,Publisher,Dung Vu Viet,Publisher Ads.txt,"dauup.com, 42699, DIRECT",dauup.com,42699,DIRECT,,False,False,,,
Dauup Authorization,Publishers Seller ID Tracker,Dauup,Publisher,Android Software,Publisher Ads.txt,"dauup.com, 42700, DIRECT",dauup.com,42700,DIRECT,,False,False,,,
Dauup Authorization,Publishers Seller ID Tracker,Dauup,Publisher,Mukesh Kumar,Publisher Ads.txt,"dauup.com, 42701, DIRECT",dauup.com,42701,DIRECT,,False,False,,,
Dauup Authorization,Publishers Seller ID Tracker,Dauup,Publisher,ilyon dynamics,Publisher Ads.txt,"dauup.com, 42702, DIRECT",dauup.com,42702,DIRECT,,False,False,,,
Dauup Authorization,Publishers Seller ID Tracker,Dauup,Publisher,smail houssam,Publisher Ads.txt,"dauup.com, 42703, DIRECT",dauup.com,42703,DIRECT,,False,False,,,
Dauup Authorization,Publishers Seller ID Tracker,Dauup,Publisher,Kids Oceans Game,Publisher Ads.txt,"dauup.com, 42704, DIRECT",dauup.com,42704,DIRECT,,False,False,,,
Dauup Authorization,Publishers Seller ID Tracker,Dauup,Publisher,Hoyt Games,Publisher Ads.txt,"dauup.com, 42705, DIRECT",dauup.com,42705,DIRECT,,False,False,,,
Dauup Authorization,Publishers Seller ID Tracker,Dauup,Publisher,Firefog LLC,Publisher Ads.txt,"dauup.com, 42706, DIRECT",dauup.com,42706,DIRECT,,False,False,,,
Dauup Authorization,Publishers Seller ID Tracker,Dauup,Publisher,PHYGITAL LTD,Publisher Ads.txt,"dauup.com, 42707, DIRECT",dauup.com,42707,DIRECT,,False,False,,,
Dauup Authorization,Publishers Seller ID Tracker,Dauup,Publisher,能量工坊,Publisher Ads.txt,"dauup.com, 42708, DIRECT",dauup.com,42708,DIRECT,,False,False,,,
Dauup Authorization,Publishers Seller ID Tracker,Dauup,Publisher,Pixery,Publisher Ads.txt,"dauup.com, 42709, DIRECT",dauup.com,42709,DIRECT,,False,False,,,
Dauup Authorization,Publishers Seller ID Tracker,Dauup,Publisher,Brainium Studios,Publisher Ads.txt,"dauup.com, 42710, DIRECT",dauup.com,42710,DIRECT,,False,False,,,
Dauup Authorization,Publishers Seller ID Tracker,Dauup,Publisher,Aksharlogic Systems Pvt Ltd,Publisher Ads.txt,"dauup.com, 42711, DIRECT",dauup.com,42711,DIRECT,,False,False,,,
Dauup Authorization,Publishers Seller ID Tracker,Dauup,Publisher,"GRUS TECHNOLOGY ., JSC",Publisher Ads.txt,"dauup.com, 42712, DIRECT",dauup.com,42712,DIRECT,,False,False,,,
Dauup Authorization,Publishers Seller ID Tracker,Dauup,Publisher,Black Barrels Limited_CN_exprot,Publisher Ads.txt,"dauup.com, 42713, DIRECT",dauup.com,42713,DIRECT,,False,False,,,
Dauup Authorization,Publishers Seller ID Tracker,Dauup,Publisher,"dely, Inc.",Publisher Ads.txt,"dauup.com, 42714, DIRECT",dauup.com,42714,DIRECT,,False,False,,,
Dauup Authorization,Publishers Seller ID Tracker,Dauup,Publisher,Betastage Inc,Publisher Ads.txt,"dauup.com, 42715, DIRECT",dauup.com,42715,DIRECT,,False,False,,,
Dauup Authorization,Publishers Seller ID Tracker,Dauup,Publisher,"BBOLD., JSC",Publisher Ads.txt,"dauup.com, 42716, DIRECT",dauup.com,42716,DIRECT,,False,False,,,
Dauup Authorization,Publishers Seller ID Tracker,Dauup,Publisher,Ahmad Mustafa,Publisher Ads.txt,"dauup.com, 42717, DIRECT",dauup.com,42717,DIRECT,,False,False,,,
Dauup Authorization,Publishers Seller ID Tracker,Dauup,Publisher,welldump,Publisher Ads.txt,"dauup.com, 42718, DIRECT",dauup.com,42718,DIRECT,,False,False,,,
Dauup Authorization,Publishers Seller ID Tracker,Dauup,Publisher,Pujia8-CN-Export,Publisher Ads.txt,"dauup.com, 42719, DIRECT",dauup.com,42719,DIRECT,,False,False,,,
Dauup Authorization,Publishers Seller ID Tracker,Dauup,Publisher,Alphatier Studios,Publisher Ads.txt,"dauup.com, 42720, DIRECT",dauup.com,42720,DIRECT,,False,False,,,
Dauup Authorization,Publishers Seller ID Tracker,Dauup,Publisher,Yeti,Publisher Ads.txt,"dauup.com, 42721, DIRECT",dauup.com,42721,DIRECT,,False,False,,,
Dauup Authorization,Publishers Seller ID Tracker,Dauup,Publisher,Safe Shop,Publisher Ads.txt,"dauup.com, 42722, DIRECT",dauup.com,42722,DIRECT,,False,False,,,
Dauup Authorization,Publishers Seller ID Tracker,Dauup,Publisher,XDRAGON TECHNOLOGY LIMITED-CN-Export,Publisher Ads.txt,"dauup.com, 42723, DIRECT",dauup.com,42723,DIRECT,,False,False,,,
Dauup Authorization,Publishers Seller ID Tracker,Dauup,Publisher,JP Research and Innovation,Publisher Ads.txt,"dauup.com, 42724, DIRECT",dauup.com,42724,DIRECT,,False,False,,,
Dauup Authorization,Publishers Seller ID Tracker,Dauup,Publisher,SK Developers,Publisher Ads.txt,"dauup.com, 42725, DIRECT",dauup.com,42725,DIRECT,,False,False,,,
Dauup Authorization,Publishers Seller ID Tracker,Dauup,Publisher,Fandom Inc.,Publisher Ads.txt,"dauup.com, 42726, DIRECT",dauup.com,42726,DIRECT,,False,False,,,
Dauup Authorization,Publishers Seller ID Tracker,Dauup,Publisher,Jam City Inc,Publisher Ads.txt,"dauup.com, 42727, DIRECT",dauup.com,42727,DIRECT,,False,False,,,
Dauup Authorization,Publishers Seller ID Tracker,Dauup,Publisher,Funlab Software Ltd,Publisher Ads.txt,"dauup.com, 42728, DIRECT",dauup.com,42728,DIRECT,,False,False,,,
Dauup Authorization,Publishers Seller ID Tracker,Dauup,Publisher,Apoggy-CN-Export,Publisher Ads.txt,"dauup.com, 42729, DIRECT",dauup.com,42729,DIRECT,,False,False,,,
Dauup Authorization,Publishers Seller ID Tracker,Dauup,Publisher,Woohoostudio-CN-Export,Publisher Ads.txt,"dauup.com, 42730, DIRECT",dauup.com,42730,DIRECT,,False,False,,,
Dauup Authorization,Publishers Seller ID Tracker,Dauup,Publisher,Huuuge Global Limited,Publisher Ads.txt,"dauup.com, 42731, DIRECT",dauup.com,42731,DIRECT,,False,False,,,
Dauup Authorization,Publishers Seller ID Tracker,Dauup,Publisher,ATM AMDADUL HUQ,Publisher Ads.txt,"dauup.com, 42732, DIRECT",dauup.com,42732,DIRECT,,False,False,,,
Dauup Authorization,Publishers Seller ID Tracker,Dauup,Publisher,ADVIBE MEDIA,Publisher Ads.txt,"dauup.com, 42733, DIRECT",dauup.com,42733,DIRECT,,False,False,,,
Dauup Authorization,Publishers Seller ID Tracker,Dauup,Publisher,Orange View Limited,Publisher Ads.txt,"dauup.com, 42734, DIRECT",dauup.com,42734,DIRECT,,False,False,,,
Dauup Authorization,Publishers Seller ID Tracker,Dauup,Publisher,FPT AdTrue Advertisement JSC.,Publisher Ads.txt,"dauup.com, 42735, DIRECT",dauup.com,42735,DIRECT,,False,False,,,
Dauup Authorization,Publishers Seller ID Tracker,Dauup,Publisher,china,Publisher Ads.txt,"dauup.com, 42736, DIRECT",dauup.com,42736,DIRECT,,False,False,,,
Dauup Authorization,Publishers Seller ID Tracker,Dauup,Publisher,TuneIn NA,Publisher Ads.txt,"dauup.com, 42737, DIRECT",dauup.com,42737,DIRECT,,False,False,,,
Dauup Authorization,Publishers Seller ID Tracker,Dauup,Publisher,pfeufferwksgbm- CN- Export,Publisher Ads.txt,"dauup.com, 42738, DIRECT",dauup.com,42738,DIRECT,,False,False,,,
Dauup Authorization,Publishers Seller ID Tracker,Dauup,Publisher,SMX,Publisher Ads.txt,"dauup.com, 42739, DIRECT",dauup.com,42739,DIRECT,,False,False,,,
Dauup Authorization,Publishers Seller ID Tracker,Dauup,Publisher,Glance_Perf_brand,Publisher Ads.txt,"dauup.com, 42740, DIRECT",dauup.com,42740,DIRECT,,False,False,,,
Dauup Authorization,Publishers Seller ID Tracker,Dauup,Publisher,Joker Game Bilişim AŞ,Publisher Ads.txt,"dauup.com, 42741, DIRECT",dauup.com,42741,DIRECT,,False,False,,,
Dauup Authorization,Publishers Seller ID Tracker,Dauup,Publisher,KNF,Publisher Ads.txt,"dauup.com, 42742, DIRECT",dauup.com,42742,DIRECT,,False,False,,,
Dauup Authorization,Publishers Seller ID Tracker,Dauup,Publisher,LuckinLightGameStudio,Publisher Ads.txt,"dauup.com, 42743, DIRECT",dauup.com,42743,DIRECT,,False,False,,,
Dauup Authorization,Publishers Seller ID Tracker,Dauup,Publisher,Lucky Day Entertainment,Publisher Ads.txt,"dauup.com, 42744, DIRECT",dauup.com,42744,DIRECT,,False,False,,,
Dauup Authorization,Publishers Seller ID Tracker,Dauup,Publisher,FRVR Limited,Publisher Ads.txt,"dauup.com, 42745, DIRECT",dauup.com,42745,DIRECT,,False,False,,,
Dauup Authorization,Publishers Seller ID Tracker,Dauup,Publisher,Best Apps Free,Publisher Ads.txt,"dauup.com, 42746, DIRECT",dauup.com,42746,DIRECT,,False,False,,,
Dauup Authorization,Publishers Seller ID Tracker,Dauup,Publisher,Direction Dev,Publisher Ads.txt,"dauup.com, 42747, DIRECT",dauup.com,42747,DIRECT,,False,False,,,
Dauup Authorization,Publishers Seller ID Tracker,Dauup,Publisher,Filip Loster,Publisher Ads.txt,"dauup.com, 42748, DIRECT",dauup.com,42748,DIRECT,,False,False,,,
Dauup Authorization,Publishers Seller ID Tracker,Dauup,Publisher,Peace Inc.,Publisher Ads.txt,"dauup.com, 42749, DIRECT",dauup.com,42749,DIRECT,,False,False,,,
Dauup Authorization,Publishers Seller ID Tracker,Dauup,Publisher,MIBC Inc.,Publisher Ads.txt,"dauup.com, 42750, DIRECT",dauup.com,42750,DIRECT,,False,False,,,
Dauup Authorization,Publishers Seller ID Tracker,Dauup,Publisher,BOLOYO-CN-Export,Publisher Ads.txt,"dauup.com, 42751, DIRECT",dauup.com,42751,DIRECT,,False,False,,,
Dauup Authorization,Publishers Seller ID Tracker,Dauup,Publisher,Appenvision Ltd,Publisher Ads.txt,"dauup.com, 42752, DIRECT",dauup.com,42752,DIRECT,,False,False,,,
Dauup Authorization,Publishers Seller ID Tracker,Dauup,Publisher,黄燕东,Publisher Ads.txt,"dauup.com, 42753, DIRECT",dauup.com,42753,DIRECT,,False,False,,,
Dauup Authorization,Publishers Seller ID Tracker,Dauup,Publisher,SAS GAMINHO,Publisher Ads.txt,"dauup.com, 42754, DIRECT",dauup.com,42754,DIRECT,,False,False,,,
Dauup Authorization,Publishers Seller ID Tracker,Dauup,Publisher,"HK FOREVER9 TECHNOLOGY CO.,LIMITED",Publisher Ads.txt,"dauup.com, 42755, DIRECT",dauup.com,42755,DIRECT,,False,False,,,
Dauup Authorization,Publishers Seller ID Tracker,Dauup,Publisher,SMART INDUSTRIES S.R.L.s,Publisher Ads.txt,"dauup.com, 42756, DIRECT",dauup.com,42756,DIRECT,,False,False,,,
Dauup Authorization,Publishers Seller ID Tracker,Dauup,Publisher,Team Snap,Publisher Ads.txt,"dauup.com, 42757, DIRECT",dauup.com,42757,DIRECT,,False,False,,,
Dauup Authorization,Publishers Seller ID Tracker,Dauup,Publisher,Bulldozer Balls,Publisher Ads.txt,"dauup.com, 42758, DIRECT",dauup.com,42758,DIRECT,,False,False,,,
Dauup Authorization,Publishers Seller ID Tracker,Dauup,Publisher,NewsOn,Publisher Ads.txt,"dauup.com, 42759, DIRECT",dauup.com,42759,DIRECT,,False,False,,,
Dauup Authorization,Publishers Seller ID Tracker,Dauup,Publisher,Radiance Media,Publisher Ads.txt,"dauup.com, 42760, DIRECT",dauup.com,42760,DIRECT,,False,False,,,
Dauup Authorization,Publishers Seller ID Tracker,Dauup,Publisher,Peoplefun.com,Publisher Ads.txt,"dauup.com, 42761, DIRECT",dauup.com,42761,DIRECT,,False,False,,,
Dauup Authorization,Publishers Seller ID Tracker,Dauup,Publisher,xflow games,Publisher Ads.txt,"dauup.com, 42762, DIRECT",dauup.com,42762,DIRECT,,False,False,,,
Dauup Authorization,Publishers Seller ID Tracker,Dauup,Publisher,Zenolit,Publisher Ads.txt,"dauup.com, 42763, DIRECT",dauup.com,42763,DIRECT,,False,False,,,
Dauup Authorization,Publishers Seller ID Tracker,Dauup,Publisher,grindr,Publisher Ads.txt,"dauup.com, 42764, DIRECT",dauup.com,42764,DIRECT,,False,False,,,
Dauup Authorization,Publishers Seller ID Tracker,Dauup,Publisher,appideas.it,Publisher Ads.txt,"dauup.com, 42765, DIRECT",dauup.com,42765,DIRECT,,False,False,,,
Dauup Authorization,Publishers Seller ID Tracker,Dauup,Publisher,puzzlecard,Publisher Ads.txt,"dauup.com, 42766, DIRECT",dauup.com,42766,DIRECT,,False,False,,,
Dauup Authorization,Publishers Seller ID Tracker,Dauup,Publisher,AudioAddict,Publisher Ads.txt,"dauup.com, 42767, DIRECT",dauup.com,42767,DIRECT,,False,False,,,
Dauup Authorization,Publishers Seller ID Tracker,Dauup,Publisher,Lifepulse,Publisher Ads.txt,"dauup.com, 42768, DIRECT",dauup.com,42768,DIRECT,,False,False,,,
Dauup Authorization,Publishers Seller ID Tracker,Dauup,Publisher,cardmania,Publisher Ads.txt,"dauup.com, 42769, DIRECT",dauup.com,42769,DIRECT,,False,False,,,
Dauup Authorization,Publishers Seller ID Tracker,Dauup,Publisher,ledscroller,Publisher Ads.txt,"dauup.com, 42770, DIRECT",dauup.com,42770,DIRECT,,False,False,,,
Dauup Authorization,Publishers Seller ID Tracker,Dauup,Publisher,sleepsoundsapp,Publisher Ads.txt,"dauup.com, 42771, DIRECT",dauup.com,42771,DIRECT,,False,False,,,
Dauup Authorization,Publishers Seller ID Tracker,Dauup,Publisher,dodowan.com,Publisher Ads.txt,"dauup.com, 42772, DIRECT",dauup.com,42772,DIRECT,,False,False,,,
Dauup Authorization,Publishers Seller ID Tracker,Dauup,Publisher,dorfer.mobi,Publisher Ads.txt,"dauup.com, 42773, DIRECT",dauup.com,42773,DIRECT,,False,False,,,
Dauup Authorization,Publishers Seller ID Tracker,Dauup,Publisher,detacheddy.com,Publisher Ads.txt,"dauup.com, 42774, DIRECT",dauup.com,42774,DIRECT,,False,False,,,
Dauup Authorization,Publishers Seller ID Tracker,Dauup,Publisher,barguo.com,Publisher Ads.txt,"dauup.com, 42775, DIRECT",dauup.com,42775,DIRECT,,False,False,,,
Dauup Authorization,Publishers Seller ID Tracker,Dauup,Publisher,duojine.com,Publisher Ads.txt,"dauup.com, 42776, DIRECT",dauup.com,42776,DIRECT,,False,False,,,
Dauup Authorization,Publishers Seller ID Tracker,Dauup,Publisher,bydaddies.com,Publisher Ads.txt,"dauup.com, 42777, DIRECT",dauup.com,42777,DIRECT,,False,False,,,
Dauup Authorization,Publishers Seller ID Tracker,Dauup,Publisher,brainjoystudio.com,Publisher Ads.txt,"dauup.com, 42778, DIRECT",dauup.com,42778,DIRECT,,False,False,,,
Dauup Authorization,Publishers Seller ID Tracker,Dauup,Publisher,dopuzgames.com,Publisher Ads.txt,"dauup.com, 42779, DIRECT",dauup.com,42779,DIRECT,,False,False,,,
Dauup Authorization,Publishers Seller ID Tracker,Dauup,Publisher,asmrmakeover.com,Publisher Ads.txt,"dauup.com, 42780, DIRECT",dauup.com,42780,DIRECT,,False,False,,,
Dauup Authorization,Publishers Seller ID Tracker,Dauup,Publisher,wingamead.com,Publisher Ads.txt,"dauup.com, 42781, DIRECT",dauup.com,42781,DIRECT,,False,False,,,
Dauup Authorization,Publishers Seller ID Tracker,Dauup,Publisher,brownbuttonstudio.net,Publisher Ads.txt,"dauup.com, 42782, DIRECT",dauup.com,42782,DIRECT,,False,False,,,
Dauup Authorization,Publishers Seller ID Tracker,Dauup,Publisher,booboo.games,Publisher Ads.txt,"dauup.com, 42783, DIRECT",dauup.com,42783,DIRECT,,False,False,,,
Dauup Authorization,Publishers Seller ID Tracker,Dauup,Publisher,anhnt.vn,Publisher Ads.txt,"dauup.com, 42784, DIRECT",dauup.com,42784,DIRECT,,False,False,,,
Dauup Authorization,Publishers Seller ID Tracker,Dauup,Publisher,creative100.cc,Publisher Ads.txt,"dauup.com, 42785, DIRECT",dauup.com,42785,DIRECT,,False,False,,,
Dauup Authorization,Publishers Seller ID Tracker,Dauup,Publisher,drawapp.cc,Publisher Ads.txt,"dauup.com, 42786, DIRECT",dauup.com,42786,DIRECT,,False,False,,,
Dauup Authorization,Publishers Seller ID Tracker,Dauup,Publisher,asmrsimulator.com,Publisher Ads.txt,"dauup.com, 42787, DIRECT",dauup.com,42787,DIRECT,,False,False,,,
Dauup Authorization,Publishers Seller ID Tracker,Dauup,Publisher,privacy.chronus.top,Publisher Ads.txt,"dauup.com, 42788, DIRECT",dauup.com,42788,DIRECT,,False,False,,,
Dauup Authorization,Publishers Seller ID Tracker,Dauup,Publisher,ifunny.co,Publisher Ads.txt,"dauup.com, 42789, DIRECT",dauup.com,42789,DIRECT,,False,False,,,
Dauup Authorization,Publishers Seller ID Tracker,Dauup,Publisher,amazbit,Publisher Ads.txt,"dauup.com, 42790, DIRECT",dauup.com,42790,DIRECT,,False,False,,,
Dauup Authorization,Publishers Seller ID Tracker,Dauup,Publisher,bitbible,Publisher Ads.txt,"dauup.com, 42791, DIRECT",dauup.com,42791,DIRECT,,False,False,,,
Dauup Authorization,Publishers Seller ID Tracker,Dauup,Publisher,Bridge Base On Line,Publisher Ads.txt,"dauup.com, 42792, DIRECT",dauup.com,42792,DIRECT,,False,False,,,
Dauup Authorization,Publishers Seller ID Tracker,Dauup,Publisher,california games,Publisher Ads.txt,"dauup.com, 42793, DIRECT",dauup.com,42793,DIRECT,,False,False,,,
Dauup Authorization,Publishers Seller ID Tracker,Dauup,Publisher,americasbestpics.com,Publisher Ads.txt,"dauup.com, 42794, DIRECT",dauup.com,42794,DIRECT,,False,False,,,
Dauup Authorization,Publishers Seller ID Tracker,Dauup,Publisher,downloader.easylife.studio,Publisher Ads.txt,"dauup.com, 42795, DIRECT",dauup.com,42795,DIRECT,,False,False,,,
Dauup Authorization,Publishers Seller ID Tracker,Dauup,Publisher,spider.fungame.studio,Publisher Ads.txt,"dauup.com, 42796, DIRECT",dauup.com,42796,DIRECT,,False,False,,,
Dauup Authorization,Publishers Seller ID Tracker,Dauup,Publisher,tvcast.easylife.studio,Publisher Ads.txt,"dauup.com, 42797, DIRECT",dauup.com,42797,DIRECT,,False,False,,,
Dauup Authorization,Publishers Seller ID Tracker,Dauup,Publisher,among.chat,Publisher Ads.txt,"dauup.com, 42798, DIRECT",dauup.com,42798,DIRECT,,False,False,,,
Dauup Authorization,Publishers Seller ID Tracker,Dauup,Publisher,tvc-game.github.io,Publisher Ads.txt,"dauup.com, 42799, DIRECT",dauup.com,42799,DIRECT,,False,False,,,
Dauup Authorization,Publishers Seller ID Tracker,Dauup,Publisher,ckrapps.cloud,Publisher Ads.txt,"dauup.com, 42800, DIRECT",dauup.com,42800,DIRECT,,False,False,,,
Dauup Authorization,Publishers Seller ID Tracker,Dauup,Publisher,engineerbrainfart.com,Publisher Ads.txt,"dauup.com, 42801, DIRECT",dauup.com,42801,DIRECT,,False,False,,,
Dauup Authorization,Publishers Seller ID Tracker,Dauup,Publisher,alictus.com,Publisher Ads.txt,"dauup.com, 42802, DIRECT",dauup.com,42802,DIRECT,,False,False,,,
Dauup Authorization,Publishers Seller ID Tracker,Dauup,Publisher,app.manmulsang.app,Publisher Ads.txt,"dauup.com, 42803, DIRECT",dauup.com,42803,DIRECT,,False,False,,,
Dauup Authorization,Publishers Seller ID Tracker,Dauup,Publisher,5hills,Publisher Ads.txt,"dauup.com, 42804, DIRECT",dauup.com,42804,DIRECT,,False,False,,,
Dauup Authorization,Publishers Seller ID Tracker,Dauup,Publisher,bolgagames.com,Publisher Ads.txt,"dauup.com, 42805, DIRECT",dauup.com,42805,DIRECT,,False,False,,,
Dauup Authorization,Publishers Seller ID Tracker,Dauup,Publisher,edaysoft,Publisher Ads.txt,"dauup.com, 42806, DIRECT",dauup.com,42806,DIRECT,,False,False,,,
Dauup Authorization,Publishers Seller ID Tracker,Dauup,Publisher,app.weplaygamer.com,Publisher Ads.txt,"dauup.com, 42807, DIRECT",dauup.com,42807,DIRECT,,False,False,,,
Dauup Authorization,Publishers Seller ID Tracker,Dauup,Publisher,app.acoingames.com,Publisher Ads.txt,"dauup.com, 42808, DIRECT",dauup.com,42808,DIRECT,,False,False,,,
Dauup Authorization,Publishers Seller ID Tracker,Dauup,Publisher,fightingsports.games,Publisher Ads.txt,"dauup.com, 42809, DIRECT",dauup.com,42809,DIRECT,,False,False,,,
Dauup Authorization,Publishers Seller ID Tracker,Dauup,Publisher,current.us,Publisher Ads.txt,"dauup.com, 42810, DIRECT",dauup.com,42810,DIRECT,,False,False,,,
Dauup Authorization,Publishers Seller ID Tracker,Dauup,Publisher,spektra.games,Publisher Ads.txt,"dauup.com, 42811, DIRECT",dauup.com,42811,DIRECT,,False,False,,,
Dauup Authorization,Publishers Seller ID Tracker,Dauup,Publisher,arcadianlab.com,Publisher Ads.txt,"dauup.com, 42812, DIRECT",dauup.com,42812,DIRECT,,False,False,,,
Dauup Authorization,Publishers Seller ID Tracker,Dauup,Publisher,bitbible.net,Publisher Ads.txt,"dauup.com, 42813, DIRECT",dauup.com,42813,DIRECT,,False,False,,,
Dauup Authorization,Publishers Seller ID Tracker,Dauup,Publisher,bibleqq.com,Publisher Ads.txt,"dauup.com, 42814, DIRECT",dauup.com,42814,DIRECT,,False,False,,,
Dauup Authorization,Publishers Seller ID Tracker,Dauup,Publisher,CTD Puzzle Games,Publisher Ads.txt,"dauup.com, 42815, DIRECT",dauup.com,42815,DIRECT,,False,False,,,
Dauup Authorization,Publishers Seller ID Tracker,Dauup,Publisher,Cesar Kuriyama,Publisher Ads.txt,"dauup.com, 42816, DIRECT",dauup.com,42816,DIRECT,,False,False,,,
Dauup Authorization,Publishers Seller ID Tracker,Dauup,Publisher,Cliqpod S.L.,Publisher Ads.txt,"dauup.com, 42817, DIRECT",dauup.com,42817,DIRECT,,False,False,,,
Dauup Authorization,Publishers Seller ID Tracker,Dauup,Publisher,Daily Word,Publisher Ads.txt,"dauup.com, 42818, DIRECT",dauup.com,42818,DIRECT,,False,False,,,
Dauup Authorization,Publishers Seller ID Tracker,Dauup,Publisher,Diamond Digital Group,Publisher Ads.txt,"dauup.com, 42819, DIRECT",dauup.com,42819,DIRECT,,False,False,,,
Dauup Authorization,Publishers Seller ID Tracker,Dauup,Publisher,flight aware,Publisher Ads.txt,"dauup.com, 42820, DIRECT",dauup.com,42820,DIRECT,,False,False,,,
Dauup Authorization,Publishers Seller ID Tracker,Dauup,Publisher,Francisco Zurita,Publisher Ads.txt,"dauup.com, 42821, DIRECT",dauup.com,42821,DIRECT,,False,False,,,
Dauup Authorization,Publishers Seller ID Tracker,Dauup,Publisher,apexlogics.net,Publisher Ads.txt,"dauup.com, 42822, DIRECT",dauup.com,42822,DIRECT,,False,False,,,
Dauup Authorization,Publishers Seller ID Tracker,Dauup,Publisher,comup.co.kr,Publisher Ads.txt,"dauup.com, 42823, DIRECT",dauup.com,42823,DIRECT,,False,False,,,
Dauup Authorization,Publishers Seller ID Tracker,Dauup,Publisher,whaleapp.com,Publisher Ads.txt,"dauup.com, 42824, DIRECT",dauup.com,42824,DIRECT,,False,False,,,
Dauup Authorization,Publishers Seller ID Tracker,Dauup,Publisher,boldcat.ru,Publisher Ads.txt,"dauup.com, 42825, DIRECT",dauup.com,42825,DIRECT,,False,False,,,
Dauup Authorization,Publishers Seller ID Tracker,Dauup,Publisher,reliancegames.com,Publisher Ads.txt,"dauup.com, 42826, DIRECT",dauup.com,42826,DIRECT,,False,False,,,
Dauup Authorization,Publishers Seller ID Tracker,Dauup,Publisher,craftoox.com,Publisher Ads.txt,"dauup.com, 42827, DIRECT",dauup.com,42827,DIRECT,,False,False,,,
Dauup Authorization,Publishers Seller ID Tracker,Dauup,Publisher,bulkysports.xyz,Publisher Ads.txt,"dauup.com, 42828, DIRECT",dauup.com,42828,DIRECT,,False,False,,,
Dauup Authorization,Publishers Seller ID Tracker,Dauup,Publisher,apm2.studio,Publisher Ads.txt,"dauup.com, 42829, DIRECT",dauup.com,42829,DIRECT,,False,False,,,
Dauup Authorization,Publishers Seller ID Tracker,Dauup,Publisher,apps.playdayy.com,Publisher Ads.txt,"dauup.com, 42830, DIRECT",dauup.com,42830,DIRECT,,False,False,,,
Dauup Authorization,Publishers Seller ID Tracker,Dauup,Publisher,bestmobilegames.co,Publisher Ads.txt,"dauup.com, 42831, DIRECT",dauup.com,42831,DIRECT,,False,False,,,
Dauup Authorization,Publishers Seller ID Tracker,Dauup,Publisher,eywin.com.tr,Publisher Ads.txt,"dauup.com, 42832, DIRECT",dauup.com,42832,DIRECT,,False,False,,,
Dauup Authorization,Publishers Seller ID Tracker,Dauup,Publisher,boompickgames.com,Publisher Ads.txt,"dauup.com, 42833, DIRECT",dauup.com,42833,DIRECT,,False,False,,,
Dauup Authorization,Publishers Seller ID Tracker,Dauup,Publisher,azmilarash.github.io,Publisher Ads.txt,"dauup.com, 42834, DIRECT",dauup.com,42834,DIRECT,,False,False,,,
Dauup Authorization,Publishers Seller ID Tracker,Dauup,Publisher,sandesh.com,Publisher Ads.txt,"dauup.com, 42835, DIRECT",dauup.com,42835,DIRECT,,False,False,,,
Dauup Authorization,Publishers Seller ID Tracker,Dauup,Publisher,bgn.mobi,Publisher Ads.txt,"dauup.com, 42836, DIRECT",dauup.com,42836,DIRECT,,False,False,,,
Dauup Authorization,Publishers Seller ID Tracker,Dauup,Publisher,bigthink.fun,Publisher Ads.txt,"dauup.com, 42837, DIRECT",dauup.com,42837,DIRECT,,False,False,,,
Dauup Authorization,Publishers Seller ID Tracker,Dauup,Publisher,artworkado.com,Publisher Ads.txt,"dauup.com, 42838, DIRECT",dauup.com,42838,DIRECT,,False,False,,,
Dauup Authorization,Publishers Seller ID Tracker,Dauup,Publisher,approver-studio.com,Publisher Ads.txt,"dauup.com, 42839, DIRECT",dauup.com,42839,DIRECT,,False,False,,,
Dauup Authorization,Publishers Seller ID Tracker,Dauup,Publisher,Happy Games,Publisher Ads.txt,"dauup.com, 42840, DIRECT",dauup.com,42840,DIRECT,,False,False,,,
Dauup Authorization,Publishers Seller ID Tracker,Dauup,Publisher,acayipoyunlar.com,Publisher Ads.txt,"dauup.com, 42841, DIRECT",dauup.com,42841,DIRECT,,False,False,,,
Dauup Authorization,Publishers Seller ID Tracker,Dauup,Publisher,balaganov.rocks,Publisher Ads.txt,"dauup.com, 42842, DIRECT",dauup.com,42842,DIRECT,,False,False,,,
Dauup Authorization,Publishers Seller ID Tracker,Dauup,Publisher,fb-games.com,Publisher Ads.txt,"dauup.com, 42843, DIRECT",dauup.com,42843,DIRECT,,False,False,,,
Dauup Authorization,Publishers Seller ID Tracker,Dauup,Publisher,gameregion.miniloftgames.com,Publisher Ads.txt,"dauup.com, 42844, DIRECT",dauup.com,42844,DIRECT,,False,False,,,
Dauup Authorization,Publishers Seller ID Tracker,Dauup,Publisher,darkhalo-games.com,Publisher Ads.txt,"dauup.com, 42845, DIRECT",dauup.com,42845,DIRECT,,False,False,,,
Dauup Authorization,Publishers Seller ID Tracker,Dauup,Publisher,delight-apps.com,Publisher Ads.txt,"dauup.com, 42846, DIRECT",dauup.com,42846,DIRECT,,False,False,,,
Dauup Authorization,Publishers Seller ID Tracker,Dauup,Publisher,dinogoglobal.com,Publisher Ads.txt,"dauup.com, 42847, DIRECT",dauup.com,42847,DIRECT,,False,False,,,
Dauup Authorization,Publishers Seller ID Tracker,Dauup,Publisher,abigames.com.vn,Publisher Ads.txt,"dauup.com, 42848, DIRECT",dauup.com,42848,DIRECT,,False,False,,,
Dauup Authorization,Publishers Seller ID Tracker,Dauup,Publisher,Gluon Interactive,Publisher Ads.txt,"dauup.com, 42849, DIRECT",dauup.com,42849,DIRECT,,False,False,,,
Dauup Authorization,Publishers Seller ID Tracker,Dauup,Publisher,Goutam Shetty,Publisher Ads.txt,"dauup.com, 42850, DIRECT",dauup.com,42850,DIRECT,,False,False,,,
Dauup Authorization,Publishers Seller ID Tracker,Dauup,Publisher,Gray Television,Publisher Ads.txt,"dauup.com, 42851, DIRECT",dauup.com,42851,DIRECT,,False,False,,,
Dauup Authorization,Publishers Seller ID Tracker,Dauup,Publisher,acegames,Publisher Ads.txt,"dauup.com, 42852, DIRECT",dauup.com,42852,DIRECT,,False,False,,,
Dauup Authorization,Publishers Seller ID Tracker,Dauup,Publisher,Gantui Studio,Publisher Ads.txt,"dauup.com, 42853, DIRECT",dauup.com,42853,DIRECT,,False,False,,,
Dauup Authorization,Publishers Seller ID Tracker,Dauup,Publisher,dekovir.com,Publisher Ads.txt,"dauup.com, 42854, DIRECT",dauup.com,42854,DIRECT,,False,False,,,
Dauup Authorization,Publishers Seller ID Tracker,Dauup,Publisher,brocksfzellc.com,Publisher Ads.txt,"dauup.com, 42855, DIRECT",dauup.com,42855,DIRECT,,False,False,,,
Dauup Authorization,Publishers Seller ID Tracker,Dauup,Publisher,digitalnicle.com,Publisher Ads.txt,"dauup.com, 42856, DIRECT",dauup.com,42856,DIRECT,,False,False,,,
Dauup Authorization,Publishers Seller ID Tracker,Dauup,Publisher,beijinglskj.com,Publisher Ads.txt,"dauup.com, 42857, DIRECT",dauup.com,42857,DIRECT,,False,False,,,
Dauup Authorization,Publishers Seller ID Tracker,Dauup,Publisher,content.quizz.land (MNOGO),Publisher Ads.txt,"dauup.com, 42858, DIRECT",dauup.com,42858,DIRECT,,False,False,,,
Dauup Authorization,Publishers Seller ID Tracker,Dauup,Publisher,shootthebox.com,Publisher Ads.txt,"dauup.com, 42859, DIRECT",dauup.com,42859,DIRECT,,False,False,,,
Dauup Authorization,Publishers Seller ID Tracker,Dauup,Publisher,707interactiveplay.com,Publisher Ads.txt,"dauup.com, 42860, DIRECT",dauup.com,42860,DIRECT,,False,False,,,
Dauup Authorization,Publishers Seller ID Tracker,Dauup,Publisher,d1owt5mczajl4k.cloudfront.net,Publisher Ads.txt,"dauup.com, 42861, DIRECT",dauup.com,42861,DIRECT,,False,False,,,
Dauup Authorization,Publishers Seller ID Tracker,Dauup,Publisher,diamond.thadgame.com,Publisher Ads.txt,"dauup.com, 42862, DIRECT",dauup.com,42862,DIRECT,,False,False,,,
Dauup Authorization,Publishers Seller ID Tracker,Dauup,Publisher,altplay,Publisher Ads.txt,"dauup.com, 42863, DIRECT",dauup.com,42863,DIRECT,,False,False,,,
Dauup Authorization,Publishers Seller ID Tracker,Dauup,Publisher,boomcodes.com,Publisher Ads.txt,"dauup.com, 42864, DIRECT",dauup.com,42864,DIRECT,,False,False,,,
Dauup Authorization,Publishers Seller ID Tracker,Dauup,Publisher,dawnofplay.com,Publisher Ads.txt,"dauup.com, 42865, DIRECT",dauup.com,42865,DIRECT,,False,False,,,
Dauup Authorization,Publishers Seller ID Tracker,Dauup,Publisher,evermatch.me,Publisher Ads.txt,"dauup.com, 42866, DIRECT",dauup.com,42866,DIRECT,,False,False,,,
Dauup Authorization,Publishers Seller ID Tracker,Dauup,Publisher,amt-games.com,Publisher Ads.txt,"dauup.com, 42867, DIRECT",dauup.com,42867,DIRECT,,False,False,,,
Dauup Authorization,Publishers Seller ID Tracker,Dauup,Publisher,corporate.moviestarplanet.com,Publisher Ads.txt,"dauup.com, 42868, DIRECT",dauup.com,42868,DIRECT,,False,False,,,
Dauup Authorization,Publishers Seller ID Tracker,Dauup,Publisher,adg.threewall.top,Publisher Ads.txt,"dauup.com, 42869, DIRECT",dauup.com,42869,DIRECT,,False,False,,,
Dauup Authorization,Publishers Seller ID Tracker,Dauup,Publisher,actionfit.co.kr,Publisher Ads.txt,"dauup.com, 42870, DIRECT",dauup.com,42870,DIRECT,,False,False,,,
Dauup Authorization,Publishers Seller ID Tracker,Dauup,Publisher,en.noxjoy.com,Publisher Ads.txt,"dauup.com, 42871, DIRECT",dauup.com,42871,DIRECT,,False,False,,,
Dauup Authorization,Publishers Seller ID Tracker,Dauup,Publisher,digitalrescue.dev,Publisher Ads.txt,"dauup.com, 42872, DIRECT",dauup.com,42872,DIRECT,,False,False,,,
Dauup Authorization,Publishers Seller ID Tracker,Dauup,Publisher,eacchi.com,Publisher Ads.txt,"dauup.com, 42873, DIRECT",dauup.com,42873,DIRECT,,False,False,,,
Dauup Authorization,Publishers Seller ID Tracker,Dauup,Publisher,digitalexprts.com,Publisher Ads.txt,"dauup.com, 42874, DIRECT",dauup.com,42874,DIRECT,,False,False,,,
Dauup Authorization,Publishers Seller ID Tracker,Dauup,Publisher,coysunforall.com,Publisher Ads.txt,"dauup.com, 42875, DIRECT",dauup.com,42875,DIRECT,,False,False,,,
Dauup Authorization,Publishers Seller ID Tracker,Dauup,Publisher,bigboomweekend.com,Publisher Ads.txt,"dauup.com, 42876, DIRECT",dauup.com,42876,DIRECT,,False,False,,,
Dauup Authorization,Publishers Seller ID Tracker,Dauup,Publisher,bulberry.studio,Publisher Ads.txt,"dauup.com, 42877, DIRECT",dauup.com,42877,DIRECT,,False,False,,,
Dauup Authorization,Publishers Seller ID Tracker,Dauup,Publisher,Great Sport Games,Publisher Ads.txt,"dauup.com, 42878, DIRECT",dauup.com,42878,DIRECT,,False,False,,,
Dauup Authorization,Publishers Seller ID Tracker,Dauup,Publisher,HaloFun,Publisher Ads.txt,"dauup.com, 42879, DIRECT",dauup.com,42879,DIRECT,,False,False,,,
Dauup Authorization,Publishers Seller ID Tracker,Dauup,Publisher,HENRY GMBH,Publisher Ads.txt,"dauup.com, 42880, DIRECT",dauup.com,42880,DIRECT,,False,False,,,
Dauup Authorization,Publishers Seller ID Tracker,Dauup,Publisher,HGamesArt,Publisher Ads.txt,"dauup.com, 42881, DIRECT",dauup.com,42881,DIRECT,,False,False,,,
Dauup Authorization,Publishers Seller ID Tracker,Dauup,Publisher,Hong Quan Ninh,Publisher Ads.txt,"dauup.com, 42882, DIRECT",dauup.com,42882,DIRECT,,False,False,,,
Dauup Authorization,Publishers Seller ID Tracker,Dauup,Publisher,appyfurious.com,Publisher Ads.txt,"dauup.com, 42883, DIRECT",dauup.com,42883,DIRECT,,False,False,,,
Dauup Authorization,Publishers Seller ID Tracker,Dauup,Publisher,support.lta-indie.com,Publisher Ads.txt,"dauup.com, 42884, DIRECT",dauup.com,42884,DIRECT,,False,False,,,
Dauup Authorization,Publishers Seller ID Tracker,Dauup,Publisher,dreamapps.ru,Publisher Ads.txt,"dauup.com, 42885, DIRECT",dauup.com,42885,DIRECT,,False,False,,,
Dauup Authorization,Publishers Seller ID Tracker,Dauup,Publisher,adone.net,Publisher Ads.txt,"dauup.com, 42886, DIRECT",dauup.com,42886,DIRECT,,False,False,,,
Dauup Authorization,Publishers Seller ID Tracker,Dauup,Publisher,adempercem.infinityfreeapp.com,Publisher Ads.txt,"dauup.com, 42887, DIRECT",dauup.com,42887,DIRECT,,False,False,,,
Dauup Authorization,Publishers Seller ID Tracker,Dauup,Publisher,clarkwolfstudio.com,Publisher Ads.txt,"dauup.com, 42888, DIRECT",dauup.com,42888,DIRECT,,False,False,,,
Dauup Authorization,Publishers Seller ID Tracker,Dauup,Publisher,appholdings.org,Publisher Ads.txt,"dauup.com, 42889, DIRECT",dauup.com,42889,DIRECT,,False,False,,,
Dauup Authorization,Publishers Seller ID Tracker,Dauup,Publisher,Yodo1 Games,Publisher Ads.txt,"dauup.com, 42890, DIRECT",dauup.com,42890,DIRECT,,False,False,,,
Dauup Authorization,Publishers Seller ID Tracker,Dauup,Publisher,ihappydate.com,Publisher Ads.txt,"dauup.com, 42891, DIRECT",dauup.com,42891,DIRECT,,False,False,,,
Dauup Authorization,Publishers Seller ID Tracker,Dauup,Publisher,appadsgamemyjs.com,Publisher Ads.txt,"dauup.com, 42892, DIRECT",dauup.com,42892,DIRECT,,False,False,,,
Dauup Authorization,Publishers Seller ID Tracker,Dauup,Publisher,download.appsforboost.com,Publisher Ads.txt,"dauup.com, 42893, DIRECT",dauup.com,42893,DIRECT,,False,False,,,
Dauup Authorization,Publishers Seller ID Tracker,Dauup,Publisher,mk.mlink.me,Publisher Ads.txt,"dauup.com, 42894, DIRECT",dauup.com,42894,DIRECT,,False,False,,,
Dauup Authorization,Publishers Seller ID Tracker,Dauup,Publisher,artdekom.com,Publisher Ads.txt,"dauup.com, 42895, DIRECT",dauup.com,42895,DIRECT,,False,False,,,
Dauup Authorization,Publishers Seller ID Tracker,Dauup,Publisher,alkamegames.com,Publisher Ads.txt,"dauup.com, 42896, DIRECT",dauup.com,42896,DIRECT,,False,False,,,
Dauup Authorization,Publishers Seller ID Tracker,Dauup,Publisher,d24w03bthuu9k.cloudfront.net,Publisher Ads.txt,"dauup.com, 42897, DIRECT",dauup.com,42897,DIRECT,,False,False,,,
Dauup Authorization,Publishers Seller ID Tracker,Dauup,Publisher,emittercritter.com,Publisher Ads.txt,"dauup.com, 42898, DIRECT",dauup.com,42898,DIRECT,,False,False,,,
Dauup Authorization,Publishers Seller ID Tracker,Dauup,Publisher,meiyan.meipai.com,Publisher Ads.txt,"dauup.com, 42899, DIRECT",dauup.com,42899,DIRECT,,False,False,,,
Dauup Authorization,Publishers Seller ID Tracker,Dauup,Publisher,minesweeper.pro,Publisher Ads.txt,"dauup.com, 42900, DIRECT",dauup.com,42900,DIRECT,,False,False,,,
Dauup Authorization,Publishers Seller ID Tracker,Dauup,Publisher,bfastbfree.edercmf.com,Publisher Ads.txt,"dauup.com, 42901, DIRECT",dauup.com,42901,DIRECT,,False,False,,,
Dauup Authorization,Publishers Seller ID Tracker,Dauup,Publisher,ecmgames.edercmf.com,Publisher Ads.txt,"dauup.com, 42902, DIRECT",dauup.com,42902,DIRECT,,False,False,,,
Dauup Authorization,Publishers Seller ID Tracker,Dauup,Publisher,dreamhouse.elishome.co,Publisher Ads.txt,"dauup.com, 42903, DIRECT",dauup.com,42903,DIRECT,,False,False,,,
Dauup Authorization,Publishers Seller ID Tracker,Dauup,Publisher,studioc14.de,Publisher Ads.txt,"dauup.com, 42904, DIRECT",dauup.com,42904,DIRECT,,False,False,,,
Dauup Authorization,Publishers Seller ID Tracker,Dauup,Publisher,8floor.net,Publisher Ads.txt,"dauup.com, 42905, DIRECT",dauup.com,42905,DIRECT,,False,False,,,
Dauup Authorization,Publishers Seller ID Tracker,Dauup,Publisher,fgl.com,Publisher Ads.txt,"dauup.com, 42906, DIRECT",dauup.com,42906,DIRECT,,False,False,,,
Dauup Authorization,Publishers Seller ID Tracker,Dauup,Publisher,crazyowlgames.ru,Publisher Ads.txt,"dauup.com, 42907, DIRECT",dauup.com,42907,DIRECT,,False,False,,,
Dauup Authorization,Publishers Seller ID Tracker,Dauup,Publisher,burbujagames.com,Publisher Ads.txt,"dauup.com, 42908, DIRECT",dauup.com,42908,DIRECT,,False,False,,,
Dauup Authorization,Publishers Seller ID Tracker,Dauup,Publisher,doll-hit.asmrsimulator.com,Publisher Ads.txt,"dauup.com, 42909, DIRECT",dauup.com,42909,DIRECT,,False,False,,,
Dauup Authorization,Publishers Seller ID Tracker,Dauup,Publisher,emvegames.com,Publisher Ads.txt,"dauup.com, 42910, DIRECT",dauup.com,42910,DIRECT,,False,False,,,
Dauup Authorization,Publishers Seller ID Tracker,Dauup,Publisher,anatogame.com,Publisher Ads.txt,"dauup.com, 42911, DIRECT",dauup.com,42911,DIRECT,,False,False,,,
Dauup Authorization,Publishers Seller ID Tracker,Dauup,Publisher,feavygames.com,Publisher Ads.txt,"dauup.com, 42912, DIRECT",dauup.com,42912,DIRECT,,False,False,,,
Dauup Authorization,Publishers Seller ID Tracker,Dauup,Publisher,alexplay.net,Publisher Ads.txt,"dauup.com, 42913, DIRECT",dauup.com,42913,DIRECT,,False,False,,,
Dauup Authorization,Publishers Seller ID Tracker,Dauup,Publisher,arabtracer.com,Publisher Ads.txt,"dauup.com, 42914, DIRECT",dauup.com,42914,DIRECT,,False,False,,,
Dauup Authorization,Publishers Seller ID Tracker,Dauup,Publisher,badsnowball.com,Publisher Ads.txt,"dauup.com, 42915, DIRECT",dauup.com,42915,DIRECT,,False,False,,,
Dauup Authorization,Publishers Seller ID Tracker,Dauup,Publisher,clappalms.com,Publisher Ads.txt,"dauup.com, 42916, DIRECT",dauup.com,42916,DIRECT,,False,False,,,
Dauup Authorization,Publishers Seller ID Tracker,Dauup,Publisher,anvil-games.com,Publisher Ads.txt,"dauup.com, 42917, DIRECT",dauup.com,42917,DIRECT,,False,False,,,
Dauup Authorization,Publishers Seller ID Tracker,Dauup,Publisher,ezgames.cc,Publisher Ads.txt,"dauup.com, 42918, DIRECT",dauup.com,42918,DIRECT,,False,False,,,
Dauup Authorization,Publishers Seller ID Tracker,Dauup,Publisher,pixup,Publisher Ads.txt,"dauup.com, 42919, DIRECT",dauup.com,42919,DIRECT,,False,False,,,
Dauup Authorization,Publishers Seller ID Tracker,Dauup,Publisher,advancedapp.kz,Publisher Ads.txt,"dauup.com, 42920, DIRECT",dauup.com,42920,DIRECT,,False,False,,,
Dauup Authorization,Publishers Seller ID Tracker,Dauup,Publisher,callbreak.com,Publisher Ads.txt,"dauup.com, 42921, DIRECT",dauup.com,42921,DIRECT,,False,False,,,
Dauup Authorization,Publishers Seller ID Tracker,Dauup,Publisher,animetambayan.online,Publisher Ads.txt,"dauup.com, 42922, DIRECT",dauup.com,42922,DIRECT,,False,False,,,
Dauup Authorization,Publishers Seller ID Tracker,Dauup,Publisher,nextfungame.info,Publisher Ads.txt,"dauup.com, 42923, DIRECT",dauup.com,42923,DIRECT,,False,False,,,
Dauup Authorization,Publishers Seller ID Tracker,Dauup,Publisher,widogame.com,Publisher Ads.txt,"dauup.com, 42924, DIRECT",dauup.com,42924,DIRECT,,False,False,,,
Dauup Authorization,Publishers Seller ID Tracker,Dauup,Publisher,Kim Chi Dinh Thi,Publisher Ads.txt,"dauup.com, 42925, DIRECT",dauup.com,42925,DIRECT,,False,False,,,
Dauup Authorization,Publishers Seller ID Tracker,Dauup,Publisher,brainsoft-apps.com,Publisher Ads.txt,"dauup.com, 42926, DIRECT",dauup.com,42926,DIRECT,,False,False,,,
Dauup Authorization,Publishers Seller ID Tracker,Dauup,Publisher,KNF Apps,Publisher Ads.txt,"dauup.com, 42927, DIRECT",dauup.com,42927,DIRECT,,False,False,,,
Dauup Authorization,Publishers Seller ID Tracker,Dauup,Publisher,awaisome.com,Publisher Ads.txt,"dauup.com, 42928, DIRECT",dauup.com,42928,DIRECT,,False,False,,,
Dauup Authorization,Publishers Seller ID Tracker,Dauup,Publisher,Kuczera,Publisher Ads.txt,"dauup.com, 42929, DIRECT",dauup.com,42929,DIRECT,,False,False,,,
Dauup Authorization,Publishers Seller ID Tracker,Dauup,Publisher,Lemon Clove Pte. Limited,Publisher Ads.txt,"dauup.com, 42930, DIRECT",dauup.com,42930,DIRECT,,False,False,,,
Dauup Authorization,Publishers Seller ID Tracker,Dauup,Publisher,app.ftyapp.com,Publisher Ads.txt,"dauup.com, 42931, DIRECT",dauup.com,42931,DIRECT,,False,False,,,
Dauup Authorization,Publishers Seller ID Tracker,Dauup,Publisher,MangaToon,Publisher Ads.txt,"dauup.com, 42932, DIRECT",dauup.com,42932,DIRECT,,False,False,,,
Dauup Authorization,Publishers Seller ID Tracker,Dauup,Publisher,about.minigame.vip,Publisher Ads.txt,"dauup.com, 42933, DIRECT",dauup.com,42933,DIRECT,,False,False,,,
Dauup Authorization,Publishers Seller ID Tracker,Dauup,Publisher,Marta Myroslavivna Shpynda,Publisher Ads.txt,"dauup.com, 42934, DIRECT",dauup.com,42934,DIRECT,,False,False,,,
Dauup Authorization,Publishers Seller ID Tracker,Dauup,Publisher,Microjoy Games Limited,Publisher Ads.txt,"dauup.com, 42935, DIRECT",dauup.com,42935,DIRECT,,False,False,,,
Dauup Authorization,Publishers Seller ID Tracker,Dauup,Publisher,days-after.com,Publisher Ads.txt,"dauup.com, 42936, DIRECT",dauup.com,42936,DIRECT,,False,False,,,
Dauup Authorization,Publishers Seller ID Tracker,Dauup,Publisher,bondigame.com,Publisher Ads.txt,"dauup.com, 42937, DIRECT",dauup.com,42937,DIRECT,,False,False,,,
Dauup Authorization,Publishers Seller ID Tracker,Dauup,Publisher,Mint Games Global,Publisher Ads.txt,"dauup.com, 42938, DIRECT",dauup.com,42938,DIRECT,,False,False,,,
Dauup Authorization,Publishers Seller ID Tracker,Dauup,Publisher,audiotoon.mobi,Publisher Ads.txt,"dauup.com, 42939, DIRECT",dauup.com,42939,DIRECT,,False,False,,,
Dauup Authorization,Publishers Seller ID Tracker,Dauup,Publisher,MLB,Publisher Ads.txt,"dauup.com, 42940, DIRECT",dauup.com,42940,DIRECT,,False,False,,,
Dauup Authorization,Publishers Seller ID Tracker,Dauup,Publisher,casualjoygames.com,Publisher Ads.txt,"dauup.com, 42941, DIRECT",dauup.com,42941,DIRECT,,False,False,,,
Dauup Authorization,Publishers Seller ID Tracker,Dauup,Publisher,artsocean.com,Publisher Ads.txt,"dauup.com, 42942, DIRECT",dauup.com,42942,DIRECT,,False,False,,,
Dauup Authorization,Publishers Seller ID Tracker,Dauup,Publisher,app.tyapp.xyz,Publisher Ads.txt,"dauup.com, 42943, DIRECT",dauup.com,42943,DIRECT,,False,False,,,
Dauup Authorization,Publishers Seller ID Tracker,Dauup,Publisher,balancefriends.com,Publisher Ads.txt,"dauup.com, 42944, DIRECT",dauup.com,42944,DIRECT,,False,False,,,
Dauup Authorization,Publishers Seller ID Tracker,Dauup,Publisher,dynamicgames.web.app,Publisher Ads.txt,"dauup.com, 42945, DIRECT",dauup.com,42945,DIRECT,,False,False,,,
Dauup Authorization,Publishers Seller ID Tracker,Dauup,Publisher,caffedegamers.com,Publisher Ads.txt,"dauup.com, 42946, DIRECT",dauup.com,42946,DIRECT,,False,False,,,
Dauup Authorization,Publishers Seller ID Tracker,Dauup,Publisher,MTV,Publisher Ads.txt,"dauup.com, 42947, DIRECT",dauup.com,42947,DIRECT,,False,False,,,
Dauup Authorization,Publishers Seller ID Tracker,Dauup,Publisher,Nanocraft Tech,Publisher Ads.txt,"dauup.com, 42948, DIRECT",dauup.com,42948,DIRECT,,False,False,,,
Dauup Authorization,Publishers Seller ID Tracker,Dauup,Publisher,NBC Universal,Publisher Ads.txt,"dauup.com, 42949, DIRECT",dauup.com,42949,DIRECT,,False,False,,,
Dauup Authorization,Publishers Seller ID Tracker,Dauup,Publisher,Newsy,Publisher Ads.txt,"dauup.com, 42950, DIRECT",dauup.com,42950,DIRECT,,False,False,,,
Dauup Authorization,Publishers Seller ID Tracker,Dauup,Publisher,Not Yet Media Ltd.,Publisher Ads.txt,"dauup.com, 42951, DIRECT",dauup.com,42951,DIRECT,,False,False,,,
Dauup Authorization,Publishers Seller ID Tracker,Dauup,Publisher,Novagecko,Publisher Ads.txt,"dauup.com, 42952, DIRECT",dauup.com,42952,DIRECT,,False,False,,,
Dauup Authorization,Publishers Seller ID Tracker,Dauup,Publisher,OLX Brasil,Publisher Ads.txt,"dauup.com, 42953, DIRECT",dauup.com,42953,DIRECT,,False,False,,,
Dauup Authorization,Publishers Seller ID Tracker,Dauup,Publisher,OP1 Games,Publisher Ads.txt,"dauup.com, 42954, DIRECT",dauup.com,42954,DIRECT,,False,False,,,
Dauup Authorization,Publishers Seller ID Tracker,Dauup,Publisher,connect-games.net,Publisher Ads.txt,"dauup.com, 42955, DIRECT",dauup.com,42955,DIRECT,,False,False,,,
Dauup Authorization,Publishers Seller ID Tracker,Dauup,Publisher,aredstudio.co,Publisher Ads.txt,"dauup.com, 42956, DIRECT",dauup.com,42956,DIRECT,,False,False,,,
Dauup Authorization,Publishers Seller ID Tracker,Dauup,Publisher,simplay.games,Publisher Ads.txt,"dauup.com, 42957, DIRECT",dauup.com,42957,DIRECT,,False,False,,,
Dauup Authorization,Publishers Seller ID Tracker,Dauup,Publisher,clapgames.app,Publisher Ads.txt,"dauup.com, 42958, DIRECT",dauup.com,42958,DIRECT,,False,False,,,
Dauup Authorization,Publishers Seller ID Tracker,Dauup,Publisher,avilesstudios.com,Publisher Ads.txt,"dauup.com, 42959, DIRECT",dauup.com,42959,DIRECT,,False,False,,,
Dauup Authorization,Publishers Seller ID Tracker,Dauup,Publisher,color.rabigame.com,Publisher Ads.txt,"dauup.com, 42960, DIRECT",dauup.com,42960,DIRECT,,False,False,,,
Dauup Authorization,Publishers Seller ID Tracker,Dauup,Publisher,bapu.fun,Publisher Ads.txt,"dauup.com, 42961, DIRECT",dauup.com,42961,DIRECT,,False,False,,,
Dauup Authorization,Publishers Seller ID Tracker,Dauup,Publisher,PCBox Group,Publisher Ads.txt,"dauup.com, 42962, DIRECT",dauup.com,42962,DIRECT,,False,False,,,
Dauup Authorization,Publishers Seller ID Tracker,Dauup,Publisher,PCRADIO,Publisher Ads.txt,"dauup.com, 42963, DIRECT",dauup.com,42963,DIRECT,,False,False,,,
Dauup Authorization,Publishers Seller ID Tracker,Dauup,Publisher,uce9c86ce.app-ads-txt.com,Publisher Ads.txt,"dauup.com, 42964, DIRECT",dauup.com,42964,DIRECT,,False,False,,,
Dauup Authorization,Publishers Seller ID Tracker,Dauup,Publisher,camsea.online,Publisher Ads.txt,"dauup.com, 42965, DIRECT",dauup.com,42965,DIRECT,,False,False,,,
Dauup Authorization,Publishers Seller ID Tracker,Dauup,Publisher,crazygame1064.com,Publisher Ads.txt,"dauup.com, 42966, DIRECT",dauup.com,42966,DIRECT,,False,False,,,
Dauup Authorization,Publishers Seller ID Tracker,Dauup,Publisher,academy-it.info,Publisher Ads.txt,"dauup.com, 42967, DIRECT",dauup.com,42967,DIRECT,,False,False,,,
Dauup Authorization,Publishers Seller ID Tracker,Dauup,Publisher,Perry Games,Publisher Ads.txt,"dauup.com, 42968, DIRECT",dauup.com,42968,DIRECT,,False,False,,,
Dauup Authorization,Publishers Seller ID Tracker,Dauup,Publisher,doubletapsoftware.com,Publisher Ads.txt,"dauup.com, 42969, DIRECT",dauup.com,42969,DIRECT,,False,False,,,
Dauup Authorization,Publishers Seller ID Tracker,Dauup,Publisher,dlite.app,Publisher Ads.txt,"dauup.com, 42970, DIRECT",dauup.com,42970,DIRECT,,False,False,,,
Dauup Authorization,Publishers Seller ID Tracker,Dauup,Publisher,Plex,Publisher Ads.txt,"dauup.com, 42971, DIRECT",dauup.com,42971,DIRECT,,False,False,,,
Dauup Authorization,Publishers Seller ID Tracker,Dauup,Publisher,epikmount.com,Publisher Ads.txt,"dauup.com, 42972, DIRECT",dauup.com,42972,DIRECT,,False,False,,,
Dauup Authorization,Publishers Seller ID Tracker,Dauup,Publisher,dreamsst.com,Publisher Ads.txt,"dauup.com, 42973, DIRECT",dauup.com,42973,DIRECT,,False,False,,,
Dauup Authorization,Publishers Seller ID Tracker,Dauup,Publisher,twidown.netlify.app,Publisher Ads.txt,"dauup.com, 42974, DIRECT",dauup.com,42974,DIRECT,,False,False,,,
Dauup Authorization,Publishers Seller ID Tracker,Dauup,Publisher,mutabot.pt,Publisher Ads.txt,"dauup.com, 42975, DIRECT",dauup.com,42975,DIRECT,,False,False,,,
Dauup Authorization,Publishers Seller ID Tracker,Dauup,Publisher,a293e997d.app-ads-txt.com,Publisher Ads.txt,"dauup.com, 42976, DIRECT",dauup.com,42976,DIRECT,,False,False,,,
Dauup Authorization,Publishers Seller ID Tracker,Dauup,Publisher,call-video.live,Publisher Ads.txt,"dauup.com, 42977, DIRECT",dauup.com,42977,DIRECT,,False,False,,,
Dauup Authorization,Publishers Seller ID Tracker,Dauup,Publisher,heybro.games,Publisher Ads.txt,"dauup.com, 42978, DIRECT",dauup.com,42978,DIRECT,,False,False,,,
Dauup Authorization,Publishers Seller ID Tracker,Dauup,Publisher,dream.ai,Publisher Ads.txt,"dauup.com, 42979, DIRECT",dauup.com,42979,DIRECT,,False,False,,,
Dauup Authorization,Publishers Seller ID Tracker,Dauup,Publisher,melodong.com,Publisher Ads.txt,"dauup.com, 42980, DIRECT",dauup.com,42980,DIRECT,,False,False,,,
Dauup Authorization,Publishers Seller ID Tracker,Dauup,Publisher,cdn.light-digital.com,Publisher Ads.txt,"dauup.com, 42981, DIRECT",dauup.com,42981,DIRECT,,False,False,,,
Dauup Authorization,Publishers Seller ID Tracker,Dauup,Publisher,atsoft.io,Publisher Ads.txt,"dauup.com, 42982, DIRECT",dauup.com,42982,DIRECT,,False,False,,,
Dauup Authorization,Publishers Seller ID Tracker,Dauup,Publisher,badibis.com,Publisher Ads.txt,"dauup.com, 42983, DIRECT",dauup.com,42983,DIRECT,,False,False,,,
Dauup Authorization,Publishers Seller ID Tracker,Dauup,Publisher,amberepoch.com,Publisher Ads.txt,"dauup.com, 42984, DIRECT",dauup.com,42984,DIRECT,,False,False,,,
Dauup Authorization,Publishers Seller ID Tracker,Dauup,Publisher,deardreamgame.com,Publisher Ads.txt,"dauup.com, 42985, DIRECT",dauup.com,42985,DIRECT,,False,False,,,
Dauup Authorization,Publishers Seller ID Tracker,Dauup,Publisher,cinetoolkit-8e840.firebaseapp.com,Publisher Ads.txt,"dauup.com, 42986, DIRECT",dauup.com,42986,DIRECT,,False,False,,,
Dauup Authorization,Publishers Seller ID Tracker,Dauup,Publisher,"Questar, Inc.",Publisher Ads.txt,"dauup.com, 42987, DIRECT",dauup.com,42987,DIRECT,,False,False,,,
Dauup Authorization,Publishers Seller ID Tracker,Dauup,Publisher,Samuel Boujnah,Publisher Ads.txt,"dauup.com, 42988, DIRECT",dauup.com,42988,DIRECT,,False,False,,,
Dauup Authorization,Publishers Seller ID Tracker,Dauup,Publisher,Scripps Networks Interactive,Publisher Ads.txt,"dauup.com, 42989, DIRECT",dauup.com,42989,DIRECT,,False,False,,,
Dauup Authorization,Publishers Seller ID Tracker,Dauup,Publisher,Sneig,Publisher Ads.txt,"dauup.com, 42990, DIRECT",dauup.com,42990,DIRECT,,False,False,,,
Dauup Authorization,Publishers Seller ID Tracker,Dauup,Publisher,Special Coloring Studio,Publisher Ads.txt,"dauup.com, 42991, DIRECT",dauup.com,42991,DIRECT,,False,False,,,
Dauup Authorization,Publishers Seller ID Tracker,Dauup,Publisher,StoryCraft,Publisher Ads.txt,"dauup.com, 42992, DIRECT",dauup.com,42992,DIRECT,,False,False,,,
Dauup Authorization,Publishers Seller ID Tracker,Dauup,Publisher,Sunny cc inc,Publisher Ads.txt,"dauup.com, 42993, DIRECT",dauup.com,42993,DIRECT,,False,False,,,
Dauup Authorization,Publishers Seller ID Tracker,Dauup,Publisher,Super Lucky Casino,Publisher Ads.txt,"dauup.com, 42994, DIRECT",dauup.com,42994,DIRECT,,False,False,,,
Dauup Authorization,Publishers Seller ID Tracker,Dauup,Publisher,Thai Le Van,Publisher Ads.txt,"dauup.com, 42995, DIRECT",dauup.com,42995,DIRECT,,False,False,,,
Dauup Authorization,Publishers Seller ID Tracker,Dauup,Publisher,The Dungeon Developer,Publisher Ads.txt,"dauup.com, 42996, DIRECT",dauup.com,42996,DIRECT,,False,False,,,
Dauup Authorization,Publishers Seller ID Tracker,Dauup,Publisher,Thomson Reuters,Publisher Ads.txt,"dauup.com, 42997, DIRECT",dauup.com,42997,DIRECT,,False,False,,,
Dauup Authorization,Publishers Seller ID Tracker,Dauup,Publisher,Thriveport,Publisher Ads.txt,"dauup.com, 42998, DIRECT",dauup.com,42998,DIRECT,,False,False,,,
Dauup Authorization,Publishers Seller ID Tracker,Dauup,Publisher,Tiger 30 Studio,Publisher Ads.txt,"dauup.com, 42999, DIRECT",dauup.com,42999,DIRECT,,False,False,,,
Dauup Authorization,Publishers Seller ID Tracker,Dauup,Publisher,Trang Gaming,Publisher Ads.txt,"dauup.com, 43000, DIRECT",dauup.com,43000,DIRECT,,False,False,,,
Dauup Authorization,Publishers Seller ID Tracker,Dauup,Publisher,Triwin Games,Publisher Ads.txt,"dauup.com, 43001, DIRECT",dauup.com,43001,DIRECT,,False,False,,,
Dauup Authorization,Publishers Seller ID Tracker,Dauup,Publisher,TV24 Group,Publisher Ads.txt,"dauup.com, 43002, DIRECT",dauup.com,43002,DIRECT,,False,False,,,
Dauup Authorization,Publishers Seller ID Tracker,Dauup,Publisher,UltraPub,Publisher Ads.txt,"dauup.com, 43003, DIRECT",dauup.com,43003,DIRECT,,False,False,,,
Dauup Authorization,Publishers Seller ID Tracker,Dauup,Publisher,upday,Publisher Ads.txt,"dauup.com, 43004, DIRECT",dauup.com,43004,DIRECT,,False,False,,,
Dauup Authorization,Publishers Seller ID Tracker,Dauup,Publisher,VVinner,Publisher Ads.txt,"dauup.com, 43005, DIRECT",dauup.com,43005,DIRECT,,False,False,,,
Dauup Authorization,Publishers Seller ID Tracker,Dauup,Publisher,WORDSFLY LIMITED,Publisher Ads.txt,"dauup.com, 43006, DIRECT",dauup.com,43006,DIRECT,,False,False,,,
Dauup Authorization,Publishers Seller ID Tracker,Dauup,Publisher,xGame,Publisher Ads.txt,"dauup.com, 43007, DIRECT",dauup.com,43007,DIRECT,,False,False,,,
Dauup Authorization,Publishers Seller ID Tracker,Dauup,Publisher,Zen Card Studio,Publisher Ads.txt,"dauup.com, 43008, DIRECT",dauup.com,43008,DIRECT,,False,False,,,
Dauup Authorization,Publishers Seller ID Tracker,Dauup,Publisher,Microsoft,Publisher Ads.txt,"dauup.com, 43009, DIRECT",dauup.com,43009,DIRECT,,False,False,,,
Dauup Authorization,Publishers Seller ID Tracker,Dauup,Publisher,blackholestudios.net,Publisher Ads.txt,"dauup.com, 43010, DIRECT",dauup.com,43010,DIRECT,,False,False,,,
Dauup Authorization,Publishers Seller ID Tracker,Dauup,Publisher,en.guitarsongs.club,Publisher Ads.txt,"dauup.com, 43011, DIRECT",dauup.com,43011,DIRECT,,False,False,,,
Dauup Authorization,Publishers Seller ID Tracker,Dauup,Publisher,clashhero.in,Publisher Ads.txt,"dauup.com, 43012, DIRECT",dauup.com,43012,DIRECT,,False,False,,,
Dauup Authorization,Publishers Seller ID Tracker,Dauup,Publisher,allnovelonline.com,Publisher Ads.txt,"dauup.com, 43013, DIRECT",dauup.com,43013,DIRECT,,False,False,,,
Dauup Authorization,Publishers Seller ID Tracker,Dauup,Publisher,asterplay.com,Publisher Ads.txt,"dauup.com, 43014, DIRECT",dauup.com,43014,DIRECT,,False,False,,,
Dauup Authorization,Publishers Seller ID Tracker,Dauup,Publisher,cscmobi.com,Publisher Ads.txt,"dauup.com, 43015, DIRECT",dauup.com,43015,DIRECT,,False,False,,,
Dauup Authorization,Publishers Seller ID Tracker,Dauup,Publisher,dudupuzzle.fun,Publisher Ads.txt,"dauup.com, 43016, DIRECT",dauup.com,43016,DIRECT,,False,False,,,
Dauup Authorization,Publishers Seller ID Tracker,Dauup,Publisher,apphicgames.com,Publisher Ads.txt,"dauup.com, 43017, DIRECT",dauup.com,43017,DIRECT,,False,False,,,
Dauup Authorization,Publishers Seller ID Tracker,Dauup,Publisher,cleanguardapp.com,Publisher Ads.txt,"dauup.com, 43018, DIRECT",dauup.com,43018,DIRECT,,False,False,,,
Dauup Authorization,Publishers Seller ID Tracker,Dauup,Publisher,crazyfoxstudios.com,Publisher Ads.txt,"dauup.com, 43019, DIRECT",dauup.com,43019,DIRECT,,False,False,,,
Dauup Authorization,Publishers Seller ID Tracker,Dauup,Publisher,cashya.cash2support.com,Publisher Ads.txt,"dauup.com, 43020, DIRECT",dauup.com,43020,DIRECT,,False,False,,,
Dauup Authorization,Publishers Seller ID Tracker,Dauup,Publisher,cashpop-plus.net,Publisher Ads.txt,"dauup.com, 43021, DIRECT",dauup.com,43021,DIRECT,,False,False,,,
Dauup Authorization,Publishers Seller ID Tracker,Dauup,Publisher,crex.live,Publisher Ads.txt,"dauup.com, 43022, DIRECT",dauup.com,43022,DIRECT,,False,False,,,
Dauup Authorization,Publishers Seller ID Tracker,Dauup,Publisher,deadpixel-games.com,Publisher Ads.txt,"dauup.com, 43023, DIRECT",dauup.com,43023,DIRECT,,False,False,,,
Dauup Authorization,Publishers Seller ID Tracker,Dauup,Publisher,chillycircus.com,Publisher Ads.txt,"dauup.com, 43024, DIRECT",dauup.com,43024,DIRECT,,False,False,,,
Dauup Authorization,Publishers Seller ID Tracker,Dauup,Publisher,cctgames.com,Publisher Ads.txt,"dauup.com, 43025, DIRECT",dauup.com,43025,DIRECT,,False,False,,,
Dauup Authorization,Publishers Seller ID Tracker,Dauup,Publisher,avatye.com,Publisher Ads.txt,"dauup.com, 43026, DIRECT",dauup.com,43026,DIRECT,,False,False,,,
Dauup Authorization,Publishers Seller ID Tracker,Dauup,Publisher,canary.is,Publisher Ads.txt,"dauup.com, 43027, DIRECT",dauup.com,43027,DIRECT,,False,False,,,
Dauup Authorization,Publishers Seller ID Tracker,Dauup,Publisher,beresnev.games,Publisher Ads.txt,"dauup.com, 43028, DIRECT",dauup.com,43028,DIRECT,,False,False,,,
Dauup Authorization,Publishers Seller ID Tracker,Dauup,Publisher,cashforsteps.com,Publisher Ads.txt,"dauup.com, 43029, DIRECT",dauup.com,43029,DIRECT,,False,False,,,
Dauup Authorization,Publishers Seller ID Tracker,Dauup,Publisher,akhirpekan.studio,Publisher Ads.txt,"dauup.com, 43030, DIRECT",dauup.com,43030,DIRECT,,False,False,,,
Dauup Authorization,Publishers Seller ID Tracker,Dauup,Publisher,azurefancygo.com,Publisher Ads.txt,"dauup.com, 43031, DIRECT",dauup.com,43031,DIRECT,,False,False,,,
Dauup Authorization,Publishers Seller ID Tracker,Dauup,Publisher,bitbot.plus,Publisher Ads.txt,"dauup.com, 43032, DIRECT",dauup.com,43032,DIRECT,,False,False,,,
Dauup Authorization,Publishers Seller ID Tracker,Dauup,Publisher,bitlist.plus,Publisher Ads.txt,"dauup.com, 43033, DIRECT",dauup.com,43033,DIRECT,,False,False,,,
Dauup Authorization,Publishers Seller ID Tracker,Dauup,Publisher,big6.app,Publisher Ads.txt,"dauup.com, 43034, DIRECT",dauup.com,43034,DIRECT,,False,False,,,
Dauup Authorization,Publishers Seller ID Tracker,Dauup,Publisher,privacy.adamapps.in,Publisher Ads.txt,"dauup.com, 43035, DIRECT",dauup.com,43035,DIRECT,,False,False,,,
Dauup Authorization,Publishers Seller ID Tracker,Dauup,Publisher,bhoos.com,Publisher Ads.txt,"dauup.com, 43036, DIRECT",dauup.com,43036,DIRECT,,False,False,,,
Dauup Authorization,Publishers Seller ID Tracker,Dauup,Publisher,beytekmuhendislik.com,Publisher Ads.txt,"dauup.com, 43037, DIRECT",dauup.com,43037,DIRECT,,False,False,,,
Dauup Authorization,Publishers Seller ID Tracker,Dauup,Publisher,saola.app,Publisher Ads.txt,"dauup.com, 43038, DIRECT",dauup.com,43038,DIRECT,,False,False,,,
Dauup Authorization,Publishers Seller ID Tracker,Dauup,Publisher,play.quartsoft.com,Publisher Ads.txt,"dauup.com, 43039, DIRECT",dauup.com,43039,DIRECT,,False,False,,,
Dauup Authorization,Publishers Seller ID Tracker,Dauup,Publisher,downwwn.xyz,Publisher Ads.txt,"dauup.com, 43040, DIRECT",dauup.com,43040,DIRECT,,False,False,,,
Dauup Authorization,Publishers Seller ID Tracker,Dauup,Publisher,pkge.net,Publisher Ads.txt,"dauup.com, 43041, DIRECT",dauup.com,43041,DIRECT,,False,False,,,
Dauup Authorization,Publishers Seller ID Tracker,Dauup,Publisher,bazooka.vn,Publisher Ads.txt,"dauup.com, 43042, DIRECT",dauup.com,43042,DIRECT,,False,False,,,
Dauup Authorization,Publishers Seller ID Tracker,Dauup,Publisher,crushblocks.com (Hungry Studio),Publisher Ads.txt,"dauup.com, 43043, DIRECT",dauup.com,43043,DIRECT,,False,False,,,
Dauup Authorization,Publishers Seller ID Tracker,Dauup,Publisher,Alarmly,Publisher Ads.txt,"dauup.com, 43044, DIRECT",dauup.com,43044,DIRECT,,False,False,,,
Dauup Authorization,Publishers Seller ID Tracker,Dauup,Publisher,aleksaleks.ru,Publisher Ads.txt,"dauup.com, 43045, DIRECT",dauup.com,43045,DIRECT,,False,False,,,
Dauup Authorization,Publishers Seller ID Tracker,Dauup,Publisher,feiyurstrom.com,Publisher Ads.txt,"dauup.com, 43046, DIRECT",dauup.com,43046,DIRECT,,False,False,,,
Dauup Authorization,Publishers Seller ID Tracker,Dauup,Publisher,barsinteractive.ru,Publisher Ads.txt,"dauup.com, 43047, DIRECT",dauup.com,43047,DIRECT,,False,False,,,
Dauup Authorization,Publishers Seller ID Tracker,Dauup,Publisher,mylittlefungames.company,Publisher Ads.txt,"dauup.com, 43048, DIRECT",dauup.com,43048,DIRECT,,False,False,,,
Dauup Authorization,Publishers Seller ID Tracker,Dauup,Publisher,bulesnower.com,Publisher Ads.txt,"dauup.com, 43049, DIRECT",dauup.com,43049,DIRECT,,False,False,,,
Dauup Authorization,Publishers Seller ID Tracker,Dauup,Publisher,akatek.biz,Publisher Ads.txt,"dauup.com, 43050, DIRECT",dauup.com,43050,DIRECT,,False,False,,,
Dauup Authorization,Publishers Seller ID Tracker,Dauup,Publisher,chanelslted.biz,Publisher Ads.txt,"dauup.com, 43051, DIRECT",dauup.com,43051,DIRECT,,False,False,,,
Dauup Authorization,Publishers Seller ID Tracker,Dauup,Publisher,appcode.dk,Publisher Ads.txt,"dauup.com, 43052, DIRECT",dauup.com,43052,DIRECT,,False,False,,,
Dauup Authorization,Publishers Seller ID Tracker,Dauup,Publisher,ba39aa31a.app-ads-txt.com,Publisher Ads.txt,"dauup.com, 43053, DIRECT",dauup.com,43053,DIRECT,,False,False,,,
Dauup Authorization,Publishers Seller ID Tracker,Dauup,Publisher,bravolol.com,Publisher Ads.txt,"dauup.com, 43054, DIRECT",dauup.com,43054,DIRECT,,False,False,,,
Dauup Authorization,Publishers Seller ID Tracker,Dauup,Publisher,e3dd4e356.app-ads-txt.com,Publisher Ads.txt,"dauup.com, 43055, DIRECT",dauup.com,43055,DIRECT,,False,False,,,
Dauup Authorization,Publishers Seller ID Tracker,Dauup,Publisher,athenaa.top,Publisher Ads.txt,"dauup.com, 43056, DIRECT",dauup.com,43056,DIRECT,,False,False,,,
Dauup Authorization,Publishers Seller ID Tracker,Dauup,Publisher,cobbee.net,Publisher Ads.txt,"dauup.com, 43057, DIRECT",dauup.com,43057,DIRECT,,False,False,,,
Dauup Authorization,Publishers Seller ID Tracker,Dauup,Publisher,01games.pp.ua,Publisher Ads.txt,"dauup.com, 43058, DIRECT",dauup.com,43058,DIRECT,,False,False,,,
Dauup Authorization,Publishers Seller ID Tracker,Dauup,Publisher,tutotoons.com,Publisher Ads.txt,"dauup.com, 43059, DIRECT",dauup.com,43059,DIRECT,,False,False,,,
Dauup Authorization,Publishers Seller ID Tracker,Dauup,Publisher,Yolo Game Studio - Art Puzzles,Publisher Ads.txt,"dauup.com, 43061, DIRECT",dauup.com,43061,DIRECT,,False,False,,,
Dauup Authorization,Publishers Seller ID Tracker,Dauup,Publisher,4thfloorapps.com,Publisher Ads.txt,"dauup.com, 43062, DIRECT",dauup.com,43062,DIRECT,,False,False,,,
Dauup Authorization,Publishers Seller ID Tracker,Dauup,Publisher,coeurdejeu.com,Publisher Ads.txt,"dauup.com, 43063, DIRECT",dauup.com,43063,DIRECT,,False,False,,,
Dauup Authorization,Publishers Seller ID Tracker,Dauup,Publisher,fanofguns.ru,Publisher Ads.txt,"dauup.com, 43064, DIRECT",dauup.com,43064,DIRECT,,False,False,,,
Dauup Authorization,Publishers Seller ID Tracker,Dauup,Publisher,clearinvest-ltd.com,Publisher Ads.txt,"dauup.com, 43065, DIRECT",dauup.com,43065,DIRECT,,False,False,,,
Dauup Authorization,Publishers Seller ID Tracker,Dauup,Publisher,bayerisch-schafkopf.de,Publisher Ads.txt,"dauup.com, 43066, DIRECT",dauup.com,43066,DIRECT,,False,False,,,
Dauup Authorization,Publishers Seller ID Tracker,Dauup,Publisher,mastinapp.com,Publisher Ads.txt,"dauup.com, 43067, DIRECT",dauup.com,43067,DIRECT,,False,False,,,
Dauup Authorization,Publishers Seller ID Tracker,Dauup,Publisher,avatar.zthd.io,Publisher Ads.txt,"dauup.com, 43068, DIRECT",dauup.com,43068,DIRECT,,False,False,,,
Dauup Authorization,Publishers Seller ID Tracker,Dauup,Publisher,info@albgames.store,Publisher Ads.txt,"dauup.com, 43069, DIRECT",dauup.com,43069,DIRECT,,False,False,,,
Dauup Authorization,Publishers Seller ID Tracker,Dauup,Publisher,adams686.github.io,Publisher Ads.txt,"dauup.com, 43070, DIRECT",dauup.com,43070,DIRECT,,False,False,,,
Dauup Authorization,Publishers Seller ID Tracker,Dauup,Publisher,baldpanther.github.io,Publisher Ads.txt,"dauup.com, 43071, DIRECT",dauup.com,43071,DIRECT,,False,False,,,
Dauup Authorization,Publishers Seller ID Tracker,Dauup,Publisher,blackboxdigital.games,Publisher Ads.txt,"dauup.com, 43072, DIRECT",dauup.com,43072,DIRECT,,False,False,,,
Dauup Authorization,Publishers Seller ID Tracker,Dauup,Publisher,empirics.ru,Publisher Ads.txt,"dauup.com, 43073, DIRECT",dauup.com,43073,DIRECT,,False,False,,,
Dauup Authorization,Publishers Seller ID Tracker,Dauup,Publisher,buildingsformc.com,Publisher Ads.txt,"dauup.com, 43074, DIRECT",dauup.com,43074,DIRECT,,False,False,,,
Dauup Authorization,Publishers Seller ID Tracker,Dauup,Publisher,branchingfactor.com,Publisher Ads.txt,"dauup.com, 43075, DIRECT",dauup.com,43075,DIRECT,,False,False,,,
Dauup Authorization,Publishers Seller ID Tracker,Dauup,Publisher,befa9a122.app-ads-txt.com,Publisher Ads.txt,"dauup.com, 43076, DIRECT",dauup.com,43076,DIRECT,,False,False,,,
Dauup Authorization,Publishers Seller ID Tracker,Dauup,Publisher,b5658ed7c.app-ads-txt.com,Publisher Ads.txt,"dauup.com, 43077, DIRECT",dauup.com,43077,DIRECT,,False,False,,,
Dauup Authorization,Publishers Seller ID Tracker,Dauup,Publisher,m60ab96cb.app-ads-txt.com,Publisher Ads.txt,"dauup.com, 43078, DIRECT",dauup.com,43078,DIRECT,,False,False,,,
Dauup Authorization,Publishers Seller ID Tracker,Dauup,Publisher,escape.webelinxgames.com,Publisher Ads.txt,"dauup.com, 43079, DIRECT",dauup.com,43079,DIRECT,,False,False,,,
Dauup Authorization,Publishers Seller ID Tracker,Dauup,Publisher,artsoft.appadstxt.in,Publisher Ads.txt,"dauup.com, 43080, DIRECT",dauup.com,43080,DIRECT,,False,False,,,
Dauup Authorization,Publishers Seller ID Tracker,Dauup,Publisher,azon.games,Publisher Ads.txt,"dauup.com, 43081, DIRECT",dauup.com,43081,DIRECT,,False,False,,,
Dauup Authorization,Publishers Seller ID Tracker,Dauup,Publisher,dicexstudio.com,Publisher Ads.txt,"dauup.com, 43082, DIRECT",dauup.com,43082,DIRECT,,False,False,,,
Dauup Authorization,Publishers Seller ID Tracker,Dauup,Publisher,https://iden289.github.io/app-ads.txt,Publisher Ads.txt,"dauup.com, 43083, DIRECT",dauup.com,43083,DIRECT,,False,False,,,
Dauup Authorization,Publishers Seller ID Tracker,Dauup,Publisher,https://cppgod17.github.io/app-ads.txt,Publisher Ads.txt,"dauup.com, 43084, DIRECT",dauup.com,43084,DIRECT,,False,False,,,
Dauup Authorization,Publishers Seller ID Tracker,Dauup,Publisher,barsukstudio.github.io,Publisher Ads.txt,"dauup.com, 43085, DIRECT",dauup.com,43085,DIRECT,,False,False,,,
Dauup Authorization,Publishers Seller ID Tracker,Dauup,Publisher,exotron.com,Publisher Ads.txt,"dauup.com, 43086, DIRECT",dauup.com,43086,DIRECT,,False,False,,,
Dauup Authorization,Publishers Seller ID Tracker,Dauup,Publisher,coinsdata.io,Publisher Ads.txt,"dauup.com, 43087, DIRECT",dauup.com,43087,DIRECT,,False,False,,,
Dauup Authorization,Publishers Seller ID Tracker,Dauup,Publisher,2ndreality.info,Publisher Ads.txt,"dauup.com, 43088, DIRECT",dauup.com,43088,DIRECT,,False,False,,,
Dauup Authorization,Publishers Seller ID Tracker,Dauup,Publisher,TBD,Publisher Ads.txt,"dauup.com, 43089, DIRECT",dauup.com,43089,DIRECT,,False,True,,,
Dauup Authorization,Publishers Seller ID Tracker,Dauup,Publisher,coinbird.ru,Publisher Ads.txt,"dauup.com, 43090, DIRECT",dauup.com,43090,DIRECT,,False,False,,,
Dauup Authorization,Publishers Seller ID Tracker,Dauup,Publisher,avegastudio.ru,Publisher Ads.txt,"dauup.com, 43091, DIRECT",dauup.com,43091,DIRECT,,False,False,,,
Dauup Authorization,Publishers Seller ID Tracker,Dauup,Publisher,birdcoin.ru,Publisher Ads.txt,"dauup.com, 43092, DIRECT",dauup.com,43092,DIRECT,,False,False,,,
Dauup Authorization,Publishers Seller ID Tracker,Dauup,Publisher,8quiz.ru,Publisher Ads.txt,"dauup.com, 43093, DIRECT",dauup.com,43093,DIRECT,,False,False,,,
Dauup Authorization,Publishers Seller ID Tracker,Dauup,Publisher,Quiz & Trivia Games by Submarine Apps,Publisher Ads.txt,"dauup.com, 43094, DIRECT",dauup.com,43094,DIRECT,,False,False,,,
Dauup Authorization,Publishers Seller ID Tracker,Dauup,Publisher,Infinity Technologies Global,Publisher Ads.txt,"dauup.com, 43095, DIRECT",dauup.com,43095,DIRECT,,False,False,,,
Dauup Authorization,Publishers Seller ID Tracker,Dauup,Publisher,Sims Puzzle Games,Publisher Ads.txt,"dauup.com, 43096, DIRECT",dauup.com,43096,DIRECT,,False,False,,,
Dauup Authorization,Publishers Seller ID Tracker,Dauup,Publisher,Sa Hoang,Publisher Ads.txt,"dauup.com, 43097, DIRECT",dauup.com,43097,DIRECT,,False,False,,,
Dauup Authorization,Publishers Seller ID Tracker,Dauup,Publisher,stick hunter,Publisher Ads.txt,"dauup.com, 43098, DIRECT",dauup.com,43098,DIRECT,,False,False,,,
Dauup Authorization,Publishers Seller ID Tracker,Dauup,Publisher,ABI Game Studio,Publisher Ads.txt,"dauup.com, 43099, DIRECT",dauup.com,43099,DIRECT,,False,False,,,
Dauup Authorization,Publishers Seller ID Tracker,Dauup,Publisher,Mind Crush,Publisher Ads.txt,"dauup.com, 43100, DIRECT",dauup.com,43100,DIRECT,,False,False,,,
Dauup Authorization,Publishers Seller ID Tracker,Dauup,Publisher,Joy GAMES,Publisher Ads.txt,"dauup.com, 43101, DIRECT",dauup.com,43101,DIRECT,,False,False,,,
Dauup Authorization,Publishers Seller ID Tracker,Dauup,Publisher,Appsky Hong Kong Limited,Publisher Ads.txt,"dauup.com, 43102, DIRECT",dauup.com,43102,DIRECT,,False,False,,,
Dauup Authorization,Publishers Seller ID Tracker,Dauup,Publisher,Naxeex Action & RPG Games,Publisher Ads.txt,"dauup.com, 43103, DIRECT",dauup.com,43103,DIRECT,,False,False,,,
Dauup Authorization,Publishers Seller ID Tracker,Dauup,Publisher,Play Stove,Publisher Ads.txt,"dauup.com, 43104, DIRECT",dauup.com,43104,DIRECT,,False,False,,,
Dauup Authorization,Publishers Seller ID Tracker,Dauup,Publisher,Superplus Games,Publisher Ads.txt,"dauup.com, 43105, DIRECT",dauup.com,43105,DIRECT,,False,False,,,
Dauup Authorization,Publishers Seller ID Tracker,Dauup,Publisher,egrasp.eu,Publisher Ads.txt,"dauup.com, 43106, DIRECT",dauup.com,43106,DIRECT,,False,False,,,
Dauup Authorization,Publishers Seller ID Tracker,Dauup,Publisher,bonnjalal.github.io,Publisher Ads.txt,"dauup.com, 43107, DIRECT",dauup.com,43107,DIRECT,,False,False,,,
Dauup Authorization,Publishers Seller ID Tracker,Dauup,Publisher,evolvegames.net,Publisher Ads.txt,"dauup.com, 43108, DIRECT",dauup.com,43108,DIRECT,,False,False,,,
Dauup Authorization,Publishers Seller ID Tracker,Dauup,Publisher,BlackTea Games,Publisher Ads.txt,"dauup.com, 43109, DIRECT",dauup.com,43109,DIRECT,,False,False,,,
Dauup Authorization,Publishers Seller ID Tracker,Dauup,Publisher,bitepoch-studio.com,Publisher Ads.txt,"dauup.com, 43110, DIRECT",dauup.com,43110,DIRECT,,False,False,,,
Dauup Authorization,Publishers Seller ID Tracker,Dauup,Publisher,efforttop.com,Publisher Ads.txt,"dauup.com, 43111, DIRECT",dauup.com,43111,DIRECT,,False,False,,,
Dauup Authorization,Publishers Seller ID Tracker,Dauup,Publisher,storypad.ru,Publisher Ads.txt,"dauup.com, 43112, DIRECT",dauup.com,43112,DIRECT,,False,False,,,
Dauup Authorization,Publishers Seller ID Tracker,Dauup,Publisher,betta-games.net,Publisher Ads.txt,"dauup.com, 43113, DIRECT",dauup.com,43113,DIRECT,,False,False,,,
Dauup Authorization,Publishers Seller ID Tracker,Dauup,Publisher,aikamessenger.com,Publisher Ads.txt,"dauup.com, 43114, DIRECT",dauup.com,43114,DIRECT,,False,False,,,
Dauup Authorization,Publishers Seller ID Tracker,Dauup,Publisher,conceptivapps.com,Publisher Ads.txt,"dauup.com, 43115, DIRECT",dauup.com,43115,DIRECT,,False,False,,,
Dauup Authorization,Publishers Seller ID Tracker,Dauup,Publisher,diamondnebula.com,Publisher Ads.txt,"dauup.com, 43116, DIRECT",dauup.com,43116,DIRECT,,False,False,,,
Dauup Authorization,Publishers Seller ID Tracker,Dauup,Publisher,akinfotechboss.com,Publisher Ads.txt,"dauup.com, 43117, DIRECT",dauup.com,43117,DIRECT,,False,False,,,
Dauup Authorization,Publishers Seller ID Tracker,Dauup,Publisher,bibliaconsigo.com,Publisher Ads.txt,"dauup.com, 43118, DIRECT",dauup.com,43118,DIRECT,,False,False,,,
Dauup Authorization,Publishers Seller ID Tracker,Dauup,Publisher,coinnectapp.net,Publisher Ads.txt,"dauup.com, 43119, DIRECT",dauup.com,43119,DIRECT,,False,False,,,
Dauup Authorization,Publishers Seller ID Tracker,Dauup,Publisher,Kids Games LLC,Publisher Ads.txt,"dauup.com, 43120, DIRECT",dauup.com,43120,DIRECT,,False,False,,,
Dauup Authorization,Publishers Seller ID Tracker,Dauup,Publisher,AAStudio,Publisher Ads.txt,"dauup.com, 43121, DIRECT",dauup.com,43121,DIRECT,,False,False,,,
Dauup Authorization,Publishers Seller ID Tracker,Dauup,Publisher,PicCut Team,Publisher Ads.txt,"dauup.com, 43122, DIRECT",dauup.com,43122,DIRECT,,False,False,,,
Dauup Authorization,Publishers Seller ID Tracker,Dauup,Publisher,Fried Chicken Games,Publisher Ads.txt,"dauup.com, 43123, DIRECT",dauup.com,43123,DIRECT,,False,False,,,
Dauup Authorization,Publishers Seller ID Tracker,Dauup,Publisher,Hippo Kids Games,Publisher Ads.txt,"dauup.com, 43124, DIRECT",dauup.com,43124,DIRECT,,False,False,,,
Dauup Authorization,Publishers Seller ID Tracker,Dauup,Publisher,denebgames.com,Publisher Ads.txt,"dauup.com, 43125, DIRECT",dauup.com,43125,DIRECT,,False,False,,,
Dauup Authorization,Publishers Seller ID Tracker,Dauup,Publisher,Onegame Global Studio,Publisher Ads.txt,"dauup.com, 43126, DIRECT",dauup.com,43126,DIRECT,,False,False,,,
Dauup Authorization,Publishers Seller ID Tracker,Dauup,Publisher,wildcards.games,Publisher Ads.txt,"dauup.com, 43127, DIRECT",dauup.com,43127,DIRECT,,False,False,,,
Dauup Authorization,Publishers Seller ID Tracker,Dauup,Publisher,app.digitalproducts.am,Publisher Ads.txt,"dauup.com, 43128, DIRECT",dauup.com,43128,DIRECT,,False,False,,,
Dauup Authorization,Publishers Seller ID Tracker,Dauup,Publisher,apps.playnexx.com,Publisher Ads.txt,"dauup.com, 43129, DIRECT",dauup.com,43129,DIRECT,,False,False,,,
Dauup Authorization,Publishers Seller ID Tracker,Dauup,Publisher,Maxim Vasilkov,Publisher Ads.txt,"dauup.com, 43130, DIRECT",dauup.com,43130,DIRECT,,False,False,,,
Dauup Authorization,Publishers Seller ID Tracker,Dauup,Publisher,enfaststrikestudio.com,Publisher Ads.txt,"dauup.com, 43131, DIRECT",dauup.com,43131,DIRECT,,False,False,,,
Dauup Authorization,Publishers Seller ID Tracker,Dauup,Publisher,Candy Room Games & RabbitCo,Publisher Ads.txt,"dauup.com, 43132, DIRECT",dauup.com,43132,DIRECT,,False,False,,,
Dauup Authorization,Publishers Seller ID Tracker,Dauup,Publisher,My Water Drink Tracker Oy,Publisher Ads.txt,"dauup.com, 43133, DIRECT",dauup.com,43133,DIRECT,,False,False,,,
Dauup Authorization,Publishers Seller ID Tracker,Dauup,Publisher,Gluak srl,Publisher Ads.txt,"dauup.com, 43134, DIRECT",dauup.com,43134,DIRECT,,False,False,,,
Dauup Authorization,Publishers Seller ID Tracker,Dauup,Publisher,app-ads.tgstickers.ru,Publisher Ads.txt,"dauup.com, 43135, DIRECT",dauup.com,43135,DIRECT,,False,False,,,
Dauup Authorization,Publishers Seller ID Tracker,Dauup,Publisher,climaxgamesstudios.com,Publisher Ads.txt,"dauup.com, 43136, DIRECT",dauup.com,43136,DIRECT,,False,False,,,
Dauup Authorization,Publishers Seller ID Tracker,Dauup,Publisher,audiocash.supercash.co.kr,Publisher Ads.txt,"dauup.com, 43137, DIRECT",dauup.com,43137,DIRECT,,False,False,,,
Dauup Authorization,Publishers Seller ID Tracker,Dauup,Publisher,midnight.works,Publisher Ads.txt,"dauup.com, 43138, DIRECT",dauup.com,43138,DIRECT,,False,False,,,
Dauup Authorization,Publishers Seller ID Tracker,Dauup,Publisher,cameogames.github.io,Publisher Ads.txt,"dauup.com, 43139, DIRECT",dauup.com,43139,DIRECT,,False,False,,,
Dauup Authorization,Publishers Seller ID Tracker,Dauup,Publisher,1.smallgames.applinzi.com,Publisher Ads.txt,"dauup.com, 43140, DIRECT",dauup.com,43140,DIRECT,,False,False,,,
Dauup Authorization,Publishers Seller ID Tracker,Dauup,Publisher,2.smallgames.applinzi.com,Publisher Ads.txt,"dauup.com, 43141, DIRECT",dauup.com,43141,DIRECT,,False,False,,,
Dauup Authorization,Publishers Seller ID Tracker,Dauup,Publisher,cashdoc.me,Publisher Ads.txt,"dauup.com, 43142, DIRECT",dauup.com,43142,DIRECT,,False,False,,,
Dauup Authorization,Publishers Seller ID Tracker,Dauup,Publisher,easyfit-caloriecounter.de,Publisher Ads.txt,"dauup.com, 43143, DIRECT",dauup.com,43143,DIRECT,,False,False,,,
Dauup Authorization,Publishers Seller ID Tracker,Dauup,Publisher,amuzo.com,Publisher Ads.txt,"dauup.com, 43144, DIRECT",dauup.com,43144,DIRECT,,False,False,,,
Dauup Authorization,Publishers Seller ID Tracker,Dauup,Publisher,enberisoftware.com,Publisher Ads.txt,"dauup.com, 43145, DIRECT",dauup.com,43145,DIRECT,,False,False,,,
Dauup Authorization,Publishers Seller ID Tracker,Dauup,Publisher,Studio WW Games,Publisher Ads.txt,"dauup.com, 43146, DIRECT",dauup.com,43146,DIRECT,,False,False,,,
Dauup Authorization,Publishers Seller ID Tracker,Dauup,Publisher,Emirhan Gumus,Publisher Ads.txt,"dauup.com, 43147, DIRECT",dauup.com,43147,DIRECT,,False,False,,,
Dauup Authorization,Publishers Seller ID Tracker,Dauup,Publisher,TapMagic,Publisher Ads.txt,"dauup.com, 43148, DIRECT",dauup.com,43148,DIRECT,,False,False,,,
Dauup Authorization,Publishers Seller ID Tracker,Dauup,Publisher,T-Bull S A,Publisher Ads.txt,"dauup.com, 43149, DIRECT",dauup.com,43149,DIRECT,,False,False,,,
Dauup Authorization,Publishers Seller ID Tracker,Dauup,Publisher,Brave HK Limited,Publisher Ads.txt,"dauup.com, 43150, DIRECT",dauup.com,43150,DIRECT,,False,False,,,
Dauup Authorization,Publishers Seller ID Tracker,Dauup,Publisher,Appache apps and games ltd,Publisher Ads.txt,"dauup.com, 43151, DIRECT",dauup.com,43151,DIRECT,,False,False,,,
Dauup Authorization,Publishers Seller ID Tracker,Dauup,Publisher,HalfBite,Publisher Ads.txt,"dauup.com, 43152, DIRECT",dauup.com,43152,DIRECT,,False,False,,,
Dauup Authorization,Publishers Seller ID Tracker,Dauup,Publisher,Like Nastya Official,Publisher Ads.txt,"dauup.com, 43153, DIRECT",dauup.com,43153,DIRECT,,False,False,,,
Dauup Authorization,Publishers Seller ID Tracker,Dauup,Publisher,PlayPops,Publisher Ads.txt,"dauup.com, 43154, DIRECT",dauup.com,43154,DIRECT,,False,False,,,
Dauup Authorization,Publishers Seller ID Tracker,Dauup,Publisher,QQGame Studio,Publisher Ads.txt,"dauup.com, 43155, DIRECT",dauup.com,43155,DIRECT,,False,False,,,
Dauup Authorization,Publishers Seller ID Tracker,Dauup,Publisher,WetBox Squad,Publisher Ads.txt,"dauup.com, 43156, DIRECT",dauup.com,43156,DIRECT,,False,False,,,
Dauup Authorization,Publishers Seller ID Tracker,Dauup,Publisher,Botanica Global,Publisher Ads.txt,"dauup.com, 43157, DIRECT",dauup.com,43157,DIRECT,,False,False,,,
Dauup Authorization,Publishers Seller ID Tracker,Dauup,Publisher,IVYGAMES,Publisher Ads.txt,"dauup.com, 43158, DIRECT",dauup.com,43158,DIRECT,,False,False,,,
Dauup Authorization,Publishers Seller ID Tracker,Dauup,Publisher,Firecracker Software LLC,Publisher Ads.txt,"dauup.com, 43159, DIRECT",dauup.com,43159,DIRECT,,False,False,,,
Dauup Authorization,Publishers Seller ID Tracker,Dauup,Publisher,Spearmint Games,Publisher Ads.txt,"dauup.com, 43160, DIRECT",dauup.com,43160,DIRECT,,False,False,,,
Dauup Authorization,Publishers Seller ID Tracker,Dauup,Publisher,Delicate theme for Android App,Publisher Ads.txt,"dauup.com, 43161, DIRECT",dauup.com,43161,DIRECT,,False,False,,,
Dauup Authorization,Publishers Seller ID Tracker,Dauup,Publisher,Beer Money Games!,Publisher Ads.txt,"dauup.com, 43162, DIRECT",dauup.com,43162,DIRECT,,False,False,,,
Dauup Authorization,Publishers Seller ID Tracker,Dauup,Publisher,RUD Present,Publisher Ads.txt,"dauup.com, 43163, DIRECT",dauup.com,43163,DIRECT,,False,False,,,
Dauup Authorization,Publishers Seller ID Tracker,Dauup,Publisher,ABI Global LTD,Publisher Ads.txt,"dauup.com, 43164, DIRECT",dauup.com,43164,DIRECT,,False,False,,,
Dauup Authorization,Publishers Seller ID Tracker,Dauup,Publisher,ITENSE,Publisher Ads.txt,"dauup.com, 43165, DIRECT",dauup.com,43165,DIRECT,,False,False,,,
Dauup Authorization,Publishers Seller ID Tracker,Dauup,Publisher,appsx.lv,Publisher Ads.txt,"dauup.com, 43166, DIRECT",dauup.com,43166,DIRECT,,False,False,,,
Dauup Authorization,Publishers Seller ID Tracker,Dauup,Publisher,chesstimeapp.com,Publisher Ads.txt,"dauup.com, 43167, DIRECT",dauup.com,43167,DIRECT,,False,False,,,
Dauup Authorization,Publishers Seller ID Tracker,Dauup,Publisher,boltbrowser.app,Publisher Ads.txt,"dauup.com, 43168, DIRECT",dauup.com,43168,DIRECT,,False,False,,,
Dauup Authorization,Publishers Seller ID Tracker,Dauup,Publisher,elia.games,Publisher Ads.txt,"dauup.com, 43169, DIRECT",dauup.com,43169,DIRECT,,False,False,,,
Dauup Authorization,Publishers Seller ID Tracker,Dauup,Publisher,prismstudios,Publisher Ads.txt,"dauup.com, 43170, DIRECT",dauup.com,43170,DIRECT,,False,False,,,
Dauup Authorization,Publishers Seller ID Tracker,Dauup,Publisher,Astrid Simulation Games Studio,Publisher Ads.txt,"dauup.com, 43171, DIRECT",dauup.com,43171,DIRECT,,False,False,,,
Dauup Authorization,Publishers Seller ID Tracker,Dauup,Publisher,enjengames.com,Publisher Ads.txt,"dauup.com, 43172, DIRECT",dauup.com,43172,DIRECT,,False,False,,,
Dauup Authorization,Publishers Seller ID Tracker,Dauup,Publisher,ffcc.zuiqiangyingyu.cn,Publisher Ads.txt,"dauup.com, 43173, DIRECT",dauup.com,43173,DIRECT,,False,False,,,
Dauup Authorization,Publishers Seller ID Tracker,Dauup,Publisher,reidxsoft.com,Publisher Ads.txt,"dauup.com, 43174, DIRECT",dauup.com,43174,DIRECT,,False,False,,,
Dauup Authorization,Publishers Seller ID Tracker,Dauup,Publisher,buceymelley.com,Publisher Ads.txt,"dauup.com, 43175, DIRECT",dauup.com,43175,DIRECT,,False,False,,,
Dauup Authorization,Publishers Seller ID Tracker,Dauup,Publisher,appstation.online,Publisher Ads.txt,"dauup.com, 43176, DIRECT",dauup.com,43176,DIRECT,,False,False,,,
Dauup Authorization,Publishers Seller ID Tracker,Dauup,Publisher,ugadooga.com,Publisher Ads.txt,"dauup.com, 43177, DIRECT",dauup.com,43177,DIRECT,,False,False,,,
Dauup Authorization,Publishers Seller ID Tracker,Dauup,Publisher,bitsmittenstudios.com,Publisher Ads.txt,"dauup.com, 43178, DIRECT",dauup.com,43178,DIRECT,,False,False,,,
Dauup Authorization,Publishers Seller ID Tracker,Dauup,Publisher,accessible3.net,Publisher Ads.txt,"dauup.com, 43179, DIRECT",dauup.com,43179,DIRECT,,False,False,,,
Dauup Authorization,Publishers Seller ID Tracker,Dauup,Publisher,835b322770bec390450ac541f1541fda-store.api-alliance.com,Publisher Ads.txt,"dauup.com, 43180, DIRECT",dauup.com,43180,DIRECT,,False,False,,,
Dauup Authorization,Publishers Seller ID Tracker,Dauup,Publisher,duckygames.net,Publisher Ads.txt,"dauup.com, 43181, DIRECT",dauup.com,43181,DIRECT,,False,False,,,
Dauup Authorization,Publishers Seller ID Tracker,Dauup,Publisher,andreyrebrik.com,Publisher Ads.txt,"dauup.com, 43182, DIRECT",dauup.com,43182,DIRECT,,False,False,,,
Dauup Authorization,Publishers Seller ID Tracker,Dauup,Publisher,masterpeaceapp.co,Publisher Ads.txt,"dauup.com, 43183, DIRECT",dauup.com,43183,DIRECT,,False,False,,,
Dauup Authorization,Publishers Seller ID Tracker,Dauup,Publisher,calckit.io,Publisher Ads.txt,"dauup.com, 43184, DIRECT",dauup.com,43184,DIRECT,,False,False,,,
Dauup Authorization,Publishers Seller ID Tracker,Dauup,Publisher,4ebur.net,Publisher Ads.txt,"dauup.com, 43185, DIRECT",dauup.com,43185,DIRECT,,False,False,,,
Dauup Authorization,Publishers Seller ID Tracker,Dauup,Publisher,elriztechnology.com,Publisher Ads.txt,"dauup.com, 43186, DIRECT",dauup.com,43186,DIRECT,,False,False,,,
Dauup Authorization,Publishers Seller ID Tracker,Dauup,Publisher,enjoypsp.com,Publisher Ads.txt,"dauup.com, 43187, DIRECT",dauup.com,43187,DIRECT,,False,False,,,
Dauup Authorization,Publishers Seller ID Tracker,Dauup,Publisher,deadtarget.com,Publisher Ads.txt,"dauup.com, 43188, DIRECT",dauup.com,43188,DIRECT,,False,False,,,
Dauup Authorization,Publishers Seller ID Tracker,Dauup,Publisher,onlineappforall.com,Publisher Ads.txt,"dauup.com, 43189, DIRECT",dauup.com,43189,DIRECT,,False,False,,,
Dauup Authorization,Publishers Seller ID Tracker,Dauup,Publisher,colorday.top,Publisher Ads.txt,"dauup.com, 43190, DIRECT",dauup.com,43190,DIRECT,,False,False,,,
Dauup Authorization,Publishers Seller ID Tracker,Dauup,Publisher,educato-games.com,Publisher Ads.txt,"dauup.com, 43191, DIRECT",dauup.com,43191,DIRECT,,False,False,,,
Dauup Authorization,Publishers Seller ID Tracker,Dauup,Publisher,First Touch Games Ltd.,Publisher Ads.txt,"dauup.com, 43192, DIRECT",dauup.com,43192,DIRECT,,False,False,,,
Dauup Authorization,Publishers Seller ID Tracker,Dauup,Publisher,build-heroes,Publisher Ads.txt,"dauup.com, 43193, DIRECT",dauup.com,43193,DIRECT,,False,False,,,
Dauup Authorization,Publishers Seller ID Tracker,Dauup,Publisher,31 Dress up Games,Publisher Ads.txt,"dauup.com, 43194, DIRECT",dauup.com,43194,DIRECT,,False,False,,,
Dauup Authorization,Publishers Seller ID Tracker,Dauup,Publisher,domino.flyclops.com,Publisher Ads.txt,"dauup.com, 43195, DIRECT",dauup.com,43195,DIRECT,,False,False,,,
Dauup Authorization,Publishers Seller ID Tracker,Dauup,Publisher,biugo.hanjiafugui423.com,Publisher Ads.txt,"dauup.com, 43196, DIRECT",dauup.com,43196,DIRECT,,False,False,,,
Dauup Authorization,Publishers Seller ID Tracker,Dauup,Publisher,brainkilla.app,Publisher Ads.txt,"dauup.com, 43197, DIRECT",dauup.com,43197,DIRECT,,False,False,,,
Dauup Authorization,Publishers Seller ID Tracker,Dauup,Publisher,erudite.cc,Publisher Ads.txt,"dauup.com, 43198, DIRECT",dauup.com,43198,DIRECT,,False,False,,,
Dauup Authorization,Publishers Seller ID Tracker,Dauup,Publisher,Wordloco,Publisher Ads.txt,"dauup.com, 43199, DIRECT",dauup.com,43199,DIRECT,,False,False,,,
Dauup Authorization,Publishers Seller ID Tracker,Dauup,Publisher,blingstory.app,Publisher Ads.txt,"dauup.com, 43200, DIRECT",dauup.com,43200,DIRECT,,False,False,,,
Dauup Authorization,Publishers Seller ID Tracker,Dauup,Publisher,couple-widget.web.app,Publisher Ads.txt,"dauup.com, 43201, DIRECT",dauup.com,43201,DIRECT,,False,False,,,
Dauup Authorization,Publishers Seller ID Tracker,Dauup,Publisher,comino.app,Publisher Ads.txt,"dauup.com, 43202, DIRECT",dauup.com,43202,DIRECT,,False,False,,,
Dauup Authorization,Publishers Seller ID Tracker,Dauup,Publisher,Monster Game Studio - OneSoft,Publisher Ads.txt,"dauup.com, 43203, DIRECT",dauup.com,43203,DIRECT,,False,False,,,
Dauup Authorization,Publishers Seller ID Tracker,Dauup,Publisher,manydot.github.io,Publisher Ads.txt,"dauup.com, 43204, DIRECT",dauup.com,43204,DIRECT,,False,False,,,
Dauup Authorization,Publishers Seller ID Tracker,Dauup,Publisher,evrikagames.com,Publisher Ads.txt,"dauup.com, 43205, DIRECT",dauup.com,43205,DIRECT,,False,False,,,
Dauup Authorization,Publishers Seller ID Tracker,Dauup,Publisher,durantzuela.com,Publisher Ads.txt,"dauup.com, 43206, DIRECT",dauup.com,43206,DIRECT,,False,False,,,
Dauup Authorization,Publishers Seller ID Tracker,Dauup,Publisher,brazillionairestudios.com,Publisher Ads.txt,"dauup.com, 43207, DIRECT",dauup.com,43207,DIRECT,,False,False,,,
Dauup Authorization,Publishers Seller ID Tracker,Dauup,Publisher,apps.kanlian.la,Publisher Ads.txt,"dauup.com, 43208, DIRECT",dauup.com,43208,DIRECT,,False,False,,,
Dauup Authorization,Publishers Seller ID Tracker,Dauup,Publisher,K Zee Games,Publisher Ads.txt,"dauup.com, 43209, DIRECT",dauup.com,43209,DIRECT,,False,False,,,
Dauup Authorization,Publishers Seller ID Tracker,Dauup,Publisher,Elvista Media Solutions Corp.,Publisher Ads.txt,"dauup.com, 43210, DIRECT",dauup.com,43210,DIRECT,,False,False,,,
Dauup Authorization,Publishers Seller ID Tracker,Dauup,Publisher,b5000dfbd.app-ads-txt.com,Publisher Ads.txt,"dauup.com, 43211, DIRECT",dauup.com,43211,DIRECT,,False,False,,,
Dauup Authorization,Publishers Seller ID Tracker,Dauup,Publisher,aautocleaner.com,Publisher Ads.txt,"dauup.com, 43212, DIRECT",dauup.com,43212,DIRECT,,False,False,,,
Dauup Authorization,Publishers Seller ID Tracker,Dauup,Publisher,griffongame.org,Publisher Ads.txt,"dauup.com, 43213, DIRECT",dauup.com,43213,DIRECT,,False,False,,,
Dauup Authorization,Publishers Seller ID Tracker,Dauup,Publisher,Game Pickle,Publisher Ads.txt,"dauup.com, 43214, DIRECT",dauup.com,43214,DIRECT,,False,False,,,
Dauup Authorization,Publishers Seller ID Tracker,Dauup,Publisher,MotionVolt Games Ltd,Publisher Ads.txt,"dauup.com, 43216, DIRECT",dauup.com,43216,DIRECT,,False,False,,,
Dauup Authorization,Publishers Seller ID Tracker,Dauup,Publisher,Time Cable,Publisher Ads.txt,"dauup.com, 43217, DIRECT",dauup.com,43217,DIRECT,,False,False,,,
Dauup Authorization,Publishers Seller ID Tracker,Dauup,Publisher,Khadiev - Scary Horror Games 3D,Publisher Ads.txt,"dauup.com, 43218, DIRECT",dauup.com,43218,DIRECT,,False,False,,,
Dauup Authorization,Publishers Seller ID Tracker,Dauup,Publisher,MicroEra,Publisher Ads.txt,"dauup.com, 43219, DIRECT",dauup.com,43219,DIRECT,,False,False,,,
Dauup Authorization,Publishers Seller ID Tracker,Dauup,Publisher,SUD Inc.,Publisher Ads.txt,"dauup.com, 43220, DIRECT",dauup.com,43220,DIRECT,,False,False,,,
Dauup Authorization,Publishers Seller ID Tracker,Dauup,Publisher,"Wild Spike, LLC",Publisher Ads.txt,"dauup.com, 43221, DIRECT",dauup.com,43221,DIRECT,,False,False,,,
Dauup Authorization,Publishers Seller ID Tracker,Dauup,Publisher,Team AS Studio Pvt Ltd,Publisher Ads.txt,"dauup.com, 43222, DIRECT",dauup.com,43222,DIRECT,,False,False,,,
Dauup Authorization,Publishers Seller ID Tracker,Dauup,Publisher,CyberGoldfinch,Publisher Ads.txt,"dauup.com, 43223, DIRECT",dauup.com,43223,DIRECT,,False,False,,,
Dauup Authorization,Publishers Seller ID Tracker,Dauup,Publisher,Bubble Shooter,Publisher Ads.txt,"dauup.com, 43224, DIRECT",dauup.com,43224,DIRECT,,False,False,,,
Dauup Authorization,Publishers Seller ID Tracker,Dauup,Publisher,Pixel Tale Games,Publisher Ads.txt,"dauup.com, 43225, DIRECT",dauup.com,43225,DIRECT,,False,False,,,
Dauup Authorization,Publishers Seller ID Tracker,Dauup,Publisher,Mobile Games Hive,Publisher Ads.txt,"dauup.com, 43226, DIRECT",dauup.com,43226,DIRECT,,False,False,,,
Dauup Authorization,Publishers Seller ID Tracker,Dauup,Publisher,Grand Adventure Games,Publisher Ads.txt,"dauup.com, 43227, DIRECT",dauup.com,43227,DIRECT,,False,False,,,
Dauup Authorization,Publishers Seller ID Tracker,Dauup,Publisher,Dream Tiles Piano Game Studio,Publisher Ads.txt,"dauup.com, 43228, DIRECT",dauup.com,43228,DIRECT,,False,False,,,
Dauup Authorization,Publishers Seller ID Tracker,Dauup,Publisher,1SOFT,Publisher Ads.txt,"dauup.com, 43229, DIRECT",dauup.com,43229,DIRECT,,False,False,,,
Dauup Authorization,Publishers Seller ID Tracker,Dauup,Publisher,Animoca Brands,Publisher Ads.txt,"dauup.com, 43230, DIRECT",dauup.com,43230,DIRECT,,False,False,,,
Dauup Authorization,Publishers Seller ID Tracker,Dauup,Publisher,Real Freestyle Soccer,Publisher Ads.txt,"dauup.com, 43231, DIRECT",dauup.com,43231,DIRECT,,False,False,,,
Dauup Authorization,Publishers Seller ID Tracker,Dauup,Publisher,Bacon studio,Publisher Ads.txt,"dauup.com, 43232, DIRECT",dauup.com,43232,DIRECT,,False,False,,,
Dauup Authorization,Publishers Seller ID Tracker,Dauup,Publisher,Jewel Loft,Publisher Ads.txt,"dauup.com, 43233, DIRECT",dauup.com,43233,DIRECT,,False,False,,,
Dauup Authorization,Publishers Seller ID Tracker,Dauup,Publisher,Solitaire Games Maker,Publisher Ads.txt,"dauup.com, 43234, DIRECT",dauup.com,43234,DIRECT,,False,False,,,
Dauup Authorization,Publishers Seller ID Tracker,Dauup,Publisher,People Lovin Games,Publisher Ads.txt,"dauup.com, 43235, DIRECT",dauup.com,43235,DIRECT,,False,False,,,
Dauup Authorization,Publishers Seller ID Tracker,Dauup,Publisher,C.C.T Games,Publisher Ads.txt,"dauup.com, 43236, DIRECT",dauup.com,43236,DIRECT,,False,False,,,
Dauup Authorization,Publishers Seller ID Tracker,Dauup,Publisher,Sixcube,Publisher Ads.txt,"dauup.com, 43237, DIRECT",dauup.com,43237,DIRECT,,False,False,,,
Dauup Authorization,Publishers Seller ID Tracker,Dauup,Publisher,Blyts,Publisher Ads.txt,"dauup.com, 43238, DIRECT",dauup.com,43238,DIRECT,,False,False,,,
Dauup Authorization,Publishers Seller ID Tracker,Dauup,Publisher,AxesInMotion Racing,Publisher Ads.txt,"dauup.com, 43239, DIRECT",dauup.com,43239,DIRECT,,False,False,,,
Dauup Authorization,Publishers Seller ID Tracker,Dauup,Publisher,XGame Global,Publisher Ads.txt,"dauup.com, 43240, DIRECT",dauup.com,43240,DIRECT,,False,False,,,
Dauup Authorization,Publishers Seller ID Tracker,Dauup,Publisher,GagsterGame,Publisher Ads.txt,"dauup.com, 43241, DIRECT",dauup.com,43241,DIRECT,,False,False,,,
Dauup Authorization,Publishers Seller ID Tracker,Dauup,Publisher,Maxim Karpenko,Publisher Ads.txt,"dauup.com, 43242, DIRECT",dauup.com,43242,DIRECT,,False,False,,,
Dauup Authorization,Publishers Seller ID Tracker,Dauup,Publisher,RoundPeople Studios,Publisher Ads.txt,"dauup.com, 43243, DIRECT",dauup.com,43243,DIRECT,,False,False,,,
Dauup Authorization,Publishers Seller ID Tracker,Dauup,Publisher,SUNCYAN,Publisher Ads.txt,"dauup.com, 43244, DIRECT",dauup.com,43244,DIRECT,,False,False,,,
Dauup Authorization,Publishers Seller ID Tracker,Dauup,Publisher,Bravestars Publishing,Publisher Ads.txt,"dauup.com, 43245, DIRECT",dauup.com,43245,DIRECT,,False,False,,,
Dauup Authorization,Publishers Seller ID Tracker,Dauup,Publisher,Outfit7 Limited,Publisher Ads.txt,"dauup.com, 43246, DIRECT",dauup.com,43246,DIRECT,,False,False,,,
Dauup Authorization,Publishers Seller ID Tracker,Dauup,Publisher,Rmind Games,Publisher Ads.txt,"dauup.com, 43247, DIRECT",dauup.com,43247,DIRECT,,False,False,,,
Dauup Authorization,Publishers Seller ID Tracker,Dauup,Publisher,SC TWODOOR GAMES SRL,Publisher Ads.txt,"dauup.com, 43248, DIRECT",dauup.com,43248,DIRECT,,False,False,,,
Dauup Authorization,Publishers Seller ID Tracker,Dauup,Publisher,PlayCreek Games,Publisher Ads.txt,"dauup.com, 43249, DIRECT",dauup.com,43249,DIRECT,,False,False,,,
Dauup Authorization,Publishers Seller ID Tracker,Dauup,Publisher,Oakever Games,Publisher Ads.txt,"dauup.com, 43250, DIRECT",dauup.com,43250,DIRECT,,False,False,,,
Dauup Authorization,Publishers Seller ID Tracker,Dauup,Publisher,Semeevs,Publisher Ads.txt,"dauup.com, 43251, DIRECT",dauup.com,43251,DIRECT,,False,False,,,
Dauup Authorization,Publishers Seller ID Tracker,Dauup,Publisher,XS Software AD,Publisher Ads.txt,"dauup.com, 43252, DIRECT",dauup.com,43252,DIRECT,,False,False,,,
Dauup Authorization,Publishers Seller ID Tracker,Dauup,Publisher,Pi Game,Publisher Ads.txt,"dauup.com, 43253, DIRECT",dauup.com,43253,DIRECT,,False,False,,,
Dauup Authorization,Publishers Seller ID Tracker,Dauup,Publisher,skgames,Publisher Ads.txt,"dauup.com, 43254, DIRECT",dauup.com,43254,DIRECT,,False,False,,,
Dauup Authorization,Publishers Seller ID Tracker,Dauup,Publisher,GamePark,Publisher Ads.txt,"dauup.com, 43255, DIRECT",dauup.com,43255,DIRECT,,False,False,,,
Dauup Authorization,Publishers Seller ID Tracker,Dauup,Publisher,Brain Vault,Publisher Ads.txt,"dauup.com, 43256, DIRECT",dauup.com,43256,DIRECT,,False,False,,,
Dauup Authorization,Publishers Seller ID Tracker,Dauup,Publisher,Good Land Games,Publisher Ads.txt,"dauup.com, 43257, DIRECT",dauup.com,43257,DIRECT,,False,False,,,
Dauup Authorization,Publishers Seller ID Tracker,Dauup,Publisher,Mini Town,Publisher Ads.txt,"dauup.com, 43258, DIRECT",dauup.com,43258,DIRECT,,False,False,,,
Dauup Authorization,Publishers Seller ID Tracker,Dauup,Publisher,TP Entertainment Global,Publisher Ads.txt,"dauup.com, 43259, DIRECT",dauup.com,43259,DIRECT,,False,False,,,
Dauup Authorization,Publishers Seller ID Tracker,Dauup,Publisher,Word Connect Games,Publisher Ads.txt,"dauup.com, 43260, DIRECT",dauup.com,43260,DIRECT,,False,False,,,
Dauup Authorization,Publishers Seller ID Tracker,Dauup,Publisher,Addicting Games Inc,Publisher Ads.txt,"dauup.com, 43261, DIRECT",dauup.com,43261,DIRECT,,False,False,,,
Dauup Authorization,Publishers Seller ID Tracker,Dauup,Publisher,Kindzasoft LLC,Publisher Ads.txt,"dauup.com, 43262, DIRECT",dauup.com,43262,DIRECT,,False,False,,,
Dauup Authorization,Publishers Seller ID Tracker,Dauup,Publisher,Ruling Games,Publisher Ads.txt,"dauup.com, 43263, DIRECT",dauup.com,43263,DIRECT,,False,False,,,
Dauup Authorization,Publishers Seller ID Tracker,Dauup,Publisher,Hunter Hamster Studio,Publisher Ads.txt,"dauup.com, 43264, DIRECT",dauup.com,43264,DIRECT,,False,False,,,
Dauup Authorization,Publishers Seller ID Tracker,Dauup,Publisher,Qurai Software FZCO,Publisher Ads.txt,"dauup.com, 43265, DIRECT",dauup.com,43265,DIRECT,,False,False,,,
Dauup Authorization,Publishers Seller ID Tracker,Dauup,Publisher,GameFit,Publisher Ads.txt,"dauup.com, 43266, DIRECT",dauup.com,43266,DIRECT,,False,False,,,
Dauup Authorization,Publishers Seller ID Tracker,Dauup,Publisher,P & L Studio,Publisher Ads.txt,"dauup.com, 43267, DIRECT",dauup.com,43267,DIRECT,,False,False,,,
Dauup Authorization,Publishers Seller ID Tracker,Dauup,Publisher,Mustard Games Studios,Publisher Ads.txt,"dauup.com, 43268, DIRECT",dauup.com,43268,DIRECT,,False,False,,,
Dauup Authorization,Publishers Seller ID Tracker,Dauup,Publisher,Bravestars Games,Publisher Ads.txt,"dauup.com, 43269, DIRECT",dauup.com,43269,DIRECT,,False,False,,,
Dauup Authorization,Publishers Seller ID Tracker,Dauup,Publisher,Lotum GmbH,Publisher Ads.txt,"dauup.com, 43270, DIRECT",dauup.com,43270,DIRECT,,False,False,,,
Dauup Authorization,Publishers Seller ID Tracker,Dauup,Publisher,storyplay.com,Publisher Ads.txt,"dauup.com, 43271, DIRECT",dauup.com,43271,DIRECT,,False,False,,,
Dauup Authorization,Publishers Seller ID Tracker,Dauup,Publisher,assassinsgames,Publisher Ads.txt,"dauup.com, 43272, DIRECT",dauup.com,43272,DIRECT,,False,False,,,
Dauup Authorization,Publishers Seller ID Tracker,Dauup,Publisher,realchess.club,Publisher Ads.txt,"dauup.com, 43273, DIRECT",dauup.com,43273,DIRECT,,False,False,,,
Dauup Authorization,Publishers Seller ID Tracker,Dauup,Publisher,bfa.lv,Publisher Ads.txt,"dauup.com, 43274, DIRECT",dauup.com,43274,DIRECT,,False,False,,,
Dauup Authorization,Publishers Seller ID Tracker,Dauup,Publisher,aldagames.com,Publisher Ads.txt,"dauup.com, 43275, DIRECT",dauup.com,43275,DIRECT,,False,False,,,
Dauup Authorization,Publishers Seller ID Tracker,Dauup,Publisher,azhar-d5a7e.appspot.com,Publisher Ads.txt,"dauup.com, 43276, DIRECT",dauup.com,43276,DIRECT,,False,False,,,
Dauup Authorization,Publishers Seller ID Tracker,Dauup,Publisher,mynet.games,Publisher Ads.txt,"dauup.com, 43277, DIRECT",dauup.com,43277,DIRECT,,False,False,,,
Dauup Authorization,Publishers Seller ID Tracker,Dauup,Publisher,cuongbeogamestudio.com,Publisher Ads.txt,"dauup.com, 43278, DIRECT",dauup.com,43278,DIRECT,,False,False,,,
Dauup Authorization,Publishers Seller ID Tracker,Dauup,Publisher,append.mobi,Publisher Ads.txt,"dauup.com, 43279, DIRECT",dauup.com,43279,DIRECT,,False,False,,,
Dauup Authorization,Publishers Seller ID Tracker,Dauup,Publisher,crazy-eights-3d-mobile.web.app,Publisher Ads.txt,"dauup.com, 43280, DIRECT",dauup.com,43280,DIRECT,,False,False,,,
Dauup Authorization,Publishers Seller ID Tracker,Dauup,Publisher,conflictfo.com,Publisher Ads.txt,"dauup.com, 43281, DIRECT",dauup.com,43281,DIRECT,,False,False,,,
Dauup Authorization,Publishers Seller ID Tracker,Dauup,Publisher,cheernation.de,Publisher Ads.txt,"dauup.com, 43282, DIRECT",dauup.com,43282,DIRECT,,False,False,,,
Dauup Authorization,Publishers Seller ID Tracker,Dauup,Publisher,brave-knight.com,Publisher Ads.txt,"dauup.com, 43283, DIRECT",dauup.com,43283,DIRECT,,False,False,,,
Dauup Authorization,Publishers Seller ID Tracker,Dauup,Publisher,reface.ai,Publisher Ads.txt,"dauup.com, 43284, DIRECT",dauup.com,43284,DIRECT,,False,False,,,
Dauup Authorization,Publishers Seller ID Tracker,Dauup,Publisher,brawl-memes.vercel.app,Publisher Ads.txt,"dauup.com, 43285, DIRECT",dauup.com,43285,DIRECT,,False,False,,,
Dauup Authorization,Publishers Seller ID Tracker,Dauup,Publisher,crochetstudio.co.uk,Publisher Ads.txt,"dauup.com, 43286, DIRECT",dauup.com,43286,DIRECT,,False,False,,,
Dauup Authorization,Publishers Seller ID Tracker,Dauup,Publisher,2dtoe.com,Publisher Ads.txt,"dauup.com, 43287, DIRECT",dauup.com,43287,DIRECT,,False,False,,,
Dauup Authorization,Publishers Seller ID Tracker,Dauup,Publisher,appventurestudio.com,Publisher Ads.txt,"dauup.com, 43288, DIRECT",dauup.com,43288,DIRECT,,False,False,,,
Dauup Authorization,Publishers Seller ID Tracker,Dauup,Publisher,casinohaus.com,Publisher Ads.txt,"dauup.com, 43289, DIRECT",dauup.com,43289,DIRECT,,False,False,,,
Dauup Authorization,Publishers Seller ID Tracker,Dauup,Publisher,adaric.com,Publisher Ads.txt,"dauup.com, 43290, DIRECT",dauup.com,43290,DIRECT,,False,False,,,
Dauup Authorization,Publishers Seller ID Tracker,Dauup,Publisher,blueapps.co.jp,Publisher Ads.txt,"dauup.com, 43291, DIRECT",dauup.com,43291,DIRECT,,False,False,,,
Dauup Authorization,Publishers Seller ID Tracker,Dauup,Publisher,twibbonize.com,Publisher Ads.txt,"dauup.com, 43292, DIRECT",dauup.com,43292,DIRECT,,False,False,,,
Dauup Authorization,Publishers Seller ID Tracker,Dauup,Publisher,primecoregames.com,Publisher Ads.txt,"dauup.com, 43293, DIRECT",dauup.com,43293,DIRECT,,False,False,,,
Dauup Authorization,Publishers Seller ID Tracker,Dauup,Publisher,aeriacanada.com,Publisher Ads.txt,"dauup.com, 43294, DIRECT",dauup.com,43294,DIRECT,,False,False,,,
Dauup Authorization,Publishers Seller ID Tracker,Dauup,Publisher,banaka.in,Publisher Ads.txt,"dauup.com, 43295, DIRECT",dauup.com,43295,DIRECT,,False,False,,,
Dauup Authorization,Publishers Seller ID Tracker,Dauup,Publisher,ai-camera.app,Publisher Ads.txt,"dauup.com, 43296, DIRECT",dauup.com,43296,DIRECT,,False,False,,,
Dauup Authorization,Publishers Seller ID Tracker,Dauup,Publisher,Happy Giggles,Publisher Ads.txt,"dauup.com, 43297, DIRECT",dauup.com,43297,DIRECT,,False,False,,,
Dauup Authorization,Publishers Seller ID Tracker,Dauup,Publisher,AI Dreamweaver,Publisher Ads.txt,"dauup.com, 43298, DIRECT",dauup.com,43298,DIRECT,,False,False,,,
Dauup Authorization,Publishers Seller ID Tracker,Dauup,Publisher,GAM Mobile App,Publisher Ads.txt,"dauup.com, 43299, DIRECT",dauup.com,43299,DIRECT,,False,False,,,
Dauup Authorization,Publishers Seller ID Tracker,Dauup,Publisher,Custom Themes for Android Apps,Publisher Ads.txt,"dauup.com, 43300, DIRECT",dauup.com,43300,DIRECT,,False,False,,,
Dauup Authorization,Publishers Seller ID Tracker,Dauup,Publisher,SfantasticGames,Publisher Ads.txt,"dauup.com, 43301, DIRECT",dauup.com,43301,DIRECT,,False,False,,,
Dauup Authorization,Publishers Seller ID Tracker,Dauup,Publisher,Big Cat Studio - we make brain games,Publisher Ads.txt,"dauup.com, 43302, DIRECT",dauup.com,43302,DIRECT,,False,False,,,
Dauup Authorization,Publishers Seller ID Tracker,Dauup,Publisher,Quiz & Trivia Games by Mno Go Apps,Publisher Ads.txt,"dauup.com, 43303, DIRECT",dauup.com,43303,DIRECT,,False,False,,,
Dauup Authorization,Publishers Seller ID Tracker,Dauup,Publisher,Cerebellium Apps,Publisher Ads.txt,"dauup.com, 43304, DIRECT",dauup.com,43304,DIRECT,,False,False,,,
Dauup Authorization,Publishers Seller ID Tracker,Dauup,Publisher,Fun Coloring World,Publisher Ads.txt,"dauup.com, 43305, DIRECT",dauup.com,43305,DIRECT,,False,False,,,
Dauup Authorization,Publishers Seller ID Tracker,Dauup,Publisher,BIG CAKE GROUP LIMITED,Publisher Ads.txt,"dauup.com, 43306, DIRECT",dauup.com,43306,DIRECT,,False,False,,,
Dauup Authorization,Publishers Seller ID Tracker,Dauup,Publisher,Broken Diamond,Publisher Ads.txt,"dauup.com, 43307, DIRECT",dauup.com,43307,DIRECT,,False,False,,,
Dauup Authorization,Publishers Seller ID Tracker,Dauup,Publisher,sonca.io,Publisher Ads.txt,"dauup.com, 43308, DIRECT",dauup.com,43308,DIRECT,,False,False,,,
Dauup Authorization,Publishers Seller ID Tracker,Dauup,Publisher,blyts.com,Publisher Ads.txt,"dauup.com, 43309, DIRECT",dauup.com,43309,DIRECT,,False,False,,,
Dauup Authorization,Publishers Seller ID Tracker,Dauup,Publisher,blockanet.com,Publisher Ads.txt,"dauup.com, 43310, DIRECT",dauup.com,43310,DIRECT,,False,False,,,
Dauup Authorization,Publishers Seller ID Tracker,Dauup,Publisher,ajaxsoftmobile.com,Publisher Ads.txt,"dauup.com, 43311, DIRECT",dauup.com,43311,DIRECT,,False,False,,,
Dauup Authorization,Publishers Seller ID Tracker,Dauup,Publisher,2happy.net,Publisher Ads.txt,"dauup.com, 43312, DIRECT",dauup.com,43312,DIRECT,,False,False,,,
Dauup Authorization,Publishers Seller ID Tracker,Dauup,Publisher,coldfiregames.com,Publisher Ads.txt,"dauup.com, 43313, DIRECT",dauup.com,43313,DIRECT,,False,False,,,
Dauup Authorization,Publishers Seller ID Tracker,Dauup,Publisher,coldfiregames.com,Publisher Ads.txt,"dauup.com, 43314, DIRECT",dauup.com,43314,DIRECT,,False,False,,,
Dauup Authorization,Publishers Seller ID Tracker,Dauup,Publisher,alsultan.vip,Publisher Ads.txt,"dauup.com, 43315, DIRECT",dauup.com,43315,DIRECT,,False,False,,,
Dauup Authorization,Publishers Seller ID Tracker,Dauup,Publisher,appstarsbiblia.com.br,Publisher Ads.txt,"dauup.com, 43316, DIRECT",dauup.com,43316,DIRECT,,False,False,,,
Dauup Authorization,Publishers Seller ID Tracker,Dauup,Publisher,bugbomb.games,Publisher Ads.txt,"dauup.com, 43317, DIRECT",dauup.com,43317,DIRECT,,False,False,,,
Dauup Authorization,Publishers Seller ID Tracker,Dauup,Publisher,allstargames.io,Publisher Ads.txt,"dauup.com, 43318, DIRECT",dauup.com,43318,DIRECT,,False,False,,,
Dauup Authorization,Publishers Seller ID Tracker,Dauup,Publisher,anonymous-videochat.com,Publisher Ads.txt,"dauup.com, 43319, DIRECT",dauup.com,43319,DIRECT,,False,False,,,
Dauup Authorization,Publishers Seller ID Tracker,Dauup,Publisher,alfred.camera,Publisher Ads.txt,"dauup.com, 43320, DIRECT",dauup.com,43320,DIRECT,,False,False,,,
Dauup Authorization,Publishers Seller ID Tracker,Dauup,Publisher,eupgroup.net,Publisher Ads.txt,"dauup.com, 43321, DIRECT",dauup.com,43321,DIRECT,,False,False,,,
Dauup Authorization,Publishers Seller ID Tracker,Dauup,Publisher,braingames.net,Publisher Ads.txt,"dauup.com, 43322, DIRECT",dauup.com,43322,DIRECT,,False,False,,,
Dauup Authorization,Publishers Seller ID Tracker,Dauup,Publisher,appintelstudios.com,Publisher Ads.txt,"dauup.com, 43323, DIRECT",dauup.com,43323,DIRECT,,False,False,,,
Dauup Authorization,Publishers Seller ID Tracker,Dauup,Publisher,boostvision.github.io,Publisher Ads.txt,"dauup.com, 43324, DIRECT",dauup.com,43324,DIRECT,,False,False,,,
Dauup Authorization,Publishers Seller ID Tracker,Dauup,Publisher,dailyfreerewards.com,Publisher Ads.txt,"dauup.com, 43325, DIRECT",dauup.com,43325,DIRECT,,False,False,,,
Dauup Authorization,Publishers Seller ID Tracker,Dauup,Publisher,bikroy.com,Publisher Ads.txt,"dauup.com, 43326, DIRECT",dauup.com,43326,DIRECT,,False,False,,,
Dauup Authorization,Publishers Seller ID Tracker,Dauup,Publisher,beemove.fr,Publisher Ads.txt,"dauup.com, 43327, DIRECT",dauup.com,43327,DIRECT,,False,False,,,
Dauup Authorization,Publishers Seller ID Tracker,Dauup,Publisher,bad-monkey.biz,Publisher Ads.txt,"dauup.com, 43328, DIRECT",dauup.com,43328,DIRECT,,False,False,,,
Dauup Authorization,Publishers Seller ID Tracker,Dauup,Publisher,deluxeware.com,Publisher Ads.txt,"dauup.com, 43329, DIRECT",dauup.com,43329,DIRECT,,False,False,,,
Dauup Authorization,Publishers Seller ID Tracker,Dauup,Publisher,Sebby Games,Publisher Ads.txt,"dauup.com, 43330, DIRECT",dauup.com,43330,DIRECT,,False,False,,,
Dauup Authorization,Publishers Seller ID Tracker,Dauup,Publisher,BigMelon Studio,Publisher Ads.txt,"dauup.com, 43331, DIRECT",dauup.com,43331,DIRECT,,False,False,,,
Dauup Authorization,Publishers Seller ID Tracker,Dauup,Publisher,Hatici Video Downloader Apps,Publisher Ads.txt,"dauup.com, 43332, DIRECT",dauup.com,43332,DIRECT,,False,False,,,
Dauup Authorization,Publishers Seller ID Tracker,Dauup,Publisher,Hutch Games,Publisher Ads.txt,"dauup.com, 43333, DIRECT",dauup.com,43333,DIRECT,,False,False,,,
Dauup Authorization,Publishers Seller ID Tracker,Dauup,Publisher,Magic Word Games,Publisher Ads.txt,"dauup.com, 43334, DIRECT",dauup.com,43334,DIRECT,,False,False,,,
Dauup Authorization,Publishers Seller ID Tracker,Dauup,Publisher,By Aliens L.L.C - F.Z,Publisher Ads.txt,"dauup.com, 43335, DIRECT",dauup.com,43335,DIRECT,,False,False,,,
Dauup Authorization,Publishers Seller ID Tracker,Dauup,Publisher,StormHit Games,Publisher Ads.txt,"dauup.com, 43336, DIRECT",dauup.com,43336,DIRECT,,False,False,,,
Dauup Authorization,Publishers Seller ID Tracker,Dauup,Publisher,Multi Robot Games,Publisher Ads.txt,"dauup.com, 43337, DIRECT",dauup.com,43337,DIRECT,,False,False,,,
Dauup Authorization,Publishers Seller ID Tracker,Dauup,Publisher,Yarsa Games,Publisher Ads.txt,"dauup.com, 43338, DIRECT",dauup.com,43338,DIRECT,,False,False,,,
Dauup Authorization,Publishers Seller ID Tracker,Dauup,Publisher,"Playlabs, LLC",Publisher Ads.txt,"dauup.com, 43339, DIRECT",dauup.com,43339,DIRECT,,False,False,,,
Dauup Authorization,Publishers Seller ID Tracker,Dauup,Publisher,Play Cool Zombie Sport Games,Publisher Ads.txt,"dauup.com, 43340, DIRECT",dauup.com,43340,DIRECT,,False,False,,,
Dauup Authorization,Publishers Seller ID Tracker,Dauup,Publisher,360 Tool,Publisher Ads.txt,"dauup.com, 43341, DIRECT",dauup.com,43341,DIRECT,,False,False,,,
Dauup Authorization,Publishers Seller ID Tracker,Dauup,Publisher,English Checkers,Publisher Ads.txt,"dauup.com, 43342, DIRECT",dauup.com,43342,DIRECT,,False,False,,,
Dauup Authorization,Publishers Seller ID Tracker,Dauup,Publisher,Long Time No See Game Studio,Publisher Ads.txt,"dauup.com, 43343, DIRECT",dauup.com,43343,DIRECT,,False,False,,,
Dauup Authorization,Publishers Seller ID Tracker,Dauup,Publisher,Mentha Games,Publisher Ads.txt,"dauup.com, 43344, DIRECT",dauup.com,43344,DIRECT,,False,False,,,
Dauup Authorization,Publishers Seller ID Tracker,Dauup,Publisher,RedFish Games,Publisher Ads.txt,"dauup.com, 43345, DIRECT",dauup.com,43345,DIRECT,,False,False,,,
Dauup Authorization,Publishers Seller ID Tracker,Dauup,Publisher,Match 3 Fun Games,Publisher Ads.txt,"dauup.com, 43346, DIRECT",dauup.com,43346,DIRECT,,False,False,,,
Dauup Authorization,Publishers Seller ID Tracker,Dauup,Publisher,BOLD CAT,Publisher Ads.txt,"dauup.com, 43347, DIRECT",dauup.com,43347,DIRECT,,False,False,,,
Dauup Authorization,Publishers Seller ID Tracker,Dauup,Publisher,Dreamon Studios,Publisher Ads.txt,"dauup.com, 43348, DIRECT",dauup.com,43348,DIRECT,,False,False,,,
Dauup Authorization,Publishers Seller ID Tracker,Dauup,Publisher,BattleLab,Publisher Ads.txt,"dauup.com, 43349, DIRECT",dauup.com,43349,DIRECT,,False,False,,,
Dauup Authorization,Publishers Seller ID Tracker,Dauup,Publisher,"Funsy Apps, fun and easy games and drawing apps",Publisher Ads.txt,"dauup.com, 43350, DIRECT",dauup.com,43350,DIRECT,,False,False,,,
Dauup Authorization,Publishers Seller ID Tracker,Dauup,Publisher,Virtual Entertainment Studio,Publisher Ads.txt,"dauup.com, 43351, DIRECT",dauup.com,43351,DIRECT,,False,False,,,
Dauup Authorization,Publishers Seller ID Tracker,Dauup,Publisher,Gimica GmbH,Publisher Ads.txt,"dauup.com, 43352, DIRECT",dauup.com,43352,DIRECT,,False,False,,,
Dauup Authorization,Publishers Seller ID Tracker,Dauup,Publisher,ToTee Global,Publisher Ads.txt,"dauup.com, 43353, DIRECT",dauup.com,43353,DIRECT,,False,False,,,
Dauup Authorization,Publishers Seller ID Tracker,Dauup,Publisher,EKGAMES,Publisher Ads.txt,"dauup.com, 43354, DIRECT",dauup.com,43354,DIRECT,,False,False,,,
Dauup Authorization,Publishers Seller ID Tracker,Dauup,Publisher,ChaloApps,Publisher Ads.txt,"dauup.com, 43355, DIRECT",dauup.com,43355,DIRECT,,False,False,,,
Dauup Authorization,Publishers Seller ID Tracker,Dauup,Publisher,MOBILE SOCCER,Publisher Ads.txt,"dauup.com, 43356, DIRECT",dauup.com,43356,DIRECT,,False,False,,,
Dauup Authorization,Publishers Seller ID Tracker,Dauup,Publisher,Bubblescapes,Publisher Ads.txt,"dauup.com, 43357, DIRECT",dauup.com,43357,DIRECT,,False,False,,,
Dauup Authorization,Publishers Seller ID Tracker,Dauup,Publisher,Mobileguru,Publisher Ads.txt,"dauup.com, 43358, DIRECT",dauup.com,43358,DIRECT,,False,False,,,
Dauup Authorization,Publishers Seller ID Tracker,Dauup,Publisher,xinzouzhang,Publisher Ads.txt,"dauup.com, 43359, DIRECT",dauup.com,43359,DIRECT,,False,False,,,
Dauup Authorization,Publishers Seller ID Tracker,Dauup,Publisher,Five Aces Publishing Ltd.,Publisher Ads.txt,"dauup.com, 43360, DIRECT",dauup.com,43360,DIRECT,,False,False,,,
Dauup Authorization,Publishers Seller ID Tracker,Dauup,Publisher,"Flyyes, Inc.",Publisher Ads.txt,"dauup.com, 43361, DIRECT",dauup.com,43361,DIRECT,,False,False,,,
Dauup Authorization,Publishers Seller ID Tracker,Dauup,Publisher,Azerion Casual,Publisher Ads.txt,"dauup.com, 43362, DIRECT",dauup.com,43362,DIRECT,,False,False,,,
Dauup Authorization,Publishers Seller ID Tracker,Dauup,Publisher,EzOs,Publisher Ads.txt,"dauup.com, 43363, DIRECT",dauup.com,43363,DIRECT,,False,False,,,
Dauup Authorization,Publishers Seller ID Tracker,Dauup,Publisher,Raiyumi,Publisher Ads.txt,"dauup.com, 43364, DIRECT",dauup.com,43364,DIRECT,,False,False,,,
Dauup Authorization,Publishers Seller ID Tracker,Dauup,Publisher,Pleasure City,Publisher Ads.txt,"dauup.com, 43365, DIRECT",dauup.com,43365,DIRECT,,False,False,,,
Dauup Authorization,Publishers Seller ID Tracker,Dauup,Publisher,Zin Games,Publisher Ads.txt,"dauup.com, 43366, DIRECT",dauup.com,43366,DIRECT,,False,False,,,
Dauup Authorization,Publishers Seller ID Tracker,Dauup,Publisher,Z & K Games,Publisher Ads.txt,"dauup.com, 43367, DIRECT",dauup.com,43367,DIRECT,,False,False,,,
Dauup Authorization,Publishers Seller ID Tracker,Dauup,Publisher,Desert Safari Studios,Publisher Ads.txt,"dauup.com, 43368, DIRECT",dauup.com,43368,DIRECT,,False,False,,,
Dauup Authorization,Publishers Seller ID Tracker,Dauup,Publisher,Virtua Games - Jogo de Moto e Carro - Bike Games,Publisher Ads.txt,"dauup.com, 43369, DIRECT",dauup.com,43369,DIRECT,,False,False,,,
Dauup Authorization,Publishers Seller ID Tracker,Dauup,Publisher,MediBang Inc.,Publisher Ads.txt,"dauup.com, 43370, DIRECT",dauup.com,43370,DIRECT,,False,False,,,
Dauup Authorization,Publishers Seller ID Tracker,Dauup,Publisher,driftnolimit.com,Publisher Ads.txt,"dauup.com, 43371, DIRECT",dauup.com,43371,DIRECT,,False,False,,,
Dauup Authorization,Publishers Seller ID Tracker,Dauup,Publisher,smoregames.com,Publisher Ads.txt,"dauup.com, 43372, DIRECT",dauup.com,43372,DIRECT,,False,False,,,
Dauup Authorization,Publishers Seller ID Tracker,Dauup,Publisher,cikcik.app,Publisher Ads.txt,"dauup.com, 43373, DIRECT",dauup.com,43373,DIRECT,,False,False,,,
Dauup Authorization,Publishers Seller ID Tracker,Dauup,Publisher,dvaoruapps.web.app,Publisher Ads.txt,"dauup.com, 43374, DIRECT",dauup.com,43374,DIRECT,,False,False,,,
Dauup Authorization,Publishers Seller ID Tracker,Dauup,Publisher,casualpunch.com,Publisher Ads.txt,"dauup.com, 43375, DIRECT",dauup.com,43375,DIRECT,,False,False,,,
Dauup Authorization,Publishers Seller ID Tracker,Dauup,Publisher,brainimpulse.me,Publisher Ads.txt,"dauup.com, 43376, DIRECT",dauup.com,43376,DIRECT,,False,False,,,
Dauup Authorization,Publishers Seller ID Tracker,Dauup,Publisher,eagle-developers.com,Publisher Ads.txt,"dauup.com, 43377, DIRECT",dauup.com,43377,DIRECT,,False,False,,,
Dauup Authorization,Publishers Seller ID Tracker,Dauup,Publisher,dozsurvival.com,Publisher Ads.txt,"dauup.com, 43378, DIRECT",dauup.com,43378,DIRECT,,False,False,,,
Dauup Authorization,Publishers Seller ID Tracker,Dauup,Publisher,dozsurvival.com,Publisher Ads.txt,"dauup.com, 43379, DIRECT",dauup.com,43379,DIRECT,,False,False,,,
Dauup Authorization,Publishers Seller ID Tracker,Dauup,Publisher,wikitrivia.vermilion-apps.com,Publisher Ads.txt,"dauup.com, 43380, DIRECT",dauup.com,43380,DIRECT,,False,False,,,
Dauup Authorization,Publishers Seller ID Tracker,Dauup,Publisher,aljuda-services.com,Publisher Ads.txt,"dauup.com, 43381, DIRECT",dauup.com,43381,DIRECT,,False,False,,,
Dauup Authorization,Publishers Seller ID Tracker,Dauup,Publisher,balkanboymedia.com,Publisher Ads.txt,"dauup.com, 43382, DIRECT",dauup.com,43382,DIRECT,,False,False,,,
Dauup Authorization,Publishers Seller ID Tracker,Dauup,Publisher,en.dwgfastview.com,Publisher Ads.txt,"dauup.com, 43383, DIRECT",dauup.com,43383,DIRECT,,False,False,,,
Dauup Authorization,Publishers Seller ID Tracker,Dauup,Publisher,cn-studio.com,Publisher Ads.txt,"dauup.com, 43384, DIRECT",dauup.com,43384,DIRECT,,False,False,,,
Dauup Authorization,Publishers Seller ID Tracker,Dauup,Publisher,mkt-apps.com,Publisher Ads.txt,"dauup.com, 43385, DIRECT",dauup.com,43385,DIRECT,,False,False,,,
Dauup Authorization,Publishers Seller ID Tracker,Dauup,Publisher,combineinc.com,Publisher Ads.txt,"dauup.com, 43386, DIRECT",dauup.com,43386,DIRECT,,False,False,,,
Dauup Authorization,Publishers Seller ID Tracker,Dauup,Publisher,atiliko.info,Publisher Ads.txt,"dauup.com, 43387, DIRECT",dauup.com,43387,DIRECT,,False,False,,,
Dauup Authorization,Publishers Seller ID Tracker,Dauup,Publisher,artoongames.com,Publisher Ads.txt,"dauup.com, 43388, DIRECT",dauup.com,43388,DIRECT,,False,False,,,
Dauup Authorization,Publishers Seller ID Tracker,Dauup,Publisher,darkbit.xyz,Publisher Ads.txt,"dauup.com, 43389, DIRECT",dauup.com,43389,DIRECT,,False,False,,,
Dauup Authorization,Publishers Seller ID Tracker,Dauup,Publisher,exordiumgames.com,Publisher Ads.txt,"dauup.com, 43390, DIRECT",dauup.com,43390,DIRECT,,False,False,,,
Dauup Authorization,Publishers Seller ID Tracker,Dauup,Publisher,tviplayer.iol.pt,Publisher Ads.txt,"dauup.com, 43391, DIRECT",dauup.com,43391,DIRECT,,False,False,,,
Dauup Authorization,Publishers Seller ID Tracker,Dauup,Publisher,blackcandy.io,Publisher Ads.txt,"dauup.com, 43392, DIRECT",dauup.com,43392,DIRECT,,False,False,,,
Dauup Authorization,Publishers Seller ID Tracker,Dauup,Publisher,deutschefreunde.com,Publisher Ads.txt,"dauup.com, 43393, DIRECT",dauup.com,43393,DIRECT,,False,False,,,
Dauup Authorization,Publishers Seller ID Tracker,Dauup,Publisher,crazymaplestudios.com,Publisher Ads.txt,"dauup.com, 43394, DIRECT",dauup.com,43394,DIRECT,,False,False,,,
Dauup Authorization,Publishers Seller ID Tracker,Dauup,Publisher,3beestudio.com,Publisher Ads.txt,"dauup.com, 43395, DIRECT",dauup.com,43395,DIRECT,,False,False,,,
Dauup Authorization,Publishers Seller ID Tracker,Dauup,Publisher,crickitools.web.app,Publisher Ads.txt,"dauup.com, 43396, DIRECT",dauup.com,43396,DIRECT,,False,False,,,
Dauup Authorization,Publishers Seller ID Tracker,Dauup,Publisher,coolplay.io,Publisher Ads.txt,"dauup.com, 43397, DIRECT",dauup.com,43397,DIRECT,,False,False,,,
Dauup Authorization,Publishers Seller ID Tracker,Dauup,Publisher,barows.co.jp,Publisher Ads.txt,"dauup.com, 43398, DIRECT",dauup.com,43398,DIRECT,,False,False,,,
Dauup Authorization,Publishers Seller ID Tracker,Dauup,Publisher,castryve.com,Publisher Ads.txt,"dauup.com, 43399, DIRECT",dauup.com,43399,DIRECT,,False,False,,,
Dauup Authorization,Publishers Seller ID Tracker,Dauup,Publisher,combo-it.com,Publisher Ads.txt,"dauup.com, 43400, DIRECT",dauup.com,43400,DIRECT,,False,False,,,
Dauup Authorization,Publishers Seller ID Tracker,Dauup,Publisher,1v1.lol,Publisher Ads.txt,"dauup.com, 43401, DIRECT",dauup.com,43401,DIRECT,,False,False,,,
Dauup Authorization,Publishers Seller ID Tracker,Dauup,Publisher,caglargames.com,Publisher Ads.txt,"dauup.com, 43402, DIRECT",dauup.com,43402,DIRECT,,False,False,,,
Dauup Authorization,Publishers Seller ID Tracker,Dauup,Publisher,between.us,Publisher Ads.txt,"dauup.com, 43403, DIRECT",dauup.com,43403,DIRECT,,False,False,,,
Dauup Authorization,Publishers Seller ID Tracker,Dauup,Publisher,championshipquest.com,Publisher Ads.txt,"dauup.com, 43404, DIRECT",dauup.com,43404,DIRECT,,False,False,,,
Dauup Authorization,Publishers Seller ID Tracker,Dauup,Publisher,ddream.games,Publisher Ads.txt,"dauup.com, 43405, DIRECT",dauup.com,43405,DIRECT,,False,False,,,
Dauup Authorization,Publishers Seller ID Tracker,Dauup,Publisher,a1office.co,Publisher Ads.txt,"dauup.com, 43406, DIRECT",dauup.com,43406,DIRECT,,False,False,,,
Dauup Authorization,Publishers Seller ID Tracker,Dauup,Publisher,droid-fun.com,Publisher Ads.txt,"dauup.com, 43407, DIRECT",dauup.com,43407,DIRECT,,False,False,,,
Dauup Authorization,Publishers Seller ID Tracker,Dauup,Publisher,alpergames.com,Publisher Ads.txt,"dauup.com, 43408, DIRECT",dauup.com,43408,DIRECT,,False,False,,,
Dauup Authorization,Publishers Seller ID Tracker,Dauup,Publisher,degucigames.com,Publisher Ads.txt,"dauup.com, 43409, DIRECT",dauup.com,43409,DIRECT,,False,False,,,
Dauup Authorization,Publishers Seller ID Tracker,Dauup,Publisher,prizes.gamee.com,Publisher Ads.txt,"dauup.com, 43410, DIRECT",dauup.com,43410,DIRECT,,False,False,,,
Dauup Authorization,Publishers Seller ID Tracker,Dauup,Publisher,ROCKET SUCCEED TOGETHER,Publisher Ads.txt,"dauup.com, 43411, DIRECT",dauup.com,43411,DIRECT,,False,False,,,
Dauup Authorization,Publishers Seller ID Tracker,Dauup,Publisher,Ruslan Chetverikov - Driving & Police Games,Publisher Ads.txt,"dauup.com, 43412, DIRECT",dauup.com,43412,DIRECT,,False,False,,,
Dauup Authorization,Publishers Seller ID Tracker,Dauup,Publisher,Apps Mobile Games,Publisher Ads.txt,"dauup.com, 43413, DIRECT",dauup.com,43413,DIRECT,,False,False,,,
Dauup Authorization,Publishers Seller ID Tracker,Dauup,Publisher,Lion Studios Plus,Publisher Ads.txt,"dauup.com, 43414, DIRECT",dauup.com,43414,DIRECT,,False,False,,,
Dauup Authorization,Publishers Seller ID Tracker,Dauup,Publisher,AppOn Innovate,Publisher Ads.txt,"dauup.com, 43415, DIRECT",dauup.com,43415,DIRECT,,False,False,,,
Dauup Authorization,Publishers Seller ID Tracker,Dauup,Publisher,Blockman GO studio,Publisher Ads.txt,"dauup.com, 43416, DIRECT",dauup.com,43416,DIRECT,,False,False,,,
Dauup Authorization,Publishers Seller ID Tracker,Dauup,Publisher,Glow Games Studio,Publisher Ads.txt,"dauup.com, 43417, DIRECT",dauup.com,43417,DIRECT,,False,False,,,
Dauup Authorization,Publishers Seller ID Tracker,Dauup,Publisher,PlayFlock,Publisher Ads.txt,"dauup.com, 43418, DIRECT",dauup.com,43418,DIRECT,,False,False,,,
Dauup Authorization,Publishers Seller ID Tracker,Dauup,Publisher,Orbit Games Pvt Ltd,Publisher Ads.txt,"dauup.com, 43419, DIRECT",dauup.com,43419,DIRECT,,False,False,,,
Dauup Authorization,Publishers Seller ID Tracker,Dauup,Publisher,TerranDroid,Publisher Ads.txt,"dauup.com, 43420, DIRECT",dauup.com,43420,DIRECT,,False,False,,,
Dauup Authorization,Publishers Seller ID Tracker,Dauup,Publisher,Six Horror MOD,Publisher Ads.txt,"dauup.com, 43421, DIRECT",dauup.com,43421,DIRECT,,False,False,,,
Dauup Authorization,Publishers Seller ID Tracker,Dauup,Publisher,TarrySoft,Publisher Ads.txt,"dauup.com, 43422, DIRECT",dauup.com,43422,DIRECT,,False,False,,,
Dauup Authorization,Publishers Seller ID Tracker,Dauup,Publisher,"Fruit Puzzle Games, Ltd.",Publisher Ads.txt,"dauup.com, 43423, DIRECT",dauup.com,43423,DIRECT,,False,False,,,
Dauup Authorization,Publishers Seller ID Tracker,Dauup,Publisher,HAPPY TAPPY STUDIO,Publisher Ads.txt,"dauup.com, 43424, DIRECT",dauup.com,43424,DIRECT,,False,False,,,
Dauup Authorization,Publishers Seller ID Tracker,Dauup,Publisher,Ostentus Apps,Publisher Ads.txt,"dauup.com, 43425, DIRECT",dauup.com,43425,DIRECT,,False,False,,,
Dauup Authorization,Publishers Seller ID Tracker,Dauup,Publisher,GetItDone,Publisher Ads.txt,"dauup.com, 43426, DIRECT",dauup.com,43426,DIRECT,,False,False,,,
Dauup Authorization,Publishers Seller ID Tracker,Dauup,Publisher,SolitaireBit Studio,Publisher Ads.txt,"dauup.com, 43427, DIRECT",dauup.com,43427,DIRECT,,False,False,,,
Dauup Authorization,Publishers Seller ID Tracker,Dauup,Publisher,Prophecy Games Studios,Publisher Ads.txt,"dauup.com, 43428, DIRECT",dauup.com,43428,DIRECT,,False,False,,,
Dauup Authorization,Publishers Seller ID Tracker,Dauup,Publisher,RabbitStudio,Publisher Ads.txt,"dauup.com, 43429, DIRECT",dauup.com,43429,DIRECT,,False,False,,,
Dauup Authorization,Publishers Seller ID Tracker,Dauup,Publisher,tap tap times,Publisher Ads.txt,"dauup.com, 43430, DIRECT",dauup.com,43430,DIRECT,,False,False,,,
Dauup Authorization,Publishers Seller ID Tracker,Dauup,Publisher,Baros Software Ltd,Publisher Ads.txt,"dauup.com, 43431, DIRECT",dauup.com,43431,DIRECT,,False,False,,,
Dauup Authorization,Publishers Seller ID Tracker,Dauup,Publisher,supermt,Publisher Ads.txt,"dauup.com, 43432, DIRECT",dauup.com,43432,DIRECT,,False,False,,,
Dauup Authorization,Publishers Seller ID Tracker,Dauup,Publisher,AURORA STUDIOS,Publisher Ads.txt,"dauup.com, 43433, DIRECT",dauup.com,43433,DIRECT,,False,False,,,
Dauup Authorization,Publishers Seller ID Tracker,Dauup,Publisher,Rasu Games,Publisher Ads.txt,"dauup.com, 43434, DIRECT",dauup.com,43434,DIRECT,,False,False,,,
Dauup Authorization,Publishers Seller ID Tracker,Dauup,Publisher,Big Glock Studio,Publisher Ads.txt,"dauup.com, 43435, DIRECT",dauup.com,43435,DIRECT,,False,False,,,
Dauup Authorization,Publishers Seller ID Tracker,Dauup,Publisher,DonkeyCat GmbH,Publisher Ads.txt,"dauup.com, 43436, DIRECT",dauup.com,43436,DIRECT,,False,False,,,
Dauup Authorization,Publishers Seller ID Tracker,Dauup,Publisher,Chess Prince,Publisher Ads.txt,"dauup.com, 43437, DIRECT",dauup.com,43437,DIRECT,,False,False,,,
Dauup Authorization,Publishers Seller ID Tracker,Dauup,Publisher,Fancy Games Studio,Publisher Ads.txt,"dauup.com, 43438, DIRECT",dauup.com,43438,DIRECT,,False,False,,,
Dauup Authorization,Publishers Seller ID Tracker,Dauup,Publisher,Leopard V7,Publisher Ads.txt,"dauup.com, 43439, DIRECT",dauup.com,43439,DIRECT,,False,False,,,
Dauup Authorization,Publishers Seller ID Tracker,Dauup,Publisher,Horomax,Publisher Ads.txt,"dauup.com, 43440, DIRECT",dauup.com,43440,DIRECT,,False,False,,,
Dauup Authorization,Publishers Seller ID Tracker,Dauup,Publisher,gameone,Publisher Ads.txt,"dauup.com, 43441, DIRECT",dauup.com,43441,DIRECT,,False,False,,,
Dauup Authorization,Publishers Seller ID Tracker,Dauup,Publisher,iGene,Publisher Ads.txt,"dauup.com, 43442, DIRECT",dauup.com,43442,DIRECT,,False,False,,,
Dauup Authorization,Publishers Seller ID Tracker,Dauup,Publisher,Keplerians Horror Games,Publisher Ads.txt,"dauup.com, 43443, DIRECT",dauup.com,43443,DIRECT,,False,False,,,
Dauup Authorization,Publishers Seller ID Tracker,Dauup,Publisher,Great Arcade Games,Publisher Ads.txt,"dauup.com, 43444, DIRECT",dauup.com,43444,DIRECT,,False,False,,,
Dauup Authorization,Publishers Seller ID Tracker,Dauup,Publisher,ORANGE GAME,Publisher Ads.txt,"dauup.com, 43445, DIRECT",dauup.com,43445,DIRECT,,False,False,,,
Dauup Authorization,Publishers Seller ID Tracker,Dauup,Publisher,Color Joy,Publisher Ads.txt,"dauup.com, 43446, DIRECT",dauup.com,43446,DIRECT,,False,False,,,
Dauup Authorization,Publishers Seller ID Tracker,Dauup,Publisher,Code Seven Studio,Publisher Ads.txt,"dauup.com, 43447, DIRECT",dauup.com,43447,DIRECT,,False,False,,,
Dauup Authorization,Publishers Seller ID Tracker,Dauup,Publisher,Kolb Apps,Publisher Ads.txt,"dauup.com, 43448, DIRECT",dauup.com,43448,DIRECT,,False,False,,,
Dauup Authorization,Publishers Seller ID Tracker,Dauup,Publisher,Oreon Studios,Publisher Ads.txt,"dauup.com, 43449, DIRECT",dauup.com,43449,DIRECT,,False,False,,,
Dauup Authorization,Publishers Seller ID Tracker,Dauup,Publisher,Smart AI DEV,Publisher Ads.txt,"dauup.com, 43450, DIRECT",dauup.com,43450,DIRECT,,False,False,,,
Dauup Authorization,Publishers Seller ID Tracker,Dauup,Publisher,Cyperus Studio,Publisher Ads.txt,"dauup.com, 43451, DIRECT",dauup.com,43451,DIRECT,,False,False,,,
Dauup Authorization,Publishers Seller ID Tracker,Dauup,Publisher,Africa Sunrise,Publisher Ads.txt,"dauup.com, 43452, DIRECT",dauup.com,43452,DIRECT,,False,False,,,
Dauup Authorization,Publishers Seller ID Tracker,Dauup,Publisher,Audiosdroid OU,Publisher Ads.txt,"dauup.com, 43453, DIRECT",dauup.com,43453,DIRECT,,False,False,,,
Dauup Authorization,Publishers Seller ID Tracker,Dauup,Publisher,Sweetener,Publisher Ads.txt,"dauup.com, 43454, DIRECT",dauup.com,43454,DIRECT,,False,False,,,
Dauup Authorization,Publishers Seller ID Tracker,Dauup,Publisher,GAMEXIS,Publisher Ads.txt,"dauup.com, 43455, DIRECT",dauup.com,43455,DIRECT,,False,False,,,
Dauup Authorization,Publishers Seller ID Tracker,Dauup,Publisher,IGG.COM,Publisher Ads.txt,"dauup.com, 43456, DIRECT",dauup.com,43456,DIRECT,,False,False,,,
Dauup Authorization,Publishers Seller ID Tracker,Dauup,Publisher,Burbuja Games,Publisher Ads.txt,"dauup.com, 43457, DIRECT",dauup.com,43457,DIRECT,,False,False,,,
Dauup Authorization,Publishers Seller ID Tracker,Dauup,Publisher,iColor Game,Publisher Ads.txt,"dauup.com, 43458, DIRECT",dauup.com,43458,DIRECT,,False,False,,,
Dauup Authorization,Publishers Seller ID Tracker,Dauup,Publisher,LIVDG LIMITED,Publisher Ads.txt,"dauup.com, 43459, DIRECT",dauup.com,43459,DIRECT,,False,False,,,
Dauup Authorization,Publishers Seller ID Tracker,Dauup,Publisher,DINO Global LTD,Publisher Ads.txt,"dauup.com, 43460, DIRECT",dauup.com,43460,DIRECT,,False,False,,,
Dauup Authorization,Publishers Seller ID Tracker,Dauup,Publisher,Nexelon inc.,Publisher Ads.txt,"dauup.com, 43461, DIRECT",dauup.com,43461,DIRECT,,False,False,,,
Dauup Authorization,Publishers Seller ID Tracker,Dauup,Publisher,FOMO GAMES,Publisher Ads.txt,"dauup.com, 43462, DIRECT",dauup.com,43462,DIRECT,,False,False,,,
Dauup Authorization,Publishers Seller ID Tracker,Dauup,Publisher,WORD CALM,Publisher Ads.txt,"dauup.com, 43463, DIRECT",dauup.com,43463,DIRECT,,False,False,,,
Dauup Authorization,Publishers Seller ID Tracker,Dauup,Publisher,LeisureLab Studios,Publisher Ads.txt,"dauup.com, 43464, DIRECT",dauup.com,43464,DIRECT,,False,False,,,
Dauup Authorization,Publishers Seller ID Tracker,Dauup,Publisher,Illia Kaminetskyi,Publisher Ads.txt,"dauup.com, 43465, DIRECT",dauup.com,43465,DIRECT,,False,False,,,
Dauup Authorization,Publishers Seller ID Tracker,Dauup,Publisher,Joy Journey Girls,Publisher Ads.txt,"dauup.com, 43466, DIRECT",dauup.com,43466,DIRECT,,False,False,,,
Dauup Authorization,Publishers Seller ID Tracker,Dauup,Publisher,Jovanovski Jovan,Publisher Ads.txt,"dauup.com, 43467, DIRECT",dauup.com,43467,DIRECT,,False,False,,,
Dauup Authorization,Publishers Seller ID Tracker,Dauup,Publisher,Seeplay Inc.,Publisher Ads.txt,"dauup.com, 43468, DIRECT",dauup.com,43468,DIRECT,,False,False,,,
Dauup Authorization,Publishers Seller ID Tracker,Dauup,Publisher,iWare Designs Ltd.,Publisher Ads.txt,"dauup.com, 43469, DIRECT",dauup.com,43469,DIRECT,,False,False,,,
Dauup Authorization,Publishers Seller ID Tracker,Dauup,Publisher,Vroom - Apps & Games,Publisher Ads.txt,"dauup.com, 43470, DIRECT",dauup.com,43470,DIRECT,,False,False,,,
Dauup Authorization,Publishers Seller ID Tracker,Dauup,Publisher,Birdcoin games,Publisher Ads.txt,"dauup.com, 43471, DIRECT",dauup.com,43471,DIRECT,,False,False,,,
Dauup Authorization,Publishers Seller ID Tracker,Dauup,Publisher,Fighting Sports,Publisher Ads.txt,"dauup.com, 43472, DIRECT",dauup.com,43472,DIRECT,,False,False,,,
Dauup Authorization,Publishers Seller ID Tracker,Dauup,Publisher,wu game and apps,Publisher Ads.txt,"dauup.com, 43473, DIRECT",dauup.com,43473,DIRECT,,False,False,,,
Dauup Authorization,Publishers Seller ID Tracker,Dauup,Publisher,Prineside,Publisher Ads.txt,"dauup.com, 43474, DIRECT",dauup.com,43474,DIRECT,,False,False,,,
Dauup Authorization,Publishers Seller ID Tracker,Dauup,Publisher,Playflux,Publisher Ads.txt,"dauup.com, 43475, DIRECT",dauup.com,43475,DIRECT,,False,False,,,
Dauup Authorization,Publishers Seller ID Tracker,Dauup,Publisher,Devsisters Corporation,Publisher Ads.txt,"dauup.com, 43476, DIRECT",dauup.com,43476,DIRECT,,False,False,,,
Dauup Authorization,Publishers Seller ID Tracker,Dauup,Publisher,Radiant Cat Studio,Publisher Ads.txt,"dauup.com, 43477, DIRECT",dauup.com,43477,DIRECT,,False,False,,,
Dauup Authorization,Publishers Seller ID Tracker,Dauup,Publisher,Arcade Game Maker,Publisher Ads.txt,"dauup.com, 43478, DIRECT",dauup.com,43478,DIRECT,,False,False,,,
Dauup Authorization,Publishers Seller ID Tracker,Dauup,Publisher,LAN GAMES LTD,Publisher Ads.txt,"dauup.com, 43479, DIRECT",dauup.com,43479,DIRECT,,False,False,,,
Dauup Authorization,Publishers Seller ID Tracker,Dauup,Publisher,Launcher Plus One Pro,Publisher Ads.txt,"dauup.com, 43480, DIRECT",dauup.com,43480,DIRECT,,False,False,,,
Dauup Authorization,Publishers Seller ID Tracker,Dauup,Publisher,Ghost Studio Company,Publisher Ads.txt,"dauup.com, 43481, DIRECT",dauup.com,43481,DIRECT,,False,False,,,
Dauup Authorization,Publishers Seller ID Tracker,Dauup,Publisher,TeamOne Global,Publisher Ads.txt,"dauup.com, 43482, DIRECT",dauup.com,43482,DIRECT,,False,False,,,
Dauup Authorization,Publishers Seller ID Tracker,Dauup,Publisher,MobileGDC,Publisher Ads.txt,"dauup.com, 43483, DIRECT",dauup.com,43483,DIRECT,,False,False,,,
Dauup Authorization,Publishers Seller ID Tracker,Dauup,Publisher,Hyper Cats Studio,Publisher Ads.txt,"dauup.com, 43484, DIRECT",dauup.com,43484,DIRECT,,False,False,,,
Dauup Authorization,Publishers Seller ID Tracker,Dauup,Publisher,Alexei Anoshenko,Publisher Ads.txt,"dauup.com, 43485, DIRECT",dauup.com,43485,DIRECT,,False,False,,,
Dauup Authorization,Publishers Seller ID Tracker,Dauup,Publisher,Gametornado,Publisher Ads.txt,"dauup.com, 43486, DIRECT",dauup.com,43486,DIRECT,,False,False,,,
Dauup Authorization,Publishers Seller ID Tracker,Dauup,Publisher,Athena FZE,Publisher Ads.txt,"dauup.com, 43487, DIRECT",dauup.com,43487,DIRECT,,False,False,,,
Dauup Authorization,Publishers Seller ID Tracker,Dauup,Publisher,Andaman,Publisher Ads.txt,"dauup.com, 43488, DIRECT",dauup.com,43488,DIRECT,,False,False,,,
Dauup Authorization,Publishers Seller ID Tracker,Dauup,Publisher,Eternal Studio,Publisher Ads.txt,"dauup.com, 43489, DIRECT",dauup.com,43489,DIRECT,,False,False,,,
Dauup Authorization,Publishers Seller ID Tracker,Dauup,Publisher,Words Mobile,Publisher Ads.txt,"dauup.com, 43490, DIRECT",dauup.com,43490,DIRECT,,False,False,,,
Dauup Authorization,Publishers Seller ID Tracker,Dauup,Publisher,KAYAC Inc.,Publisher Ads.txt,"dauup.com, 43491, DIRECT",dauup.com,43491,DIRECT,,False,False,,,
Dauup Authorization,Publishers Seller ID Tracker,Dauup,Publisher,Entrepreneur Game,Publisher Ads.txt,"dauup.com, 43492, DIRECT",dauup.com,43492,DIRECT,,False,False,,,
Dauup Authorization,Publishers Seller ID Tracker,Dauup,Publisher,Moonfrog,Publisher Ads.txt,"dauup.com, 43493, DIRECT",dauup.com,43493,DIRECT,,False,False,,,
Dauup Authorization,Publishers Seller ID Tracker,Dauup,Publisher,Trivia & Quiz Games by Nuomondo,Publisher Ads.txt,"dauup.com, 43494, DIRECT",dauup.com,43494,DIRECT,,False,False,,,
Dauup Authorization,Publishers Seller ID Tracker,Dauup,Publisher,Freeplay Inc,Publisher Ads.txt,"dauup.com, 43495, DIRECT",dauup.com,43495,DIRECT,,False,False,,,
Dauup Authorization,Publishers Seller ID Tracker,Dauup,Publisher,Spider Solitaire Card Games,Publisher Ads.txt,"dauup.com, 43496, DIRECT",dauup.com,43496,DIRECT,,False,False,,,
Dauup Authorization,Publishers Seller ID Tracker,Dauup,Publisher,Tap N Fun,Publisher Ads.txt,"dauup.com, 43497, DIRECT",dauup.com,43497,DIRECT,,False,False,,,
Dauup Authorization,Publishers Seller ID Tracker,Dauup,Publisher,Halfpint,Publisher Ads.txt,"dauup.com, 43498, DIRECT",dauup.com,43498,DIRECT,,False,False,,,
Dauup Authorization,Publishers Seller ID Tracker,Dauup,Publisher,Mille Crepe Studios,Publisher Ads.txt,"dauup.com, 43499, DIRECT",dauup.com,43499,DIRECT,,False,False,,,
Dauup Authorization,Publishers Seller ID Tracker,Dauup,Publisher,BV Casual Games,Publisher Ads.txt,"dauup.com, 43500, DIRECT",dauup.com,43500,DIRECT,,False,False,,,
Dauup Authorization,Publishers Seller ID Tracker,Dauup,Publisher,Mentha X Games,Publisher Ads.txt,"dauup.com, 43501, DIRECT",dauup.com,43501,DIRECT,,False,False,,,
Dauup Authorization,Publishers Seller ID Tracker,Dauup,Publisher,Hippo Lab,Publisher Ads.txt,"dauup.com, 43502, DIRECT",dauup.com,43502,DIRECT,,False,False,,,
Dauup Authorization,Publishers Seller ID Tracker,Dauup,Publisher,Sonatgame,Publisher Ads.txt,"dauup.com, 43503, DIRECT",dauup.com,43503,DIRECT,,False,False,,,
Dauup Authorization,Publishers Seller ID Tracker,Dauup,Publisher,Bew Games inc.,Publisher Ads.txt,"dauup.com, 43504, DIRECT",dauup.com,43504,DIRECT,,False,False,,,
Dauup Authorization,Publishers Seller ID Tracker,Dauup,Publisher,GAME OFFLINE HAY,Publisher Ads.txt,"dauup.com, 43505, DIRECT",dauup.com,43505,DIRECT,,False,False,,,
Dauup Authorization,Publishers Seller ID Tracker,Dauup,Publisher,PAGA GAMES,Publisher Ads.txt,"dauup.com, 43506, DIRECT",dauup.com,43506,DIRECT,,False,False,,,
Dauup Authorization,Publishers Seller ID Tracker,Dauup,Publisher,ReachJunction Media Limited,Publisher Ads.txt,"dauup.com, 43507, DIRECT",dauup.com,43507,DIRECT,,False,False,,,
Dauup Authorization,Publishers Seller ID Tracker,Dauup,Publisher,SkySoft Studio,Publisher Ads.txt,"dauup.com, 43508, DIRECT",dauup.com,43508,DIRECT,,False,False,,,
Dauup Authorization,Publishers Seller ID Tracker,Dauup,Publisher,Panda Word Puzzle,Publisher Ads.txt,"dauup.com, 43509, DIRECT",dauup.com,43509,DIRECT,,False,False,,,
Dauup Authorization,Publishers Seller ID Tracker,Dauup,Publisher,coolmathgames.com,Publisher Ads.txt,"dauup.com, 43510, DIRECT",dauup.com,43510,DIRECT,,False,False,,,
Dauup Authorization,Publishers Seller ID Tracker,Dauup,Publisher,electronichand3000.com,Publisher Ads.txt,"dauup.com, 43511, DIRECT",dauup.com,43511,DIRECT,,False,False,,,
Dauup Authorization,Publishers Seller ID Tracker,Dauup,Publisher,whoscall.com,Publisher Ads.txt,"dauup.com, 43512, DIRECT",dauup.com,43512,DIRECT,,False,False,,,
Dauup Authorization,Publishers Seller ID Tracker,Dauup,Publisher,afterverse.com,Publisher Ads.txt,"dauup.com, 43513, DIRECT",dauup.com,43513,DIRECT,,False,False,,,
Dauup Authorization,Publishers Seller ID Tracker,Dauup,Publisher,betmines.com,Publisher Ads.txt,"dauup.com, 43514, DIRECT",dauup.com,43514,DIRECT,,False,False,,,
Dauup Authorization,Publishers Seller ID Tracker,Dauup,Publisher,aagbrothers.com,Publisher Ads.txt,"dauup.com, 43515, DIRECT",dauup.com,43515,DIRECT,,False,False,,,
Dauup Authorization,Publishers Seller ID Tracker,Dauup,Publisher,5thplanetgames.com,Publisher Ads.txt,"dauup.com, 43516, DIRECT",dauup.com,43516,DIRECT,,False,False,,,
Dauup Authorization,Publishers Seller ID Tracker,Dauup,Publisher,collagemaker.picartistpro.top,Publisher Ads.txt,"dauup.com, 43517, DIRECT",dauup.com,43517,DIRECT,,False,False,,,
Dauup Authorization,Publishers Seller ID Tracker,Dauup,Publisher,community.theasianparent.com,Publisher Ads.txt,"dauup.com, 43518, DIRECT",dauup.com,43518,DIRECT,,False,False,,,
Dauup Authorization,Publishers Seller ID Tracker,Dauup,Publisher,adsms.messengerlite.net,Publisher Ads.txt,"dauup.com, 43519, DIRECT",dauup.com,43519,DIRECT,,False,False,,,
Dauup Authorization,Publishers Seller ID Tracker,Dauup,Publisher,blockpuzzlegamesinc.com,Publisher Ads.txt,"dauup.com, 43520, DIRECT",dauup.com,43520,DIRECT,,False,False,,,
Dauup Authorization,Publishers Seller ID Tracker,Dauup,Publisher,cataloagedeoferte.ro,Publisher Ads.txt,"dauup.com, 43521, DIRECT",dauup.com,43521,DIRECT,,False,False,,,
Dauup Authorization,Publishers Seller ID Tracker,Dauup,Publisher,app.fancyapps.io,Publisher Ads.txt,"dauup.com, 43522, DIRECT",dauup.com,43522,DIRECT,,False,False,,,
Dauup Authorization,Publishers Seller ID Tracker,Dauup,Publisher,app-ads-7a8d4.web.app,Publisher Ads.txt,"dauup.com, 43523, DIRECT",dauup.com,43523,DIRECT,,False,False,,,
Dauup Authorization,Publishers Seller ID Tracker,Dauup,Publisher,crescentmoongames.com,Publisher Ads.txt,"dauup.com, 43524, DIRECT",dauup.com,43524,DIRECT,,False,False,,,
Dauup Authorization,Publishers Seller ID Tracker,Dauup,Publisher,carmogame.github.io,Publisher Ads.txt,"dauup.com, 43525, DIRECT",dauup.com,43525,DIRECT,,False,False,,,
Dauup Authorization,Publishers Seller ID Tracker,Dauup,Publisher,cargamesinc.com,Publisher Ads.txt,"dauup.com, 43526, DIRECT",dauup.com,43526,DIRECT,,False,False,,,
Dauup Authorization,Publishers Seller ID Tracker,Dauup,Publisher,radioapp.batyr.io,Publisher Ads.txt,"dauup.com, 43527, DIRECT",dauup.com,43527,DIRECT,,False,False,,,
Dauup Authorization,Publishers Seller ID Tracker,Dauup,Publisher,beatstar.com,Publisher Ads.txt,"dauup.com, 43528, DIRECT",dauup.com,43528,DIRECT,,False,False,,,
Dauup Authorization,Publishers Seller ID Tracker,Dauup,Publisher,puhutv.com,Publisher Ads.txt,"dauup.com, 43529, DIRECT",dauup.com,43529,DIRECT,,False,False,,,
Dauup Authorization,Publishers Seller ID Tracker,Dauup,Publisher,byvgames.com,Publisher Ads.txt,"dauup.com, 43530, DIRECT",dauup.com,43530,DIRECT,,False,False,,,
Dauup Authorization,Publishers Seller ID Tracker,Dauup,Publisher,billeleur.blogspot.com,Publisher Ads.txt,"dauup.com, 43531, DIRECT",dauup.com,43531,DIRECT,,False,False,,,
Dauup Authorization,Publishers Seller ID Tracker,Dauup,Publisher,chillyroom.com,Publisher Ads.txt,"dauup.com, 43532, DIRECT",dauup.com,43532,DIRECT,,False,False,,,
Dauup Authorization,Publishers Seller ID Tracker,Dauup,Publisher,storm8.com,Publisher Ads.txt,"dauup.com, 43533, DIRECT",dauup.com,43533,DIRECT,,False,False,,,
Dauup Authorization,Publishers Seller ID Tracker,Dauup,Publisher,RED RHINO,Publisher Ads.txt,"dauup.com, 43534, DIRECT",dauup.com,43534,DIRECT,,False,False,,,
Dauup Authorization,Publishers Seller ID Tracker,Dauup,Publisher,Awecom Games,Publisher Ads.txt,"dauup.com, 43535, DIRECT",dauup.com,43535,DIRECT,,False,False,,,
Dauup Authorization,Publishers Seller ID Tracker,Dauup,Publisher,PoseidonGames,Publisher Ads.txt,"dauup.com, 43536, DIRECT",dauup.com,43536,DIRECT,,False,False,,,
Dauup Authorization,Publishers Seller ID Tracker,Dauup,Publisher,Double Reality,Publisher Ads.txt,"dauup.com, 43537, DIRECT",dauup.com,43537,DIRECT,,False,False,,,
Dauup Authorization,Publishers Seller ID Tracker,Dauup,Publisher,Tap Happy,Publisher Ads.txt,"dauup.com, 43538, DIRECT",dauup.com,43538,DIRECT,,False,False,,,
Dauup Authorization,Publishers Seller ID Tracker,Dauup,Publisher,WELLY GLOBAL PUBLISHING,Publisher Ads.txt,"dauup.com, 43539, DIRECT",dauup.com,43539,DIRECT,,False,False,,,
Dauup Authorization,Publishers Seller ID Tracker,Dauup,Publisher,renderedideas.com,Publisher Ads.txt,"dauup.com, 43540, DIRECT",dauup.com,43540,DIRECT,,False,False,,,
Dauup Authorization,Publishers Seller ID Tracker,Dauup,Publisher,Brainit Games (seaworldgame.online),Publisher Ads.txt,"dauup.com, 43541, DIRECT",dauup.com,43541,DIRECT,,False,False,,,
Dauup Authorization,Publishers Seller ID Tracker,Dauup,Publisher,umxstudio.co,Publisher Ads.txt,"dauup.com, 43542, DIRECT",dauup.com,43542,DIRECT,,False,False,,,
Dauup Authorization,Publishers Seller ID Tracker,Dauup,Publisher,Spaghetti Interactive Srl,Publisher Ads.txt,"dauup.com, 43543, DIRECT",dauup.com,43543,DIRECT,,False,False,,,
Dauup Authorization,Publishers Seller ID Tracker,Dauup,Publisher,Ascico Studio,Publisher Ads.txt,"dauup.com, 43544, DIRECT",dauup.com,43544,DIRECT,,False,False,,,
Dauup Authorization,Publishers Seller ID Tracker,Dauup,Publisher,Dexati,Publisher Ads.txt,"dauup.com, 43545, DIRECT",dauup.com,43545,DIRECT,,False,False,,,
Dauup Authorization,Publishers Seller ID Tracker,Dauup,Publisher,vnstart.com,Publisher Ads.txt,"dauup.com, 43546, DIRECT",dauup.com,43546,DIRECT,,False,False,,,
Dauup Authorization,Publishers Seller ID Tracker,Dauup,Publisher,fantamaster.it,Publisher Ads.txt,"dauup.com, 43547, DIRECT",dauup.com,43547,DIRECT,,False,False,,,
Dauup Authorization,Publishers Seller ID Tracker,Dauup,Publisher,DobroGames,Publisher Ads.txt,"dauup.com, 43548, DIRECT",dauup.com,43548,DIRECT,,False,False,,,
Dauup Authorization,Publishers Seller ID Tracker,Dauup,Publisher,Media Studio Inc,Publisher Ads.txt,"dauup.com, 43549, DIRECT",dauup.com,43549,DIRECT,,False,False,,,
Dauup Authorization,Publishers Seller ID Tracker,Dauup,Publisher,bigalphagames.com,Publisher Ads.txt,"dauup.com, 43550, DIRECT",dauup.com,43550,DIRECT,,False,False,,,
Dauup Authorization,Publishers Seller ID Tracker,Dauup,Publisher,mobadu.pl,Publisher Ads.txt,"dauup.com, 43551, DIRECT",dauup.com,43551,DIRECT,,False,False,,,
Dauup Authorization,Publishers Seller ID Tracker,Dauup,Publisher,gameberrylabs.com,Publisher Ads.txt,"dauup.com, 43552, DIRECT",dauup.com,43552,DIRECT,,False,False,,,
Dauup Authorization,Publishers Seller ID Tracker,Dauup,Publisher,One hit,Publisher Ads.txt,"dauup.com, 43553, DIRECT",dauup.com,43553,DIRECT,,False,False,,,
Dauup Authorization,Publishers Seller ID Tracker,Dauup,Publisher,spartansglobal.com,Publisher Ads.txt,"dauup.com, 43554, DIRECT",dauup.com,43554,DIRECT,,False,False,,,
Dauup Authorization,Publishers Seller ID Tracker,Dauup,Publisher,smartwidgetlabs.com,Publisher Ads.txt,"dauup.com, 43555, DIRECT",dauup.com,43555,DIRECT,,False,False,,,
Dauup Authorization,Publishers Seller ID Tracker,Dauup,Publisher,Zipoapps,Publisher Ads.txt,"dauup.com, 43556, DIRECT",dauup.com,43556,DIRECT,,False,False,,,
Dauup Authorization,Publishers Seller ID Tracker,Dauup,Publisher,easygame7,Publisher Ads.txt,"dauup.com, 43557, DIRECT",dauup.com,43557,DIRECT,,False,False,,,
Dauup Authorization,Publishers Seller ID Tracker,Dauup,Publisher,Solid Games,Publisher Ads.txt,"dauup.com, 43558, DIRECT",dauup.com,43558,DIRECT,,False,False,,,
Dauup Authorization,Publishers Seller ID Tracker,Dauup,Publisher,superboxgo.com,Publisher Ads.txt,"dauup.com, 43559, DIRECT",dauup.com,43559,DIRECT,,False,False,,,
Dauup Authorization,Publishers Seller ID Tracker,Dauup,Publisher,oileragame.com/#/,Publisher Ads.txt,"dauup.com, 43560, DIRECT",dauup.com,43560,DIRECT,,False,False,,,
Dauup Authorization,Publishers Seller ID Tracker,Dauup,Publisher,INNOXAPPS LLP,Publisher Ads.txt,"dauup.com, 43561, DIRECT",dauup.com,43561,DIRECT,,False,False,,,
Dauup Authorization,Publishers Seller ID Tracker,Dauup,Publisher,SOCEM,Publisher Ads.txt,"dauup.com, 43562, DIRECT",dauup.com,43562,DIRECT,,False,False,,,
Dauup Authorization,Publishers Seller ID Tracker,Dauup,Publisher,Prod ADP,Publisher Ads.txt,"dauup.com, 43563, DIRECT",dauup.com,43563,DIRECT,,False,False,,,
Dauup Authorization,Publishers Seller ID Tracker,Dauup,Publisher,VIDEOSHOW Video Editor & Maker & AI Chat Generator,Publisher Ads.txt,"dauup.com, 43564, DIRECT",dauup.com,43564,DIRECT,,False,False,,,
Dauup Authorization,Publishers Seller ID Tracker,Dauup,Publisher,ZenLife Games Ltd,Publisher Ads.txt,"dauup.com, 43565, DIRECT",dauup.com,43565,DIRECT,,False,False,,,
Dauup Authorization,Publishers Seller ID Tracker,Dauup,Publisher,KhoGames,Publisher Ads.txt,"dauup.com, 43566, DIRECT",dauup.com,43566,DIRECT,,False,False,,,
Dauup Authorization,Publishers Seller ID Tracker,Dauup,Publisher,W'Forest,Publisher Ads.txt,"dauup.com, 43567, DIRECT",dauup.com,43567,DIRECT,,False,False,,,
Dauup Authorization,Publishers Seller ID Tracker,Dauup,Publisher,readertools.xyz,Publisher Ads.txt,"dauup.com, 43568, DIRECT",dauup.com,43568,DIRECT,,False,False,,,
Dauup Authorization,Publishers Seller ID Tracker,Dauup,Publisher,gstationstudio.com,Publisher Ads.txt,"dauup.com, 43569, DIRECT",dauup.com,43569,DIRECT,,False,False,,,
Dauup Authorization,Publishers Seller ID Tracker,Dauup,Publisher,cymplstudios.com,Publisher Ads.txt,"dauup.com, 43570, DIRECT",dauup.com,43570,DIRECT,,False,False,,,
Dauup Authorization,Publishers Seller ID Tracker,Dauup,Publisher,poxelstudios.com,Publisher Ads.txt,"dauup.com, 43571, DIRECT",dauup.com,43571,DIRECT,,False,False,,,
Dauup Authorization,Publishers Seller ID Tracker,Dauup,Publisher,vnggames.com,Publisher Ads.txt,"dauup.com, 43572, DIRECT",dauup.com,43572,DIRECT,,False,False,,,
Dauup Authorization,Publishers Seller ID Tracker,Dauup,Publisher,DeveloperOne2022,Publisher Ads.txt,"dauup.com, 43573, DIRECT",dauup.com,43573,DIRECT,,False,False,,,
Dauup Authorization,Publishers Seller ID Tracker,Dauup,Publisher,KVADGroup App Studio,Publisher Ads.txt,"dauup.com, 43574, DIRECT",dauup.com,43574,DIRECT,,False,False,,,
Dauup Authorization,Publishers Seller ID Tracker,Dauup,Publisher,paradise-egame,Publisher Ads.txt,"dauup.com, 43575, DIRECT",dauup.com,43575,DIRECT,,False,False,,,
Dauup Authorization,Publishers Seller ID Tracker,Dauup,Publisher,Solitaire Classic Fun,Publisher Ads.txt,"dauup.com, 43576, DIRECT",dauup.com,43576,DIRECT,,False,False,,,
Dauup Authorization,Publishers Seller ID Tracker,Dauup,Publisher,toolsutilitiesapps.com,Publisher Ads.txt,"dauup.com, 43577, DIRECT",dauup.com,43577,DIRECT,,False,False,,,
Dauup Authorization,Publishers Seller ID Tracker,Dauup,Publisher,appzcloud.com,Publisher Ads.txt,"dauup.com, 43578, DIRECT",dauup.com,43578,DIRECT,,False,False,,,
Dauup Authorization,Publishers Seller ID Tracker,Dauup,Publisher,chad game,Publisher Ads.txt,"dauup.com, 43579, DIRECT",dauup.com,43579,DIRECT,,False,False,,,
Dauup Authorization,Publishers Seller ID Tracker,Dauup,Publisher,pexix.com,Publisher Ads.txt,"dauup.com, 43580, DIRECT",dauup.com,43580,DIRECT,,False,False,,,
Dauup Authorization,Publishers Seller ID Tracker,Dauup,Publisher,flybirdgames.com,Publisher Ads.txt,"dauup.com, 43581, DIRECT",dauup.com,43581,DIRECT,,False,False,,,
Dauup Authorization,Publishers Seller ID Tracker,Dauup,Publisher,Chis Dan PFA,Publisher Ads.txt,"dauup.com, 43582, DIRECT",dauup.com,43582,DIRECT,,False,False,,,
Dauup Authorization,Publishers Seller ID Tracker,Dauup,Publisher,Vitality App Studios,Publisher Ads.txt,"dauup.com, 43583, DIRECT",dauup.com,43583,DIRECT,,False,False,,,
Dauup Authorization,Publishers Seller ID Tracker,Dauup,Publisher,BlackLight Studio Games,Publisher Ads.txt,"dauup.com, 43584, DIRECT",dauup.com,43584,DIRECT,,False,False,,,
Dauup Authorization,Publishers Seller ID Tracker,Dauup,Publisher,tapcolorstudio.com,Publisher Ads.txt,"dauup.com, 43585, DIRECT",dauup.com,43585,DIRECT,,False,False,,,
Dauup Authorization,Publishers Seller ID Tracker,Dauup,Publisher,lolagre.com,Publisher Ads.txt,"dauup.com, 43586, DIRECT",dauup.com,43586,DIRECT,,False,False,,,
Dauup Authorization,Publishers Seller ID Tracker,Dauup,Publisher,btbapps.com/,Publisher Ads.txt,"dauup.com, 43587, DIRECT",dauup.com,43587,DIRECT,,False,False,,,
Dauup Authorization,Publishers Seller ID Tracker,Dauup,Publisher,Hitchhike Tech,Publisher Ads.txt,"dauup.com, 43588, DIRECT",dauup.com,43588,DIRECT,,False,False,,,
Dauup Authorization,Publishers Seller ID Tracker,Dauup,Publisher,Bycodec Games,Publisher Ads.txt,"dauup.com, 43589, DIRECT",dauup.com,43589,DIRECT,,False,False,,,
Dauup Authorization,Publishers Seller ID Tracker,Dauup,Publisher,FunSpace,Publisher Ads.txt,"dauup.com, 43590, DIRECT",dauup.com,43590,DIRECT,,False,False,,,
Dauup Authorization,Publishers Seller ID Tracker,Dauup,Publisher,cobbygame.com,Publisher Ads.txt,"dauup.com, 43591, DIRECT",dauup.com,43591,DIRECT,,False,False,,,
Dauup Authorization,Publishers Seller ID Tracker,Dauup,Publisher,refuelgames.com,Publisher Ads.txt,"dauup.com, 43592, DIRECT",dauup.com,43592,DIRECT,,False,False,,,
Dauup Authorization,Publishers Seller ID Tracker,Dauup,Publisher,ahugames.com,Publisher Ads.txt,"dauup.com, 43593, DIRECT",dauup.com,43593,DIRECT,,False,False,,,
Dauup Authorization,Publishers Seller ID Tracker,Dauup,Publisher,silevel.com,Publisher Ads.txt,"dauup.com, 43594, DIRECT",dauup.com,43594,DIRECT,,False,False,,,
Dauup Authorization,Publishers Seller ID Tracker,Dauup,Publisher,RED BRIX COMPUTER SYSTEMS,Publisher Ads.txt,"dauup.com, 43595, DIRECT",dauup.com,43595,DIRECT,,False,False,,,
Dauup Authorization,Publishers Seller ID Tracker,Dauup,Publisher,RTU Studio,Publisher Ads.txt,"dauup.com, 43596, DIRECT",dauup.com,43596,DIRECT,,False,False,,,
Dauup Authorization,Publishers Seller ID Tracker,Dauup,Publisher,Teskin Games,Publisher Ads.txt,"dauup.com, 43597, DIRECT",dauup.com,43597,DIRECT,,False,False,,,
Dauup Authorization,Publishers Seller ID Tracker,Dauup,Publisher,Mingle Dating Chat & Connect,Publisher Ads.txt,"dauup.com, 43598, DIRECT",dauup.com,43598,DIRECT,,False,False,,,
Dauup Authorization,Publishers Seller ID Tracker,Dauup,Publisher,nutsgameventure.com,Publisher Ads.txt,"dauup.com, 43599, DIRECT",dauup.com,43599,DIRECT,,False,False,,,
Dauup Authorization,Publishers Seller ID Tracker,Dauup,Publisher,taapgame.com,Publisher Ads.txt,"dauup.com, 43600, DIRECT",dauup.com,43600,DIRECT,,False,False,,,
Dauup Authorization,Publishers Seller ID Tracker,Dauup,Publisher,Clingycat Games,Publisher Ads.txt,"dauup.com, 43601, DIRECT",dauup.com,43601,DIRECT,,False,False,,,
Dauup Authorization,Publishers Seller ID Tracker,Dauup,Publisher,Bricks Ball Games,Publisher Ads.txt,"dauup.com, 43602, DIRECT",dauup.com,43602,DIRECT,,False,False,,,
Dauup Authorization,Publishers Seller ID Tracker,Dauup,Publisher,Holy Cow Studio,Publisher Ads.txt,"dauup.com, 43603, DIRECT",dauup.com,43603,DIRECT,,False,False,,,
Dauup Authorization,Publishers Seller ID Tracker,Dauup,Publisher,musicoolgames.com,Publisher Ads.txt,"dauup.com, 43604, DIRECT",dauup.com,43604,DIRECT,,False,False,,,
Dauup Authorization,Publishers Seller ID Tracker,Dauup,Publisher,toptapstudio.com,Publisher Ads.txt,"dauup.com, 43605, DIRECT",dauup.com,43605,DIRECT,,False,False,,,
Dauup Authorization,Publishers Seller ID Tracker,Dauup,Publisher,Finger Rhythm,Publisher Ads.txt,"dauup.com, 43606, DIRECT",dauup.com,43606,DIRECT,,False,False,,,
Dauup Authorization,Publishers Seller ID Tracker,Dauup,Publisher,HardCore Soft,Publisher Ads.txt,"dauup.com, 43607, DIRECT",dauup.com,43607,DIRECT,,False,False,,,
Dauup Authorization,Publishers Seller ID Tracker,Dauup,Publisher,Nimo Jps.,Publisher Ads.txt,"dauup.com, 43608, DIRECT",dauup.com,43608,DIRECT,,False,False,,,
Dauup Authorization,Publishers Seller ID Tracker,Dauup,Publisher,app.d-mc2022.biz,Publisher Ads.txt,"dauup.com, 43609, DIRECT",dauup.com,43609,DIRECT,,False,False,,,
Dauup Authorization,Publishers Seller ID Tracker,Dauup,Publisher,creader-79910.web.app,Publisher Ads.txt,"dauup.com, 43610, DIRECT",dauup.com,43610,DIRECT,,False,False,,,
Dauup Authorization,Publishers Seller ID Tracker,Dauup,Publisher,aiostudio.appadstxt.net,Publisher Ads.txt,"dauup.com, 43611, DIRECT",dauup.com,43611,DIRECT,,False,False,,,
Dauup Authorization,Publishers Seller ID Tracker,Dauup,Publisher,connsaga.com,Publisher Ads.txt,"dauup.com, 43612, DIRECT",dauup.com,43612,DIRECT,,False,False,,,
Dauup Authorization,Publishers Seller ID Tracker,Dauup,Publisher,fengylnetw.com,Publisher Ads.txt,"dauup.com, 43613, DIRECT",dauup.com,43613,DIRECT,,False,False,,,
Dauup Authorization,Publishers Seller ID Tracker,Dauup,Publisher,app.permission.co.jp,Publisher Ads.txt,"dauup.com, 43614, DIRECT",dauup.com,43614,DIRECT,,False,False,,,
Dauup Authorization,Publishers Seller ID Tracker,Dauup,Publisher,ultraboostclean.github.io,Publisher Ads.txt,"dauup.com, 43615, DIRECT",dauup.com,43615,DIRECT,,False,False,,,
Dauup Authorization,Publishers Seller ID Tracker,Dauup,Publisher,babyrepo.com,Publisher Ads.txt,"dauup.com, 43616, DIRECT",dauup.com,43616,DIRECT,,False,False,,,
Dauup Authorization,Publishers Seller ID Tracker,Dauup,Publisher,denis22718.github.io,Publisher Ads.txt,"dauup.com, 43617, DIRECT",dauup.com,43617,DIRECT,,False,False,,,
Dauup Authorization,Publishers Seller ID Tracker,Dauup,Publisher,contentarcadegames.com,Publisher Ads.txt,"dauup.com, 43618, DIRECT",dauup.com,43618,DIRECT,,False,False,,,
Dauup Authorization,Publishers Seller ID Tracker,Dauup,Publisher,crispapp.com,Publisher Ads.txt,"dauup.com, 43619, DIRECT",dauup.com,43619,DIRECT,,False,False,,,
Dauup Authorization,Publishers Seller ID Tracker,Dauup,Publisher,e-lite.games,Publisher Ads.txt,"dauup.com, 43620, DIRECT",dauup.com,43620,DIRECT,,False,False,,,
Dauup Authorization,Publishers Seller ID Tracker,Dauup,Publisher,asngames.com,Publisher Ads.txt,"dauup.com, 43621, DIRECT",dauup.com,43621,DIRECT,,False,False,,,
Dauup Authorization,Publishers Seller ID Tracker,Dauup,Publisher,maskapp.club,Publisher Ads.txt,"dauup.com, 43622, DIRECT",dauup.com,43622,DIRECT,,False,False,,,
Dauup Authorization,Publishers Seller ID Tracker,Dauup,Publisher,canadosgames.github.io,Publisher Ads.txt,"dauup.com, 43623, DIRECT",dauup.com,43623,DIRECT,,False,False,,,
Dauup Authorization,Publishers Seller ID Tracker,Dauup,Publisher,adsms.textfun.net,Publisher Ads.txt,"dauup.com, 43624, DIRECT",dauup.com,43624,DIRECT,,False,False,,,
Dauup Authorization,Publishers Seller ID Tracker,Dauup,Publisher,brainvaultgames.com,Publisher Ads.txt,"dauup.com, 43625, DIRECT",dauup.com,43625,DIRECT,,False,False,,,
Dauup Authorization,Publishers Seller ID Tracker,Dauup,Publisher,bigames.in,Publisher Ads.txt,"dauup.com, 43626, DIRECT",dauup.com,43626,DIRECT,,False,False,,,
Dauup Authorization,Publishers Seller ID Tracker,Dauup,Publisher,m3a6bfb71.app-ads-txt.com,Publisher Ads.txt,"dauup.com, 43627, DIRECT",dauup.com,43627,DIRECT,,False,False,,,
Dauup Authorization,Publishers Seller ID Tracker,Dauup,Publisher,advirus.supersecurity.cc,Publisher Ads.txt,"dauup.com, 43628, DIRECT",dauup.com,43628,DIRECT,,False,False,,,
Dauup Authorization,Publishers Seller ID Tracker,Dauup,Publisher,drawnguess.com,Publisher Ads.txt,"dauup.com, 43629, DIRECT",dauup.com,43629,DIRECT,,False,False,,,
Dauup Authorization,Publishers Seller ID Tracker,Dauup,Publisher,brhappyfull.com,Publisher Ads.txt,"dauup.com, 43630, DIRECT",dauup.com,43630,DIRECT,,False,False,,,
Dauup Authorization,Publishers Seller ID Tracker,Dauup,Publisher,fastfollowers.online,Publisher Ads.txt,"dauup.com, 43631, DIRECT",dauup.com,43631,DIRECT,,False,False,,,
Dauup Authorization,Publishers Seller ID Tracker,Dauup,Publisher,antf.online,Publisher Ads.txt,"dauup.com, 43632, DIRECT",dauup.com,43632,DIRECT,,False,False,,,
Dauup Authorization,Publishers Seller ID Tracker,Dauup,Publisher,werewolfevo.com,Publisher Ads.txt,"dauup.com, 43633, DIRECT",dauup.com,43633,DIRECT,,False,False,,,
Dauup Authorization,Publishers Seller ID Tracker,Dauup,Publisher,mmarcel.com,Publisher Ads.txt,"dauup.com, 43634, DIRECT",dauup.com,43634,DIRECT,,False,False,,,
Dauup Authorization,Publishers Seller ID Tracker,Dauup,Publisher,app-blizzard.de,Publisher Ads.txt,"dauup.com, 43635, DIRECT",dauup.com,43635,DIRECT,,False,False,,,
Dauup Authorization,Publishers Seller ID Tracker,Dauup,Publisher,elementales-ce3b6.web.app,Publisher Ads.txt,"dauup.com, 43636, DIRECT",dauup.com,43636,DIRECT,,False,False,,,
Dauup Authorization,Publishers Seller ID Tracker,Dauup,Publisher,company.nevosoft.ru,Publisher Ads.txt,"dauup.com, 43637, DIRECT",dauup.com,43637,DIRECT,,False,False,,,
Dauup Authorization,Publishers Seller ID Tracker,Dauup,Publisher,bintimegames.net,Publisher Ads.txt,"dauup.com, 43638, DIRECT",dauup.com,43638,DIRECT,,False,False,,,
Dauup Authorization,Publishers Seller ID Tracker,Dauup,Publisher,appublisher.click,Publisher Ads.txt,"dauup.com, 43639, DIRECT",dauup.com,43639,DIRECT,,False,False,,,
Dauup Authorization,Publishers Seller ID Tracker,Dauup,Publisher,blockpuzzlejewels.com,Publisher Ads.txt,"dauup.com, 43640, DIRECT",dauup.com,43640,DIRECT,,False,False,,,
Dauup Authorization,Publishers Seller ID Tracker,Dauup,Publisher,candycrushsaga.com,Publisher Ads.txt,"dauup.com, 43641, DIRECT",dauup.com,43641,DIRECT,,False,False,,,
Dauup Authorization,Publishers Seller ID Tracker,Dauup,Publisher,candycrushsodasaga.com,Publisher Ads.txt,"dauup.com, 43642, DIRECT",dauup.com,43642,DIRECT,,False,False,,,
Dauup Authorization,Publishers Seller ID Tracker,Dauup,Publisher,candycrushjellysaga.com,Publisher Ads.txt,"dauup.com, 43643, DIRECT",dauup.com,43643,DIRECT,,False,False,,,
Dauup Authorization,Publishers Seller ID Tracker,Dauup,Publisher,candycrushfriendssaga.com,Publisher Ads.txt,"dauup.com, 43644, DIRECT",dauup.com,43644,DIRECT,,False,False,,,
Dauup Authorization,Publishers Seller ID Tracker,Dauup,Publisher,ue8563b3d.app-ads-txt.com,Publisher Ads.txt,"dauup.com, 43645, DIRECT",dauup.com,43645,DIRECT,,False,False,,,
Dauup Authorization,Publishers Seller ID Tracker,Dauup,Publisher,soosanint-apps.blogspot.com,Publisher Ads.txt,"dauup.com, 43646, DIRECT",dauup.com,43646,DIRECT,,False,False,,,
Dauup Authorization,Publishers Seller ID Tracker,Dauup,Publisher,brainteaser.site,Publisher Ads.txt,"dauup.com, 43647, DIRECT",dauup.com,43647,DIRECT,,False,False,,,
Dauup Authorization,Publishers Seller ID Tracker,Dauup,Publisher,coinapp.co,Publisher Ads.txt,"dauup.com, 43648, DIRECT",dauup.com,43648,DIRECT,,False,False,,,
Dauup Authorization,Publishers Seller ID Tracker,Dauup,Publisher,u221d5fc0.app-ads-txt.com,Publisher Ads.txt,"dauup.com, 43649, DIRECT",dauup.com,43649,DIRECT,,False,False,,,
Dauup Authorization,Publishers Seller ID Tracker,Dauup,Publisher,chatmastereqgame.com,Publisher Ads.txt,"dauup.com, 43650, DIRECT",dauup.com,43650,DIRECT,,False,False,,,
Dauup Authorization,Publishers Seller ID Tracker,Dauup,Publisher,creditcash-ede95.web.app,Publisher Ads.txt,"dauup.com, 43651, DIRECT",dauup.com,43651,DIRECT,,False,False,,,
Dauup Authorization,Publishers Seller ID Tracker,Dauup,Publisher,dcmobgame.github.io,Publisher Ads.txt,"dauup.com, 43652, DIRECT",dauup.com,43652,DIRECT,,False,False,,,
Dauup Authorization,Publishers Seller ID Tracker,Dauup,Publisher,biblecolorapp.com,Publisher Ads.txt,"dauup.com, 43653, DIRECT",dauup.com,43653,DIRECT,,False,False,,,
Dauup Authorization,Publishers Seller ID Tracker,Dauup,Publisher,collage-maker---photo-frames.web.app,Publisher Ads.txt,"dauup.com, 43654, DIRECT",dauup.com,43654,DIRECT,,False,False,,,
Dauup Authorization,Publishers Seller ID Tracker,Dauup,Publisher,ethereal.games,Publisher Ads.txt,"dauup.com, 43655, DIRECT",dauup.com,43655,DIRECT,,False,False,,,
Dauup Authorization,Publishers Seller ID Tracker,Dauup,Publisher,talisoftware.com,Publisher Ads.txt,"dauup.com, 43656, DIRECT",dauup.com,43656,DIRECT,,False,False,,,
Dauup Authorization,Publishers Seller ID Tracker,Dauup,Publisher,fansipan.hk,Publisher Ads.txt,"dauup.com, 43657, DIRECT",dauup.com,43657,DIRECT,,False,False,,,
Dauup Authorization,Publishers Seller ID Tracker,Dauup,Publisher,adc.games,Publisher Ads.txt,"dauup.com, 43658, DIRECT",dauup.com,43658,DIRECT,,False,False,,,
Dauup Authorization,Publishers Seller ID Tracker,Dauup,Publisher,adqr.qrscanner.cc,Publisher Ads.txt,"dauup.com, 43659, DIRECT",dauup.com,43659,DIRECT,,False,False,,,
Dauup Authorization,Publishers Seller ID Tracker,Dauup,Publisher,dragon.bekko.com,Publisher Ads.txt,"dauup.com, 43660, DIRECT",dauup.com,43660,DIRECT,,False,False,,,
Dauup Authorization,Publishers Seller ID Tracker,Dauup,Publisher,adcl.supersecurity.cc,Publisher Ads.txt,"dauup.com, 43661, DIRECT",dauup.com,43661,DIRECT,,False,False,,,
Dauup Authorization,Publishers Seller ID Tracker,Dauup,Publisher,adcl.mobicleaner.com,Publisher Ads.txt,"dauup.com, 43662, DIRECT",dauup.com,43662,DIRECT,,False,False,,,
Dauup Authorization,Publishers Seller ID Tracker,Dauup,Publisher,abetterandroid.com,Publisher Ads.txt,"dauup.com, 43663, DIRECT",dauup.com,43663,DIRECT,,False,False,,,
Dauup Authorization,Publishers Seller ID Tracker,Dauup,Publisher,advirus.mobicleaner.com,Publisher Ads.txt,"dauup.com, 43664, DIRECT",dauup.com,43664,DIRECT,,False,False,,,
Dauup Authorization,Publishers Seller ID Tracker,Dauup,Publisher,apexlauncher.com,Publisher Ads.txt,"dauup.com, 43665, DIRECT",dauup.com,43665,DIRECT,,False,False,,,
Dauup Authorization,Publishers Seller ID Tracker,Dauup,Publisher,addiktivegames.net,Publisher Ads.txt,"dauup.com, 43666, DIRECT",dauup.com,43666,DIRECT,,False,False,,,
Dauup Authorization,Publishers Seller ID Tracker,Dauup,Publisher,dobrogames.ru,Publisher Ads.txt,"dauup.com, 43667, DIRECT",dauup.com,43667,DIRECT,,False,False,,,
Dauup Authorization,Publishers Seller ID Tracker,Dauup,Publisher,colorbooks.top,Publisher Ads.txt,"dauup.com, 43668, DIRECT",dauup.com,43668,DIRECT,,False,False,,,
Dauup Authorization,Publishers Seller ID Tracker,Dauup,Publisher,dovvapp.com,Publisher Ads.txt,"dauup.com, 43669, DIRECT",dauup.com,43669,DIRECT,,False,False,,,
Dauup Authorization,Publishers Seller ID Tracker,Dauup,Publisher,app.poolblitz.cherrypopgames.com,Publisher Ads.txt,"dauup.com, 43670, DIRECT",dauup.com,43670,DIRECT,,False,False,,,
Dauup Authorization,Publishers Seller ID Tracker,Dauup,Publisher,ads.appadservice.com,Publisher Ads.txt,"dauup.com, 43671, DIRECT",dauup.com,43671,DIRECT,,False,False,,,
Dauup Authorization,Publishers Seller ID Tracker,Dauup,Publisher,colordrawfun.com,Publisher Ads.txt,"dauup.com, 43672, DIRECT",dauup.com,43672,DIRECT,,False,False,,,
Dauup Authorization,Publishers Seller ID Tracker,Dauup,Publisher,cisana.com,Publisher Ads.txt,"dauup.com, 43673, DIRECT",dauup.com,43673,DIRECT,,False,False,,,
Dauup Authorization,Publishers Seller ID Tracker,Dauup,Publisher,799winnershootbubble.com,Publisher Ads.txt,"dauup.com, 43674, DIRECT",dauup.com,43674,DIRECT,,False,False,,,
Dauup Authorization,Publishers Seller ID Tracker,Dauup,Publisher,twilightpixel.com,Publisher Ads.txt,"dauup.com, 43675, DIRECT",dauup.com,43675,DIRECT,,False,False,,,
Dauup Authorization,Publishers Seller ID Tracker,Dauup,Publisher,apps.wrx-inc.com,Publisher Ads.txt,"dauup.com, 43676, DIRECT",dauup.com,43676,DIRECT,,False,False,,,
Dauup Authorization,Publishers Seller ID Tracker,Dauup,Publisher,a33d84b90.app-ads-txt.com,Publisher Ads.txt,"dauup.com, 43677, DIRECT",dauup.com,43677,DIRECT,,False,False,,,
Dauup Authorization,Publishers Seller ID Tracker,Dauup,Publisher,app.zjcyou.com,Publisher Ads.txt,"dauup.com, 43678, DIRECT",dauup.com,43678,DIRECT,,False,False,,,
Dauup Authorization,Publishers Seller ID Tracker,Dauup,Publisher,a28d49746.app-ads-txt.com,Publisher Ads.txt,"dauup.com, 43679, DIRECT",dauup.com,43679,DIRECT,,False,False,,,
Dauup Authorization,Publishers Seller ID Tracker,Dauup,Publisher,ngs24.ru,Publisher Ads.txt,"dauup.com, 43680, DIRECT",dauup.com,43680,DIRECT,,False,False,,,
Dauup Authorization,Publishers Seller ID Tracker,Dauup,Publisher,ua11cc177.app-ads-txt.com,Publisher Ads.txt,"dauup.com, 43681, DIRECT",dauup.com,43681,DIRECT,,False,False,,,
Dauup Authorization,Publishers Seller ID Tracker,Dauup,Publisher,93.ru,Publisher Ads.txt,"dauup.com, 43682, DIRECT",dauup.com,43682,DIRECT,,False,False,,,
Dauup Authorization,Publishers Seller ID Tracker,Dauup,Publisher,74.ru,Publisher Ads.txt,"dauup.com, 43683, DIRECT",dauup.com,43683,DIRECT,,False,False,,,
Dauup Authorization,Publishers Seller ID Tracker,Dauup,Publisher,45.ru,Publisher Ads.txt,"dauup.com, 43684, DIRECT",dauup.com,43684,DIRECT,,False,False,,,
Dauup Authorization,Publishers Seller ID Tracker,Dauup,Publisher,browsers.work,Publisher Ads.txt,"dauup.com, 43685, DIRECT",dauup.com,43685,DIRECT,,False,False,,,
Dauup Authorization,Publishers Seller ID Tracker,Dauup,Publisher,mineralsguide.soft24hours.com,Publisher Ads.txt,"dauup.com, 43686, DIRECT",dauup.com,43686,DIRECT,,False,False,,,
Dauup Authorization,Publishers Seller ID Tracker,Dauup,Publisher,etrains.ru,Publisher Ads.txt,"dauup.com, 43687, DIRECT",dauup.com,43687,DIRECT,,False,False,,,
Dauup Authorization,Publishers Seller ID Tracker,Dauup,Publisher,albertzig.github.io,Publisher Ads.txt,"dauup.com, 43688, DIRECT",dauup.com,43688,DIRECT,,False,False,,,
Dauup Authorization,Publishers Seller ID Tracker,Dauup,Publisher,sfc537082.app-ads-txt.com,Publisher Ads.txt,"dauup.com, 43689, DIRECT",dauup.com,43689,DIRECT,,False,False,,,
Dauup Authorization,Publishers Seller ID Tracker,Dauup,Publisher,a68cb8619.app-ads-txt.com,Publisher Ads.txt,"dauup.com, 43690, DIRECT",dauup.com,43690,DIRECT,,False,False,,,
Dauup Authorization,Publishers Seller ID Tracker,Dauup,Publisher,e51b606c3.app-ads-txt.com,Publisher Ads.txt,"dauup.com, 43691, DIRECT",dauup.com,43691,DIRECT,,False,False,,,
Dauup Authorization,Publishers Seller ID Tracker,Dauup,Publisher,staseraintv.mobi,Publisher Ads.txt,"dauup.com, 43692, DIRECT",dauup.com,43692,DIRECT,,False,False,,,
Dauup Authorization,Publishers Seller ID Tracker,Dauup,Publisher,mmcallsapp.com,Publisher Ads.txt,"dauup.com, 43693, DIRECT",dauup.com,43693,DIRECT,,False,False,,,
Dauup Authorization,Publishers Seller ID Tracker,Dauup,Publisher,prizepoolstudios.com,Publisher Ads.txt,"dauup.com, 43694, DIRECT",dauup.com,43694,DIRECT,,False,False,,,
Dauup Authorization,Publishers Seller ID Tracker,Dauup,Publisher,bigsmilejoy.com,Publisher Ads.txt,"dauup.com, 43695, DIRECT",dauup.com,43695,DIRECT,,False,False,,,
Dauup Authorization,Publishers Seller ID Tracker,Dauup,Publisher,storm8.com,Publisher Ads.txt,"dauup.com, 43696, DIRECT",dauup.com,43696,DIRECT,,False,False,,,
Dauup Authorization,Publishers Seller ID Tracker,Dauup,Publisher,droid-developer.com,Publisher Ads.txt,"dauup.com, 43697, DIRECT",dauup.com,43697,DIRECT,,False,False,,,
Dauup Authorization,Publishers Seller ID Tracker,Dauup,Publisher,ads-ippro.dvr163.com,Publisher Ads.txt,"dauup.com, 43698, DIRECT",dauup.com,43698,DIRECT,,False,False,,,
Dauup Authorization,Publishers Seller ID Tracker,Dauup,Publisher,aa2g1studios.org,Publisher Ads.txt,"dauup.com, 43699, DIRECT",dauup.com,43699,DIRECT,,False,False,,,
Dauup Authorization,Publishers Seller ID Tracker,Dauup,Publisher,asqteammobile.com,Publisher Ads.txt,"dauup.com, 43700, DIRECT",dauup.com,43700,DIRECT,,False,False,,,
Dauup Authorization,Publishers Seller ID Tracker,Dauup,Publisher,marygames.org,Publisher Ads.txt,"dauup.com, 43701, DIRECT",dauup.com,43701,DIRECT,,False,False,,,
Dauup Authorization,Publishers Seller ID Tracker,Dauup,Publisher,criticalforce.fi,Publisher Ads.txt,"dauup.com, 43702, DIRECT",dauup.com,43702,DIRECT,,False,False,,,
Dauup Authorization,Publishers Seller ID Tracker,Dauup,Publisher,ciprosoft.com,Publisher Ads.txt,"dauup.com, 43703, DIRECT",dauup.com,43703,DIRECT,,False,False,,,
Dauup Authorization,Publishers Seller ID Tracker,Dauup,Publisher,brochill.com,Publisher Ads.txt,"dauup.com, 43704, DIRECT",dauup.com,43704,DIRECT,,False,False,,,
Dauup Authorization,Publishers Seller ID Tracker,Dauup,Publisher,appdemensagens.com,Publisher Ads.txt,"dauup.com, 43705, DIRECT",dauup.com,43705,DIRECT,,False,False,,,
Dauup Authorization,Publishers Seller ID Tracker,Dauup,Publisher,booster.gearupglobal.com,Publisher Ads.txt,"dauup.com, 43706, DIRECT",dauup.com,43706,DIRECT,,False,False,,,
Dauup Authorization,Publishers Seller ID Tracker,Dauup,Publisher,greenseed.info,Publisher Ads.txt,"dauup.com, 43707, DIRECT",dauup.com,43707,DIRECT,,False,False,,,
Dauup Authorization,Publishers Seller ID Tracker,Dauup,Publisher,boldmoves-d2eff.web.app,Publisher Ads.txt,"dauup.com, 43708, DIRECT",dauup.com,43708,DIRECT,,False,False,,,
Dauup Authorization,Publishers Seller ID Tracker,Dauup,Publisher,bulbapedia.bulbagarden.net,Publisher Ads.txt,"dauup.com, 43709, DIRECT",dauup.com,43709,DIRECT,,False,False,,,
Dauup Authorization,Publishers Seller ID Tracker,Dauup,Publisher,cartoonandanimersoom.blogspot.com,Publisher Ads.txt,"dauup.com, 43710, DIRECT",dauup.com,43710,DIRECT,,False,False,,,
Dauup Authorization,Publishers Seller ID Tracker,Dauup,Publisher,bu.com.vn,Publisher Ads.txt,"dauup.com, 43711, DIRECT",dauup.com,43711,DIRECT,,False,False,,,
Dauup Authorization,Publishers Seller ID Tracker,Dauup,Publisher,aurastudiogame.blogspot.com,Publisher Ads.txt,"dauup.com, 43712, DIRECT",dauup.com,43712,DIRECT,,False,False,,,
Dauup Authorization,Publishers Seller ID Tracker,Dauup,Publisher,cookinggamemeiso.com,Publisher Ads.txt,"dauup.com, 43713, DIRECT",dauup.com,43713,DIRECT,,False,False,,,
Dauup Authorization,Publishers Seller ID Tracker,Dauup,Publisher,4yougames.site,Publisher Ads.txt,"dauup.com, 43714, DIRECT",dauup.com,43714,DIRECT,,False,False,,,
Dauup Authorization,Publishers Seller ID Tracker,Dauup,Publisher,assets.adxcorp.kr,Publisher Ads.txt,"dauup.com, 43715, DIRECT",dauup.com,43715,DIRECT,,False,False,,,
Dauup Authorization,Publishers Seller ID Tracker,Dauup,Publisher,bee.com,Publisher Ads.txt,"dauup.com, 43716, DIRECT",dauup.com,43716,DIRECT,,False,False,,,
Dauup Authorization,Publishers Seller ID Tracker,Dauup,Publisher,csdev.infinityfreeapp.com,Publisher Ads.txt,"dauup.com, 43717, DIRECT",dauup.com,43717,DIRECT,,False,False,,,
Dauup Authorization,Publishers Seller ID Tracker,Dauup,Publisher,colormatchcannons.io,Publisher Ads.txt,"dauup.com, 43718, DIRECT",dauup.com,43718,DIRECT,,False,False,,,
Dauup Authorization,Publishers Seller ID Tracker,Dauup,Publisher,onlydekar.netlify.app,Publisher Ads.txt,"dauup.com, 43719, DIRECT",dauup.com,43719,DIRECT,,False,False,,,
Dauup Authorization,Publishers Seller ID Tracker,Dauup,Publisher,bulentozdemir.netlify.app,Publisher Ads.txt,"dauup.com, 43720, DIRECT",dauup.com,43720,DIRECT,,False,False,,,
Dauup Authorization,Publishers Seller ID Tracker,Dauup,Publisher,brainmount.com,Publisher Ads.txt,"dauup.com, 43721, DIRECT",dauup.com,43721,DIRECT,,False,False,,,
Dauup Authorization,Publishers Seller ID Tracker,Dauup,Publisher,a6c23bb5c.app-ads-txt.com,Publisher Ads.txt,"dauup.com, 43722, DIRECT",dauup.com,43722,DIRECT,,False,False,,,
Dauup Authorization,Publishers Seller ID Tracker,Dauup,Publisher,4s-games.com,Publisher Ads.txt,"dauup.com, 43723, DIRECT",dauup.com,43723,DIRECT,,False,False,,,
Dauup Authorization,Publishers Seller ID Tracker,Dauup,Publisher,cashback.gift,Publisher Ads.txt,"dauup.com, 43724, DIRECT",dauup.com,43724,DIRECT,,False,False,,,
Dauup Authorization,Publishers Seller ID Tracker,Dauup,Publisher,studiocarrot.netlify.app,Publisher Ads.txt,"dauup.com, 43725, DIRECT",dauup.com,43725,DIRECT,,False,False,,,
Dauup Authorization,Publishers Seller ID Tracker,Dauup,Publisher,carrotg.netlify.app,Publisher Ads.txt,"dauup.com, 43726, DIRECT",dauup.com,43726,DIRECT,,False,False,,,
Dauup Authorization,Publishers Seller ID Tracker,Dauup,Publisher,bigfunmaker.com,Publisher Ads.txt,"dauup.com, 43727, DIRECT",dauup.com,43727,DIRECT,,False,False,,,
Dauup Authorization,Publishers Seller ID Tracker,Dauup,Publisher,en.lovetastic.ch,Publisher Ads.txt,"dauup.com, 43728, DIRECT",dauup.com,43728,DIRECT,,False,False,,,
Dauup Authorization,Publishers Seller ID Tracker,Dauup,Publisher,wickocast.firebaseapp.com,Publisher Ads.txt,"dauup.com, 43729, DIRECT",dauup.com,43729,DIRECT,,False,False,,,
Dauup Authorization,Publishers Seller ID Tracker,Dauup,Publisher,axisloopgames.com,Publisher Ads.txt,"dauup.com, 43730, DIRECT",dauup.com,43730,DIRECT,,False,False,,,
Dauup Authorization,Publishers Seller ID Tracker,Dauup,Publisher,berrylabapps.github.io,Publisher Ads.txt,"dauup.com, 43731, DIRECT",dauup.com,43731,DIRECT,,False,False,,,
Dauup Authorization,Publishers Seller ID Tracker,Dauup,Publisher,twinklegames.net,Publisher Ads.txt,"dauup.com, 43732, DIRECT",dauup.com,43732,DIRECT,,False,False,,,
Dauup Authorization,Publishers Seller ID Tracker,Dauup,Publisher,app.corntree.top,Publisher Ads.txt,"dauup.com, 43733, DIRECT",dauup.com,43733,DIRECT,,False,False,,,
Dauup Authorization,Publishers Seller ID Tracker,Dauup,Publisher,amobear.com,Publisher Ads.txt,"dauup.com, 43734, DIRECT",dauup.com,43734,DIRECT,,False,False,,,
Dauup Authorization,Publishers Seller ID Tracker,Dauup,Publisher,apptxtmyapps.zzz.com.ua,Publisher Ads.txt,"dauup.com, 43735, DIRECT",dauup.com,43735,DIRECT,,False,False,,,
Dauup Authorization,Publishers Seller ID Tracker,Dauup,Publisher,books.webelinxgames.com,Publisher Ads.txt,"dauup.com, 43736, DIRECT",dauup.com,43736,DIRECT,,False,False,,,
Dauup Authorization,Publishers Seller ID Tracker,Dauup,Publisher,b518b1fa7.app-ads-txt.com,Publisher Ads.txt,"dauup.com, 43737, DIRECT",dauup.com,43737,DIRECT,,False,False,,,
Dauup Authorization,Publishers Seller ID Tracker,Dauup,Publisher,bonbeart.github.io,Publisher Ads.txt,"dauup.com, 43738, DIRECT",dauup.com,43738,DIRECT,,False,False,,,
Dauup Authorization,Publishers Seller ID Tracker,Dauup,Publisher,d3vt450fcyhjot.cloudfront.net,Publisher Ads.txt,"dauup.com, 43739, DIRECT",dauup.com,43739,DIRECT,,False,False,,,
Dauup Authorization,Publishers Seller ID Tracker,Dauup,Publisher,d25y7appqik2kr.cloudfront.net,Publisher Ads.txt,"dauup.com, 43740, DIRECT",dauup.com,43740,DIRECT,,False,False,,,
Dauup Authorization,Publishers Seller ID Tracker,Dauup,Publisher,d2ng804h8v886p.cloudfront.net,Publisher Ads.txt,"dauup.com, 43741, DIRECT",dauup.com,43741,DIRECT,,False,False,,,
Dauup Authorization,Publishers Seller ID Tracker,Dauup,Publisher,beeworksgames.com,Publisher Ads.txt,"dauup.com, 43742, DIRECT",dauup.com,43742,DIRECT,,False,False,,,
Dauup Authorization,Publishers Seller ID Tracker,Dauup,Publisher,d3ocfgt13vsnrz.cloudfront.net,Publisher Ads.txt,"dauup.com, 43743, DIRECT",dauup.com,43743,DIRECT,,False,False,,,
Dauup Authorization,Publishers Seller ID Tracker,Dauup,Publisher,d24r7tiq3khrcw.cloudfront.net,Publisher Ads.txt,"dauup.com, 43744, DIRECT",dauup.com,43744,DIRECT,,False,False,,,
Dauup Authorization,Publishers Seller ID Tracker,Dauup,Publisher,a12990ea6.app-ads-txt.com,Publisher Ads.txt,"dauup.com, 43745, DIRECT",dauup.com,43745,DIRECT,,False,False,,,
Dauup Authorization,Publishers Seller ID Tracker,Dauup,Publisher,captaindroid.com,Publisher Ads.txt,"dauup.com, 43746, DIRECT",dauup.com,43746,DIRECT,,False,False,,,
Dauup Authorization,Publishers Seller ID Tracker,Dauup,Publisher,a96744f25.app-ads-txt.com,Publisher Ads.txt,"dauup.com, 43747, DIRECT",dauup.com,43747,DIRECT,,False,False,,,
Dauup Authorization,Publishers Seller ID Tracker,Dauup,Publisher,blackpyramid3dgames.com,Publisher Ads.txt,"dauup.com, 43748, DIRECT",dauup.com,43748,DIRECT,,False,False,,,
Dauup Authorization,Publishers Seller ID Tracker,Dauup,Publisher,antiway.net,Publisher Ads.txt,"dauup.com, 43749, DIRECT",dauup.com,43749,DIRECT,,False,False,,,
Dauup Authorization,Publishers Seller ID Tracker,Dauup,Publisher,femstudios.com,Publisher Ads.txt,"dauup.com, 43750, DIRECT",dauup.com,43750,DIRECT,,False,False,,,
Dauup Authorization,Publishers Seller ID Tracker,Dauup,Publisher,exchangerate-11f4a.web.app,Publisher Ads.txt,"dauup.com, 43751, DIRECT",dauup.com,43751,DIRECT,,False,False,,,
Dauup Authorization,Publishers Seller ID Tracker,Dauup,Publisher,35kod.com,Publisher Ads.txt,"dauup.com, 43752, DIRECT",dauup.com,43752,DIRECT,,False,False,,,
Dauup Authorization,Publishers Seller ID Tracker,Dauup,Publisher,figasegames.com,Publisher Ads.txt,"dauup.com, 43753, DIRECT",dauup.com,43753,DIRECT,,False,False,,,
Dauup Authorization,Publishers Seller ID Tracker,Dauup,Publisher,wildfire-games.com,Publisher Ads.txt,"dauup.com, 43754, DIRECT",dauup.com,43754,DIRECT,,False,False,,,
Dauup Authorization,Publishers Seller ID Tracker,Dauup,Publisher,ehliyethocam.org,Publisher Ads.txt,"dauup.com, 43755, DIRECT",dauup.com,43755,DIRECT,,False,False,,,
Dauup Authorization,Publishers Seller ID Tracker,Dauup,Publisher,andrewigames.com,Publisher Ads.txt,"dauup.com, 43756, DIRECT",dauup.com,43756,DIRECT,,False,False,,,
Dauup Authorization,Publishers Seller ID Tracker,Dauup,Publisher,beatswiper.com,Publisher Ads.txt,"dauup.com, 43757, DIRECT",dauup.com,43757,DIRECT,,False,False,,,
Dauup Authorization,Publishers Seller ID Tracker,Dauup,Publisher,aimirror.fun,Publisher Ads.txt,"dauup.com, 43758, DIRECT",dauup.com,43758,DIRECT,,False,False,,,
Dauup Authorization,Publishers Seller ID Tracker,Dauup,Publisher,airportsimulator.first-class.io,Publisher Ads.txt,"dauup.com, 43759, DIRECT",dauup.com,43759,DIRECT,,False,False,,,
Dauup Authorization,Publishers Seller ID Tracker,Dauup,Publisher,contentarcade.com,Publisher Ads.txt,"dauup.com, 43760, DIRECT",dauup.com,43760,DIRECT,,False,False,,,
Dauup Authorization,Publishers Seller ID Tracker,Dauup,Publisher,almondstudio.ru,Publisher Ads.txt,"dauup.com, 43761, DIRECT",dauup.com,43761,DIRECT,,False,False,,,
Dauup Authorization,Publishers Seller ID Tracker,Dauup,Publisher,citadel-resistance.web.app,Publisher Ads.txt,"dauup.com, 43762, DIRECT",dauup.com,43762,DIRECT,,False,False,,,
Dauup Authorization,Publishers Seller ID Tracker,Dauup,Publisher,ad53dc357.app-ads-txt.com,Publisher Ads.txt,"dauup.com, 43763, DIRECT",dauup.com,43763,DIRECT,,False,False,,,
Dauup Authorization,Publishers Seller ID Tracker,Dauup,Publisher,castleofnightmare.xyz,Publisher Ads.txt,"dauup.com, 43764, DIRECT",dauup.com,43764,DIRECT,,False,False,,,
Dauup Authorization,Publishers Seller ID Tracker,Dauup,Publisher,azelgames.com,Publisher Ads.txt,"dauup.com, 43765, DIRECT",dauup.com,43765,DIRECT,,False,False,,,
Dauup Authorization,Publishers Seller ID Tracker,Dauup,Publisher,garage54.ru,Publisher Ads.txt,"dauup.com, 43766, DIRECT",dauup.com,43766,DIRECT,,False,False,,,
Dauup Authorization,Publishers Seller ID Tracker,Dauup,Publisher,brainsoftduo.needmore.net,Publisher Ads.txt,"dauup.com, 43767, DIRECT",dauup.com,43767,DIRECT,,False,False,,,
Dauup Authorization,Publishers Seller ID Tracker,Dauup,Publisher,bigrowth.io,Publisher Ads.txt,"dauup.com, 43768, DIRECT",dauup.com,43768,DIRECT,,False,False,,,
Dauup Authorization,Publishers Seller ID Tracker,Dauup,Publisher,acerenagames.com,Publisher Ads.txt,"dauup.com, 43769, DIRECT",dauup.com,43769,DIRECT,,False,False,,,
Dauup Authorization,Publishers Seller ID Tracker,Dauup,Publisher,clusterappinnovation.blogspot.com,Publisher Ads.txt,"dauup.com, 43770, DIRECT",dauup.com,43770,DIRECT,,False,False,,,
Dauup Authorization,Publishers Seller ID Tracker,Dauup,Publisher,appradiofm.com,Publisher Ads.txt,"dauup.com, 43771, DIRECT",dauup.com,43771,DIRECT,,False,False,,,
Dauup Authorization,Publishers Seller ID Tracker,Dauup,Publisher,ecapps.info,Publisher Ads.txt,"dauup.com, 43772, DIRECT",dauup.com,43772,DIRECT,,False,False,,,
Dauup Authorization,Publishers Seller ID Tracker,Dauup,Publisher,supertechapp-site.web.app,Publisher Ads.txt,"dauup.com, 43773, DIRECT",dauup.com,43773,DIRECT,,False,False,,,
Dauup Authorization,Publishers Seller ID Tracker,Dauup,Publisher,apodev8.github.io,Publisher Ads.txt,"dauup.com, 43774, DIRECT",dauup.com,43774,DIRECT,,False,False,,,
Dauup Authorization,Publishers Seller ID Tracker,Dauup,Publisher,widget-club.com,Publisher Ads.txt,"dauup.com, 43775, DIRECT",dauup.com,43775,DIRECT,,False,False,,,
Dauup Authorization,Publishers Seller ID Tracker,Dauup,Publisher,fenechgame.github.io,Publisher Ads.txt,"dauup.com, 43776, DIRECT",dauup.com,43776,DIRECT,,False,False,,,
Dauup Authorization,Publishers Seller ID Tracker,Dauup,Publisher,clony.co.jp,Publisher Ads.txt,"dauup.com, 43777, DIRECT",dauup.com,43777,DIRECT,,False,False,,,
Dauup Authorization,Publishers Seller ID Tracker,Dauup,Publisher,radio-apps.com,Publisher Ads.txt,"dauup.com, 43778, DIRECT",dauup.com,43778,DIRECT,,False,False,,,
Dauup Authorization,Publishers Seller ID Tracker,Dauup,Publisher,canticuentos.es,Publisher Ads.txt,"dauup.com, 43779, DIRECT",dauup.com,43779,DIRECT,,False,False,,,
Dauup Authorization,Publishers Seller ID Tracker,Dauup,Publisher,amicoolsoft.github.io,Publisher Ads.txt,"dauup.com, 43780, DIRECT",dauup.com,43780,DIRECT,,False,False,,,
Dauup Authorization,Publishers Seller ID Tracker,Dauup,Publisher,alexstudiodeveloper.ru,Publisher Ads.txt,"dauup.com, 43781, DIRECT",dauup.com,43781,DIRECT,,False,False,,,
Dauup Authorization,Publishers Seller ID Tracker,Dauup,Publisher,defensezone.net,Publisher Ads.txt,"dauup.com, 43782, DIRECT",dauup.com,43782,DIRECT,,False,False,,,
Dauup Authorization,Publishers Seller ID Tracker,Dauup,Publisher,erabitstudios.com,Publisher Ads.txt,"dauup.com, 43783, DIRECT",dauup.com,43783,DIRECT,,False,False,,,
Dauup Authorization,Publishers Seller ID Tracker,Dauup,Publisher,buzido.com,Publisher Ads.txt,"dauup.com, 43784, DIRECT",dauup.com,43784,DIRECT,,False,False,,,
Dauup Authorization,Publishers Seller ID Tracker,Dauup,Publisher,app-ofcr.com,Publisher Ads.txt,"dauup.com, 43785, DIRECT",dauup.com,43785,DIRECT,,False,False,,,
Dauup Authorization,Publishers Seller ID Tracker,Dauup,Publisher,re15ce483.app-ads-txt.com,Publisher Ads.txt,"dauup.com, 43786, DIRECT",dauup.com,43786,DIRECT,,False,False,,,
Dauup Authorization,Publishers Seller ID Tracker,Dauup,Publisher,clegames.co.kr,Publisher Ads.txt,"dauup.com, 43787, DIRECT",dauup.com,43787,DIRECT,,False,False,,,
Dauup Authorization,Publishers Seller ID Tracker,Dauup,Publisher,mansapp.blogspot.com,Publisher Ads.txt,"dauup.com, 43788, DIRECT",dauup.com,43788,DIRECT,,False,False,,,
Dauup Authorization,Publishers Seller ID Tracker,Dauup,Publisher,easyrideapp.com,Publisher Ads.txt,"dauup.com, 43789, DIRECT",dauup.com,43789,DIRECT,,False,False,,,
Dauup Authorization,Publishers Seller ID Tracker,Dauup,Publisher,easy-clean-a04e8.web.app,Publisher Ads.txt,"dauup.com, 43790, DIRECT",dauup.com,43790,DIRECT,,False,False,,,
Dauup Authorization,Publishers Seller ID Tracker,Dauup,Publisher,4bdn-stories.com,Publisher Ads.txt,"dauup.com, 43791, DIRECT",dauup.com,43791,DIRECT,,False,False,,,
Dauup Authorization,Publishers Seller ID Tracker,Dauup,Publisher,spicysparks.com,Publisher Ads.txt,"dauup.com, 43792, DIRECT",dauup.com,43792,DIRECT,,False,False,,,
Dauup Authorization,Publishers Seller ID Tracker,Dauup,Publisher,alpha-developers.dimital.com,Publisher Ads.txt,"dauup.com, 43793, DIRECT",dauup.com,43793,DIRECT,,False,False,,,
Dauup Authorization,Publishers Seller ID Tracker,Dauup,Publisher,esound.app,Publisher Ads.txt,"dauup.com, 43794, DIRECT",dauup.com,43794,DIRECT,,False,False,,,
Dauup Authorization,Publishers Seller ID Tracker,Dauup,Publisher,beta-developers.dimital.com,Publisher Ads.txt,"dauup.com, 43795, DIRECT",dauup.com,43795,DIRECT,,False,False,,,
Dauup Authorization,Publishers Seller ID Tracker,Dauup,Publisher,artingame.at,Publisher Ads.txt,"dauup.com, 43796, DIRECT",dauup.com,43796,DIRECT,,False,False,,,
Dauup Authorization,Publishers Seller ID Tracker,Dauup,Publisher,turnedondigital.com,Publisher Ads.txt,"dauup.com, 43797, DIRECT",dauup.com,43797,DIRECT,,False,False,,,
Dauup Authorization,Publishers Seller ID Tracker,Dauup,Publisher,dramalive.app,Publisher Ads.txt,"dauup.com, 43798, DIRECT",dauup.com,43798,DIRECT,,False,False,,,
Dauup Authorization,Publishers Seller ID Tracker,Dauup,Publisher,dalakgames.com,Publisher Ads.txt,"dauup.com, 43799, DIRECT",dauup.com,43799,DIRECT,,False,False,,,
Dauup Authorization,Publishers Seller ID Tracker,Dauup,Publisher,bigeaglestudios.blogspot.com,Publisher Ads.txt,"dauup.com, 43800, DIRECT",dauup.com,43800,DIRECT,,False,False,,,
Dauup Authorization,Publishers Seller ID Tracker,Dauup,Publisher,www.acgamegroup.com,Publisher Ads.txt,"dauup.com, 43801, DIRECT",dauup.com,43801,DIRECT,,False,False,,,
Dauup Authorization,Publishers Seller ID Tracker,Dauup,Publisher,appsfnd.blogspot.com,Publisher Ads.txt,"dauup.com, 43802, DIRECT",dauup.com,43802,DIRECT,,False,False,,,
Dauup Authorization,Publishers Seller ID Tracker,Dauup,Publisher,9t0c.com,Publisher Ads.txt,"dauup.com, 43803, DIRECT",dauup.com,43803,DIRECT,,False,False,,,
Dauup Authorization,Publishers Seller ID Tracker,Dauup,Publisher,e9dec7558.app-ads-txt.com,Publisher Ads.txt,"dauup.com, 43804, DIRECT",dauup.com,43804,DIRECT,,False,False,,,
Dauup Authorization,Publishers Seller ID Tracker,Dauup,Publisher,abo.fr.de,Publisher Ads.txt,"dauup.com, 43805, DIRECT, 4daba13e2b0dfd92",dauup.com,43805,DIRECT,4daba13e2b0dfd92,False,False,,,
Dauup Authorization,Publishers Seller ID Tracker,Dauup,Publisher,ukiku.app,Publisher Ads.txt,"dauup.com, 43806, DIRECT, 4daba13e2b0dfd92",dauup.com,43806,DIRECT,4daba13e2b0dfd92,False,False,,,
Dauup Authorization,Publishers Seller ID Tracker,Dauup,Publisher,app.doid.dev,Publisher Ads.txt,"dauup.com, 43807, DIRECT, 4daba13e2b0dfd92",dauup.com,43807,DIRECT,4daba13e2b0dfd92,False,False,,,
Dauup Authorization,Publishers Seller ID Tracker,Dauup,Publisher,download.closeli.com,Publisher Ads.txt,"dauup.com, 43808, DIRECT, 4daba13e2b0dfd92",dauup.com,43808,DIRECT,4daba13e2b0dfd92,False,False,,,
Dauup Authorization,Publishers Seller ID Tracker,Dauup,Publisher,tzngames.github.io,Publisher Ads.txt,"dauup.com, 43809, DIRECT, 4daba13e2b0dfd92",dauup.com,43809,DIRECT,4daba13e2b0dfd92,False,False,,,
Dauup Authorization,Publishers Seller ID Tracker,Dauup,Publisher,99-99apps.tech,Publisher Ads.txt,"dauup.com, 43810, DIRECT, 4daba13e2b0dfd92",dauup.com,43810,DIRECT,4daba13e2b0dfd92,False,False,,,
Dauup Authorization,Publishers Seller ID Tracker,Dauup,Publisher,apollos.top,Publisher Ads.txt,"dauup.com, 43811, DIRECT, 4daba13e2b0dfd92",dauup.com,43811,DIRECT,4daba13e2b0dfd92,False,False,,,
Dauup Authorization,Publishers Seller ID Tracker,Dauup,Publisher,alexis-rock.github.io,Publisher Ads.txt,"dauup.com, 43812, DIRECT, 4daba13e2b0dfd92",dauup.com,43812,DIRECT,4daba13e2b0dfd92,False,False,,,
Dauup Authorization,Publishers Seller ID Tracker,Dauup,Publisher,reddogapp.com,Publisher Ads.txt,"dauup.com, 43813, DIRECT, 4daba13e2b0dfd92",dauup.com,43813,DIRECT,4daba13e2b0dfd92,False,False,,,
Dauup Authorization,Publishers Seller ID Tracker,Dauup,Publisher,ascellamobile.com,Publisher Ads.txt,"dauup.com, 43814, DIRECT, 4daba13e2b0dfd92",dauup.com,43814,DIRECT,4daba13e2b0dfd92,False,False,,,
Dauup Authorization,Publishers Seller ID Tracker,Dauup,Publisher,blitzvpn.org,Publisher Ads.txt,"dauup.com, 43815, DIRECT, 4daba13e2b0dfd92",dauup.com,43815,DIRECT,4daba13e2b0dfd92,False,False,,,
Dauup Authorization,Publishers Seller ID Tracker,Dauup,Publisher,fibi.ng,Publisher Ads.txt,"dauup.com, 43816, DIRECT, 4daba13e2b0dfd92",dauup.com,43816,DIRECT,4daba13e2b0dfd92,False,False,,,
Dauup Authorization,Publishers Seller ID Tracker,Dauup,Publisher,ekuklo.ru,Publisher Ads.txt,"dauup.com, 43817, DIRECT, 4daba13e2b0dfd92",dauup.com,43817,DIRECT,4daba13e2b0dfd92,False,False,,,
Dauup Authorization,Publishers Seller ID Tracker,Dauup,Publisher,all-for-games.com,Publisher Ads.txt,"dauup.com, 43818, DIRECT, 4daba13e2b0dfd92",dauup.com,43818,DIRECT,4daba13e2b0dfd92,False,False,,,
Dauup Authorization,Publishers Seller ID Tracker,Dauup,Publisher,awordga.me,Publisher Ads.txt,"dauup.com, 43819, DIRECT, 4daba13e2b0dfd92",dauup.com,43819,DIRECT,4daba13e2b0dfd92,False,False,,,
Dauup Authorization,Publishers Seller ID Tracker,Dauup,Publisher,acher-defense.web.app,Publisher Ads.txt,"dauup.com, 43820, DIRECT, 4daba13e2b0dfd92",dauup.com,43820,DIRECT,4daba13e2b0dfd92,False,False,,,
Dauup Authorization,Publishers Seller ID Tracker,Dauup,Publisher,api.dinozdev.com,Publisher Ads.txt,"dauup.com, 43821, DIRECT, 4daba13e2b0dfd92",dauup.com,43821,DIRECT,4daba13e2b0dfd92,False,False,,,
Dauup Authorization,Publishers Seller ID Tracker,Dauup,Publisher,7cd5ca65-7c35-42eb-9167-d73561f1b6bf.app-ads-host.com,Publisher Ads.txt,"dauup.com, 43822, DIRECT, 4daba13e2b0dfd92",dauup.com,43822,DIRECT,4daba13e2b0dfd92,False,False,,,
Dauup Authorization,Publishers Seller ID Tracker,Dauup,Publisher,better-life-apps.github.io,Publisher Ads.txt,"dauup.com, 43823, DIRECT, 4daba13e2b0dfd92",dauup.com,43823,DIRECT,4daba13e2b0dfd92,False,False,,,
Dauup Authorization,Publishers Seller ID Tracker,Dauup,Publisher,admob-77451.web.app,Publisher Ads.txt,"dauup.com, 43824, DIRECT, 4daba13e2b0dfd92",dauup.com,43824,DIRECT,4daba13e2b0dfd92,False,False,,,
Dauup Authorization,Publishers Seller ID Tracker,Dauup,Publisher,engrocleaner.com,Publisher Ads.txt,"dauup.com, 43825, DIRECT, 4daba13e2b0dfd92",dauup.com,43825,DIRECT,4daba13e2b0dfd92,False,False,,,
Dauup Authorization,Publishers Seller ID Tracker,Dauup,Publisher,colorguruapp.com,Publisher Ads.txt,"dauup.com, 43826, DIRECT, 4daba13e2b0dfd92",dauup.com,43826,DIRECT,4daba13e2b0dfd92,False,False,,,
Dauup Authorization,Publishers Seller ID Tracker,Dauup,Publisher,downieapp.netlify.app,Publisher Ads.txt,"dauup.com, 43827, DIRECT, 4daba13e2b0dfd92",dauup.com,43827,DIRECT,4daba13e2b0dfd92,False,False,,,
Dauup Authorization,Publishers Seller ID Tracker,Dauup,Publisher,dreamydingo.com,Publisher Ads.txt,"dauup.com, 43828, DIRECT, 4daba13e2b0dfd92",dauup.com,43828,DIRECT,4daba13e2b0dfd92,False,False,,,
Dauup Authorization,Publishers Seller ID Tracker,Dauup,Publisher,widgetbox.top,Publisher Ads.txt,"dauup.com, 43829, DIRECT, 4daba13e2b0dfd92",dauup.com,43829,DIRECT,4daba13e2b0dfd92,False,False,,,
Dauup Authorization,Publishers Seller ID Tracker,Dauup,Publisher,camiloxhorrorgames.blogspot.com,Publisher Ads.txt,"dauup.com, 43830, DIRECT, 4daba13e2b0dfd92",dauup.com,43830,DIRECT,4daba13e2b0dfd92,False,False,,,
Dauup Authorization,Publishers Seller ID Tracker,Dauup,Publisher,absolutist.com,Publisher Ads.txt,"dauup.com, 43831, DIRECT, 4daba13e2b0dfd92",dauup.com,43831,DIRECT,4daba13e2b0dfd92,False,False,,,
Dauup Authorization,Publishers Seller ID Tracker,Dauup,Publisher,boodagames.com,Publisher Ads.txt,"dauup.com, 43832, DIRECT, 4daba13e2b0dfd92",dauup.com,43832,DIRECT,4daba13e2b0dfd92,False,False,,,
Dauup Authorization,Publishers Seller ID Tracker,Dauup,Publisher,dcmobdev.github.io,Publisher Ads.txt,"dauup.com, 43833, DIRECT, 4daba13e2b0dfd92",dauup.com,43833,DIRECT,4daba13e2b0dfd92,False,False,,,
Dauup Authorization,Publishers Seller ID Tracker,Dauup,Publisher,appvolu.com,Publisher Ads.txt,"dauup.com, 43834, DIRECT, 4daba13e2b0dfd92",dauup.com,43834,DIRECT,4daba13e2b0dfd92,False,False,,,
Dauup Authorization,Publishers Seller ID Tracker,Dauup,Publisher,starbyface.com,Publisher Ads.txt,"dauup.com, 43835, DIRECT, 4daba13e2b0dfd92",dauup.com,43835,DIRECT,4daba13e2b0dfd92,False,False,,,
Dauup Authorization,Publishers Seller ID Tracker,Dauup,Publisher,tvgram-inc.github.io,Publisher Ads.txt,"dauup.com, 43836, DIRECT, 4daba13e2b0dfd92",dauup.com,43836,DIRECT,4daba13e2b0dfd92,False,False,,,
Dauup Authorization,Publishers Seller ID Tracker,Dauup,Publisher,bonobroo.com,Publisher Ads.txt,"dauup.com, 43837, DIRECT, 4daba13e2b0dfd92",dauup.com,43837,DIRECT,4daba13e2b0dfd92,False,False,,,
Dauup Authorization,Publishers Seller ID Tracker,Dauup,Publisher,elokence.com,Publisher Ads.txt,"dauup.com, 43838, DIRECT, 4daba13e2b0dfd92",dauup.com,43838,DIRECT,4daba13e2b0dfd92,False,False,,,
Dauup Authorization,Publishers Seller ID Tracker,Dauup,Publisher,ac8900b62.app-ads-txt.com,Publisher Ads.txt,"dauup.com, 43839, DIRECT, 4daba13e2b0dfd92",dauup.com,43839,DIRECT,4daba13e2b0dfd92,False,False,,,
Dauup Authorization,Publishers Seller ID Tracker,Dauup,Publisher,app.netspeedtestmaster.com,Publisher Ads.txt,"dauup.com, 43840, DIRECT, 4daba13e2b0dfd92",dauup.com,43840,DIRECT,4daba13e2b0dfd92,False,False,,,
Dauup Authorization,Publishers Seller ID Tracker,Dauup,Publisher,calomeal.com,Publisher Ads.txt,"dauup.com, 43841, DIRECT, 4daba13e2b0dfd92",dauup.com,43841,DIRECT,4daba13e2b0dfd92,False,False,,,
Dauup Authorization,Publishers Seller ID Tracker,Dauup,Publisher,alphanovel.io,Publisher Ads.txt,"dauup.com, 43842, DIRECT, 4daba13e2b0dfd92",dauup.com,43842,DIRECT,4daba13e2b0dfd92,False,False,,,
Dauup Authorization,Publishers Seller ID Tracker,Dauup,Publisher,boostme.s3.amazonaws.com,Publisher Ads.txt,"dauup.com, 43843, DIRECT, 4daba13e2b0dfd92",dauup.com,43843,DIRECT,4daba13e2b0dfd92,False,False,,,
Dauup Authorization,Publishers Seller ID Tracker,Dauup,Publisher,bobeargames.com,Publisher Ads.txt,"dauup.com, 43844, DIRECT, 4daba13e2b0dfd92",dauup.com,43844,DIRECT,4daba13e2b0dfd92,False,False,,,
Dauup Authorization,Publishers Seller ID Tracker,Dauup,Publisher,callbreak.xyz,Publisher Ads.txt,"dauup.com, 43845, DIRECT, 4daba13e2b0dfd92",dauup.com,43845,DIRECT,4daba13e2b0dfd92,False,False,,,
Dauup Authorization,Publishers Seller ID Tracker,Dauup,Publisher,appsrock.app,Publisher Ads.txt,"dauup.com, 43846, DIRECT, 4daba13e2b0dfd92",dauup.com,43846,DIRECT,4daba13e2b0dfd92,False,False,,,
Dauup Authorization,Publishers Seller ID Tracker,Dauup,Publisher,carrom.xyz,Publisher Ads.txt,"dauup.com, 43847, DIRECT, 4daba13e2b0dfd92",dauup.com,43847,DIRECT,4daba13e2b0dfd92,False,False,,,
Dauup Authorization,Publishers Seller ID Tracker,Dauup,Publisher,big4technology.pk,Publisher Ads.txt,"dauup.com, 43848, DIRECT, 4daba13e2b0dfd92",dauup.com,43848,DIRECT,4daba13e2b0dfd92,False,False,,,
Dauup Authorization,Publishers Seller ID Tracker,Dauup,Publisher,apprope.com,Publisher Ads.txt,"dauup.com, 43849, DIRECT, 4daba13e2b0dfd92",dauup.com,43849,DIRECT,4daba13e2b0dfd92,False,False,,,
Dauup Authorization,Publishers Seller ID Tracker,Dauup,Publisher,artdigic.com,Publisher Ads.txt,"dauup.com, 43850, DIRECT, 4daba13e2b0dfd92",dauup.com,43850,DIRECT,4daba13e2b0dfd92,False,False,,,
Dauup Authorization,Publishers Seller ID Tracker,Dauup,Publisher,comic-days.com,Publisher Ads.txt,"dauup.com, 43851, DIRECT, 4daba13e2b0dfd92",dauup.com,43851,DIRECT,4daba13e2b0dfd92,False,False,,,
Dauup Authorization,Publishers Seller ID Tracker,Dauup,Publisher,durakgamesstudio.com,Publisher Ads.txt,"dauup.com, 43852, DIRECT, 4daba13e2b0dfd92",dauup.com,43852,DIRECT,4daba13e2b0dfd92,False,False,,,
Dauup Authorization,Publishers Seller ID Tracker,Dauup,Publisher,abtalkapi.oneway-tech.com,Publisher Ads.txt,"dauup.com, 43853, DIRECT, 4daba13e2b0dfd92",dauup.com,43853,DIRECT,4daba13e2b0dfd92,False,False,,,
Dauup Authorization,Publishers Seller ID Tracker,Dauup,Publisher,animus-mortis.github.io,Publisher Ads.txt,"dauup.com, 43854, DIRECT, 4daba13e2b0dfd92",dauup.com,43854,DIRECT,4daba13e2b0dfd92,False,False,,,
Dauup Authorization,Publishers Seller ID Tracker,Dauup,Publisher,endlessgoldfish.com,Publisher Ads.txt,"dauup.com, 43855, DIRECT, 4daba13e2b0dfd92",dauup.com,43855,DIRECT,4daba13e2b0dfd92,False,False,,,
Dauup Authorization,Publishers Seller ID Tracker,Dauup,Publisher,account.mytel.com.mm,Publisher Ads.txt,"dauup.com, 43856, DIRECT, 4daba13e2b0dfd92",dauup.com,43856,DIRECT,4daba13e2b0dfd92,False,False,,,
Dauup Authorization,Publishers Seller ID Tracker,Dauup,Publisher,anh-lt.github.io,Publisher Ads.txt,"dauup.com, 43857, DIRECT, 4daba13e2b0dfd92",dauup.com,43857,DIRECT,4daba13e2b0dfd92,False,False,,,
Dauup Authorization,Publishers Seller ID Tracker,Dauup,Publisher,smilems.jp,Publisher Ads.txt,"dauup.com, 43858, DIRECT, 4daba13e2b0dfd92",dauup.com,43858,DIRECT,4daba13e2b0dfd92,False,False,,,
Dauup Authorization,Publishers Seller ID Tracker,Dauup,Publisher,ccgames.io,Publisher Ads.txt,"dauup.com, 43859, DIRECT, 4daba13e2b0dfd92",dauup.com,43859,DIRECT,4daba13e2b0dfd92,False,False,,,
Dauup Authorization,Publishers Seller ID Tracker,Dauup,Publisher,buzzpowder.co.kr,Publisher Ads.txt,"dauup.com, 43860, DIRECT, 4daba13e2b0dfd92",dauup.com,43860,DIRECT,4daba13e2b0dfd92,False,False,,,
Dauup Authorization,Publishers Seller ID Tracker,Dauup,Publisher,buzz.gabia.io,Publisher Ads.txt,"dauup.com, 43861, DIRECT, 4daba13e2b0dfd92",dauup.com,43861,DIRECT,4daba13e2b0dfd92,False,False,,,
Dauup Authorization,Publishers Seller ID Tracker,Dauup,Publisher,spheroid.studio,Publisher Ads.txt,"dauup.com, 43862, DIRECT, 4daba13e2b0dfd92",dauup.com,43862,DIRECT,4daba13e2b0dfd92,False,False,,,
Dauup Authorization,Publishers Seller ID Tracker,Dauup,Publisher,bdjobs.com,Publisher Ads.txt,"dauup.com, 43863, DIRECT, 4daba13e2b0dfd92",dauup.com,43863,DIRECT,4daba13e2b0dfd92,False,False,,,
Dauup Authorization,Publishers Seller ID Tracker,Dauup,Publisher,amoledcolorphone.s3.amazonaws.com,Publisher Ads.txt,"dauup.com, 43864, DIRECT, 4daba13e2b0dfd92",dauup.com,43864,DIRECT,4daba13e2b0dfd92,False,False,,,
Dauup Authorization,Publishers Seller ID Tracker,Dauup,Publisher,daradarahp.club,Publisher Ads.txt,"dauup.com, 43865, DIRECT, 4daba13e2b0dfd92",dauup.com,43865,DIRECT,4daba13e2b0dfd92,False,False,,,
Dauup Authorization,Publishers Seller ID Tracker,Dauup,Publisher,manthan9830.blogspot.com,Publisher Ads.txt,"dauup.com, 43866, DIRECT, 4daba13e2b0dfd92",dauup.com,43866,DIRECT,4daba13e2b0dfd92,False,False,,,
Dauup Authorization,Publishers Seller ID Tracker,Dauup,Publisher,chatie.me,Publisher Ads.txt,"dauup.com, 43867, DIRECT, 4daba13e2b0dfd92",dauup.com,43867,DIRECT,4daba13e2b0dfd92,False,False,,,
Dauup Authorization,Publishers Seller ID Tracker,Dauup,Publisher,baconreader.com,Publisher Ads.txt,"dauup.com, 43868, DIRECT, 4daba13e2b0dfd92",dauup.com,43868,DIRECT,4daba13e2b0dfd92,False,False,,,
Dauup Authorization,Publishers Seller ID Tracker,Dauup,Publisher,amazia.co.jp,Publisher Ads.txt,"dauup.com, 43869, DIRECT, 4daba13e2b0dfd92",dauup.com,43869,DIRECT,4daba13e2b0dfd92,False,False,,,
Dauup Authorization,Publishers Seller ID Tracker,Dauup,Publisher,android.studio3.tech,Publisher Ads.txt,"dauup.com, 43870, DIRECT, 4daba13e2b0dfd92",dauup.com,43870,DIRECT,4daba13e2b0dfd92,False,False,,,
Dauup Authorization,Publishers Seller ID Tracker,Dauup,Publisher,coolvpn.cc,Publisher Ads.txt,"dauup.com, 43871, DIRECT, 4daba13e2b0dfd92",dauup.com,43871,DIRECT,4daba13e2b0dfd92,False,False,,,
Dauup Authorization,Publishers Seller ID Tracker,Dauup,Publisher,aaminer.blogspot.com,Publisher Ads.txt,"dauup.com, 43872, DIRECT, 4daba13e2b0dfd92",dauup.com,43872,DIRECT,4daba13e2b0dfd92,False,False,,,
Dauup Authorization,Publishers Seller ID Tracker,Dauup,Publisher,dendorunner.com,Publisher Ads.txt,"dauup.com, 43873, DIRECT, 4daba13e2b0dfd92",dauup.com,43873,DIRECT,4daba13e2b0dfd92,False,False,,,
Dauup Authorization,Publishers Seller ID Tracker,Dauup,Publisher,dothabit.com,Publisher Ads.txt,"dauup.com, 43874, DIRECT, 4daba13e2b0dfd92",dauup.com,43874,DIRECT,4daba13e2b0dfd92,False,False,,,
Dauup Authorization,Publishers Seller ID Tracker,Dauup,Publisher,bkkjoy.com,Publisher Ads.txt,"dauup.com, 43875, DIRECT, 4daba13e2b0dfd92",dauup.com,43875,DIRECT,4daba13e2b0dfd92,False,False,,,
Dauup Authorization,Publishers Seller ID Tracker,Dauup,Publisher,m48ad4e11.app-ads-txt.com,Publisher Ads.txt,"dauup.com, 43876, DIRECT, 4daba13e2b0dfd92",dauup.com,43876,DIRECT,4daba13e2b0dfd92,False,False,,,
Dauup Authorization,Publishers Seller ID Tracker,Dauup,Publisher,egg.liqianping.cn,Publisher Ads.txt,"dauup.com, 43877, DIRECT, 4daba13e2b0dfd92",dauup.com,43877,DIRECT,4daba13e2b0dfd92,False,False,,,
Dauup Authorization,Publishers Seller ID Tracker,Dauup,Publisher,angamingstudio.blogspot.com,Publisher Ads.txt,"dauup.com, 43878, DIRECT, 4daba13e2b0dfd92",dauup.com,43878,DIRECT,4daba13e2b0dfd92,False,False,,,
Dauup Authorization,Publishers Seller ID Tracker,Dauup,Publisher,privacypic.blogspot.com,Publisher Ads.txt,"dauup.com, 43879, DIRECT, 4daba13e2b0dfd92",dauup.com,43879,DIRECT,4daba13e2b0dfd92,False,False,,,
Dauup Authorization,Publishers Seller ID Tracker,Dauup,Publisher,aktiscorp.com,Publisher Ads.txt,"dauup.com, 43880, DIRECT, 4daba13e2b0dfd92",dauup.com,43880,DIRECT,4daba13e2b0dfd92,False,False,,,
Dauup Authorization,Publishers Seller ID Tracker,Dauup,Publisher,blocksignal.app,Publisher Ads.txt,"dauup.com, 43881, DIRECT, 4daba13e2b0dfd92",dauup.com,43881,DIRECT,4daba13e2b0dfd92,False,False,,,
Dauup Authorization,Publishers Seller ID Tracker,Dauup,Publisher,720.media,Publisher Ads.txt,"dauup.com, 43882, DIRECT, 4daba13e2b0dfd92",dauup.com,43882,DIRECT,4daba13e2b0dfd92,False,False,,,
Dauup Authorization,Publishers Seller ID Tracker,Dauup,Publisher,dwango.co.jp,Publisher Ads.txt,"dauup.com, 43883, DIRECT, 4daba13e2b0dfd92",dauup.com,43883,DIRECT,4daba13e2b0dfd92,False,False,,,
Dauup Authorization,Publishers Seller ID Tracker,Dauup,Publisher,asiancookingstar.theappguruz.com,Publisher Ads.txt,"dauup.com, 43884, DIRECT, 4daba13e2b0dfd92",dauup.com,43884,DIRECT,4daba13e2b0dfd92,False,False,,,
Dauup Authorization,Publishers Seller ID Tracker,Dauup,Publisher,error404game.github.io,Publisher Ads.txt,"dauup.com, 43885, DIRECT, 4daba13e2b0dfd92",dauup.com,43885,DIRECT,4daba13e2b0dfd92,False,False,,,
Dauup Authorization,Publishers Seller ID Tracker,Dauup,Publisher,champapps.com,Publisher Ads.txt,"dauup.com, 43886, DIRECT, 4daba13e2b0dfd92",dauup.com,43886,DIRECT,4daba13e2b0dfd92,False,False,,,
Dauup Authorization,Publishers Seller ID Tracker,Dauup,Publisher,e3747353a.app-ads-txt.com,Publisher Ads.txt,"dauup.com, 43887, DIRECT, 4daba13e2b0dfd92",dauup.com,43887,DIRECT,4daba13e2b0dfd92,False,False,,,
Dauup Authorization,Publishers Seller ID Tracker,Dauup,Publisher,fenomen-games.com,Publisher Ads.txt,"dauup.com, 43888, DIRECT, 4daba13e2b0dfd92",dauup.com,43888,DIRECT,4daba13e2b0dfd92,False,False,,,
Dauup Authorization,Publishers Seller ID Tracker,Dauup,Publisher,diary.resources.mergesigma.com,Publisher Ads.txt,"dauup.com, 43889, DIRECT, 4daba13e2b0dfd92",dauup.com,43889,DIRECT,4daba13e2b0dfd92,False,False,,,
Dauup Authorization,Publishers Seller ID Tracker,Dauup,Publisher,candy.resources.mergewarehouse.com,Publisher Ads.txt,"dauup.com, 43890, DIRECT, 4daba13e2b0dfd92",dauup.com,43890,DIRECT,4daba13e2b0dfd92,False,False,,,
Dauup Authorization,Publishers Seller ID Tracker,Dauup,Publisher,clicksplay.com,Publisher Ads.txt,"dauup.com, 43891, DIRECT, 4daba13e2b0dfd92",dauup.com,43891,DIRECT,4daba13e2b0dfd92,False,False,,,
Dauup Authorization,Publishers Seller ID Tracker,Dauup,Publisher,appvise.su,Publisher Ads.txt,"dauup.com, 43892, DIRECT, 4daba13e2b0dfd92",dauup.com,43892,DIRECT,4daba13e2b0dfd92,False,False,,,
Dauup Authorization,Publishers Seller ID Tracker,Dauup,Publisher,appvise.ru,Publisher Ads.txt,"dauup.com, 43893, DIRECT, 4daba13e2b0dfd92",dauup.com,43893,DIRECT,4daba13e2b0dfd92,False,False,,,
Dauup Authorization,Publishers Seller ID Tracker,Dauup,Publisher,crazypandagames.com,Publisher Ads.txt,"dauup.com, 43894, DIRECT, 4daba13e2b0dfd92",dauup.com,43894,DIRECT,4daba13e2b0dfd92,False,False,,,
Dauup Authorization,Publishers Seller ID Tracker,Dauup,Publisher,apptechgalleryapps.blogspot.com,Publisher Ads.txt,"dauup.com, 43895, DIRECT, 4daba13e2b0dfd92",dauup.com,43895,DIRECT,4daba13e2b0dfd92,False,False,,,
Dauup Authorization,Publishers Seller ID Tracker,Dauup,Publisher,aruco.app,Publisher Ads.txt,"dauup.com, 43896, DIRECT, 4daba13e2b0dfd92",dauup.com,43896,DIRECT,4daba13e2b0dfd92,False,False,,,
Dauup Authorization,Publishers Seller ID Tracker,Dauup,Publisher,arastirmaci1.github.io,Publisher Ads.txt,"dauup.com, 43897, DIRECT, 4daba13e2b0dfd92",dauup.com,43897,DIRECT,4daba13e2b0dfd92,False,False,,,
Dauup Authorization,Publishers Seller ID Tracker,Dauup,Publisher,en.bokuneko.ignm-games.com,Publisher Ads.txt,"dauup.com, 43898, DIRECT, 4daba13e2b0dfd92",dauup.com,43898,DIRECT,4daba13e2b0dfd92,False,False,,,
Dauup Authorization,Publishers Seller ID Tracker,Dauup,Publisher,color-water-sort-2021-ios.web.app,Publisher Ads.txt,"dauup.com, 43899, DIRECT, 4daba13e2b0dfd92",dauup.com,43899,DIRECT,4daba13e2b0dfd92,False,False,,,
Dauup Authorization,Publishers Seller ID Tracker,Dauup,Publisher,bokuneko.ignm-games.com,Publisher Ads.txt,"dauup.com, 43900, DIRECT, 4daba13e2b0dfd92",dauup.com,43900,DIRECT,4daba13e2b0dfd92,False,False,,,
Dauup Authorization,Publishers Seller ID Tracker,Dauup,Publisher,annaiappsolutions.web.app,Publisher Ads.txt,"dauup.com, 43901, DIRECT, 4daba13e2b0dfd92",dauup.com,43901,DIRECT,4daba13e2b0dfd92,False,False,,,
Dauup Authorization,Publishers Seller ID Tracker,Dauup,Publisher,fe6516376.app-ads-txt.com,Publisher Ads.txt,"dauup.com, 43902, DIRECT, 4daba13e2b0dfd92",dauup.com,43902,DIRECT,4daba13e2b0dfd92,False,False,,,
Dauup Authorization,Publishers Seller ID Tracker,Dauup,Publisher,ciechanowinaczej.pl,Publisher Ads.txt,"dauup.com, 43903, DIRECT, 4daba13e2b0dfd92",dauup.com,43903,DIRECT,4daba13e2b0dfd92,False,False,,,
Dauup Authorization,Publishers Seller ID Tracker,Dauup,Publisher,suprematy.com,Publisher Ads.txt,"dauup.com, 43904, DIRECT, 4daba13e2b0dfd92",dauup.com,43904,DIRECT,4daba13e2b0dfd92,False,False,,,
Dauup Authorization,Publishers Seller ID Tracker,Dauup,Publisher,approtic.in,Publisher Ads.txt,"dauup.com, 43905, DIRECT, 4daba13e2b0dfd92",dauup.com,43905,DIRECT,4daba13e2b0dfd92,False,False,,,
Dauup Authorization,Publishers Seller ID Tracker,Dauup,Publisher,1weatherapp.com,Publisher Ads.txt,"dauup.com, 43906, DIRECT, 4daba13e2b0dfd92",dauup.com,43906,DIRECT,4daba13e2b0dfd92,False,False,,,
Dauup Authorization,Publishers Seller ID Tracker,Dauup,Publisher,crosswords-ar.web.app,Publisher Ads.txt,"dauup.com, 43907, DIRECT, 4daba13e2b0dfd92",dauup.com,43907,DIRECT,4daba13e2b0dfd92,False,False,,,
Dauup Authorization,Publishers Seller ID Tracker,Dauup,Publisher,deltagamesstudio.com,Publisher Ads.txt,"dauup.com, 43908, DIRECT, 4daba13e2b0dfd92",dauup.com,43908,DIRECT,4daba13e2b0dfd92,False,False,,,
Dauup Authorization,Publishers Seller ID Tracker,Dauup,Publisher,feno.tech,Publisher Ads.txt,"dauup.com, 43909, DIRECT, 4daba13e2b0dfd92",dauup.com,43909,DIRECT,4daba13e2b0dfd92,False,False,,,
Dauup Authorization,Publishers Seller ID Tracker,Dauup,Publisher,wood-turning-3d.web.app,Publisher Ads.txt,"dauup.com, 43910, DIRECT, 4daba13e2b0dfd92",dauup.com,43910,DIRECT,4daba13e2b0dfd92,False,False,,,
Dauup Authorization,Publishers Seller ID Tracker,Dauup,Publisher,bbtv.com,Publisher Ads.txt,"dauup.com, 43911, DIRECT, 4daba13e2b0dfd92",dauup.com,43911,DIRECT,4daba13e2b0dfd92,False,False,,,
Dauup Authorization,Publishers Seller ID Tracker,Dauup,Publisher,e3a0be8d4.app-ads-txt.com,Publisher Ads.txt,"dauup.com, 43912, DIRECT, 4daba13e2b0dfd92",dauup.com,43912,DIRECT,4daba13e2b0dfd92,False,False,,,
Dauup Authorization,Publishers Seller ID Tracker,Dauup,Publisher,hyper.lomi.studio,Publisher Ads.txt,"dauup.com, 43913, DIRECT, 4daba13e2b0dfd92",dauup.com,43913,DIRECT,4daba13e2b0dfd92,False,False,,,
Dauup Authorization,Publishers Seller ID Tracker,Dauup,Publisher,crazyapptechnology.blogspot.com,Publisher Ads.txt,"dauup.com, 43914, DIRECT, 4daba13e2b0dfd92",dauup.com,43914,DIRECT,4daba13e2b0dfd92,False,False,,,
Dauup Authorization,Publishers Seller ID Tracker,Dauup,Publisher,apps.ruffor.com,Publisher Ads.txt,"dauup.com, 43915, DIRECT, 4daba13e2b0dfd92",dauup.com,43915,DIRECT,4daba13e2b0dfd92,False,False,,,
Dauup Authorization,Publishers Seller ID Tracker,Dauup,Publisher,byabyak.blogspot.com,Publisher Ads.txt,"dauup.com, 43916, DIRECT, 4daba13e2b0dfd92",dauup.com,43916,DIRECT,4daba13e2b0dfd92,False,False,,,
Dauup Authorization,Publishers Seller ID Tracker,Dauup,Publisher,jd1ec4f.app-ads-txt.com,Publisher Ads.txt,"dauup.com, 43917, DIRECT, 4daba13e2b0dfd92",dauup.com,43917,DIRECT,4daba13e2b0dfd92,False,False,,,
Dauup Authorization,Publishers Seller ID Tracker,Dauup,Publisher,superwalk.io,Publisher Ads.txt,"dauup.com, 43918, DIRECT, 4daba13e2b0dfd92",dauup.com,43918,DIRECT,4daba13e2b0dfd92,False,False,,,
Dauup Authorization,Publishers Seller ID Tracker,Dauup,Publisher,96percentgames.blogspot.com,Publisher Ads.txt,"dauup.com, 43919, DIRECT, 4daba13e2b0dfd92",dauup.com,43919,DIRECT,4daba13e2b0dfd92,False,False,,,
Dauup Authorization,Publishers Seller ID Tracker,Dauup,Publisher,mixtubeapp.com,Publisher Ads.txt,"dauup.com, 43920, DIRECT, 4daba13e2b0dfd92",dauup.com,43920,DIRECT,4daba13e2b0dfd92,False,False,,,
Dauup Authorization,Publishers Seller ID Tracker,Dauup,Publisher,appdesign.company,Publisher Ads.txt,"dauup.com, 43921, DIRECT, 4daba13e2b0dfd92",dauup.com,43921,DIRECT,4daba13e2b0dfd92,False,False,,,
Dauup Authorization,Publishers Seller ID Tracker,Dauup,Publisher,codigames.com,Publisher Ads.txt,"dauup.com, 43922, DIRECT, 4daba13e2b0dfd92",dauup.com,43922,DIRECT,4daba13e2b0dfd92,False,False,,,
Dauup Authorization,Publishers Seller ID Tracker,Dauup,Publisher,antutilities.github.io,Publisher Ads.txt,"dauup.com, 43923, DIRECT, 4daba13e2b0dfd92",dauup.com,43923,DIRECT,4daba13e2b0dfd92,False,False,,,
Dauup Authorization,Publishers Seller ID Tracker,Dauup,Publisher,a84a600b4.app-ads-txt.com,Publisher Ads.txt,"dauup.com, 43924, DIRECT, 4daba13e2b0dfd92",dauup.com,43924,DIRECT,4daba13e2b0dfd92,False,False,,,
Dauup Authorization,Publishers Seller ID Tracker,Dauup,Publisher,colorcity.net,Publisher Ads.txt,"dauup.com, 43925, DIRECT, 4daba13e2b0dfd92",dauup.com,43925,DIRECT,4daba13e2b0dfd92,False,False,,,
Dauup Authorization,Publishers Seller ID Tracker,Dauup,Publisher,af0882f04.app-ads-txt.com,Publisher Ads.txt,"dauup.com, 43926, DIRECT, 4daba13e2b0dfd92",dauup.com,43926,DIRECT,4daba13e2b0dfd92,False,False,,,
Dauup Authorization,Publishers Seller ID Tracker,Dauup,Publisher,u1a5dbf73.app-ads-txt.com,Publisher Ads.txt,"dauup.com, 43927, DIRECT, 4daba13e2b0dfd92",dauup.com,43927,DIRECT,4daba13e2b0dfd92,False,False,,,
Dauup Authorization,Publishers Seller ID Tracker,Dauup,Publisher,badoo.com,Publisher Ads.txt,"dauup.com, 43928, DIRECT, 4daba13e2b0dfd92",dauup.com,43928,DIRECT,4daba13e2b0dfd92,False,False,,,
Dauup Authorization,Publishers Seller ID Tracker,Dauup,Publisher,arkhegames.com,Publisher Ads.txt,"dauup.com, 43929, DIRECT, 4daba13e2b0dfd92",dauup.com,43929,DIRECT,4daba13e2b0dfd92,False,False,,,
Dauup Authorization,Publishers Seller ID Tracker,Dauup,Publisher,tvguatemala.net,Publisher Ads.txt,"dauup.com, 43930, DIRECT, 4daba13e2b0dfd92",dauup.com,43930,DIRECT,4daba13e2b0dfd92,False,False,,,
Dauup Authorization,Publishers Seller ID Tracker,Dauup,Publisher,cafecafeoore.com,Publisher Ads.txt,"dauup.com, 43931, DIRECT, 4daba13e2b0dfd92",dauup.com,43931,DIRECT,4daba13e2b0dfd92,False,False,,,
Dauup Authorization,Publishers Seller ID Tracker,Dauup,Publisher,algorix.co,Publisher Ads.txt,"dauup.com, 43932, DIRECT, 4daba13e2b0dfd92",dauup.com,43932,DIRECT,4daba13e2b0dfd92,False,False,,,
Dauup Authorization,Publishers Seller ID Tracker,Dauup,Publisher,app.modern-doctors.com,Publisher Ads.txt,"dauup.com, 43933, DIRECT, 4daba13e2b0dfd92",dauup.com,43933,DIRECT,4daba13e2b0dfd92,False,False,,,
Dauup Authorization,Publishers Seller ID Tracker,Dauup,Publisher,wombo.ai,Publisher Ads.txt,"dauup.com, 43934, DIRECT, 4daba13e2b0dfd92",dauup.com,43934,DIRECT,4daba13e2b0dfd92,False,False,,,
Dauup Authorization,Publishers Seller ID Tracker,Dauup,Publisher,brighton7.com,Publisher Ads.txt,"dauup.com, 43935, DIRECT, 4daba13e2b0dfd92",dauup.com,43935,DIRECT,4daba13e2b0dfd92,False,False,,,
Dauup Authorization,Publishers Seller ID Tracker,Dauup,Publisher,ankurinc.blogspot.com,Publisher Ads.txt,"dauup.com, 43936, DIRECT, 4daba13e2b0dfd92",dauup.com,43936,DIRECT,4daba13e2b0dfd92,False,False,,,
Dauup Authorization,Publishers Seller ID Tracker,Dauup,Publisher,e-sochaczew.pl,Publisher Ads.txt,"dauup.com, 43937, DIRECT, 4daba13e2b0dfd92",dauup.com,43937,DIRECT,4daba13e2b0dfd92,False,False,,,
Dauup Authorization,Publishers Seller ID Tracker,Dauup,Publisher,bp24.pl,Publisher Ads.txt,"dauup.com, 43938, DIRECT, 4daba13e2b0dfd92",dauup.com,43938,DIRECT,4daba13e2b0dfd92,False,False,,,
Dauup Authorization,Publishers Seller ID Tracker,Dauup,Publisher,pixode.com,Publisher Ads.txt,"dauup.com, 43939, DIRECT, 4daba13e2b0dfd92",dauup.com,43939,DIRECT,4daba13e2b0dfd92,False,False,,,
Dauup Authorization,Publishers Seller ID Tracker,Dauup,Publisher,app.novelcool.com,Publisher Ads.txt,"dauup.com, 43940, DIRECT, 4daba13e2b0dfd92",dauup.com,43940,DIRECT,4daba13e2b0dfd92,False,False,,,
Dauup Authorization,Publishers Seller ID Tracker,Dauup,Publisher,apps.etrackings.com,Publisher Ads.txt,"dauup.com, 43941, DIRECT, 4daba13e2b0dfd92",dauup.com,43941,DIRECT,4daba13e2b0dfd92,False,False,,,
Dauup Authorization,Publishers Seller ID Tracker,Dauup,Publisher,sd53d528f.app-ads-txt.com,Publisher Ads.txt,"dauup.com, 43942, DIRECT, 4daba13e2b0dfd92",dauup.com,43942,DIRECT,4daba13e2b0dfd92,False,False,,,
Dauup Authorization,Publishers Seller ID Tracker,Dauup,Publisher,big-tasty-privacy.netlify.app,Publisher Ads.txt,"dauup.com, 43943, DIRECT, 4daba13e2b0dfd92",dauup.com,43943,DIRECT,4daba13e2b0dfd92,False,False,,,
Dauup Authorization,Publishers Seller ID Tracker,Dauup,Publisher,admsg.messengerhub.net,Publisher Ads.txt,"dauup.com, 43944, DIRECT, 4daba13e2b0dfd92",dauup.com,43944,DIRECT,4daba13e2b0dfd92,False,False,,,
Dauup Authorization,Publishers Seller ID Tracker,Dauup,Publisher,123date.me,Publisher Ads.txt,"dauup.com, 43945, DIRECT, 4daba13e2b0dfd92",dauup.com,43945,DIRECT,4daba13e2b0dfd92,False,False,,,
Dauup Authorization,Publishers Seller ID Tracker,Dauup,Publisher,dateland.co.il,Publisher Ads.txt,"dauup.com, 43946, DIRECT, 4daba13e2b0dfd92",dauup.com,43946,DIRECT,4daba13e2b0dfd92,False,False,,,
Dauup Authorization,Publishers Seller ID Tracker,Dauup,Publisher,a3a9d429b.app-ads-txt.com,Publisher Ads.txt,"dauup.com, 43947, DIRECT, 4daba13e2b0dfd92",dauup.com,43947,DIRECT,4daba13e2b0dfd92,False,False,,,
Dauup Authorization,Publishers Seller ID Tracker,Dauup,Publisher,twiq.ch,Publisher Ads.txt,"dauup.com, 43948, DIRECT, 4daba13e2b0dfd92",dauup.com,43948,DIRECT,4daba13e2b0dfd92,False,False,,,
Dauup Authorization,Publishers Seller ID Tracker,Dauup,Publisher,minervastudios.dev,Publisher Ads.txt,"dauup.com, 43949, DIRECT, 4daba13e2b0dfd92",dauup.com,43949,DIRECT,4daba13e2b0dfd92,False,False,,,
Dauup Authorization,Publishers Seller ID Tracker,Dauup,Publisher,babydaybook.app,Publisher Ads.txt,"dauup.com, 43950, DIRECT, 4daba13e2b0dfd92",dauup.com,43950,DIRECT,4daba13e2b0dfd92,False,False,,,
Dauup Authorization,Publishers Seller ID Tracker,Dauup,Publisher,mixogames.com,Publisher Ads.txt,"dauup.com, 43951, DIRECT, 4daba13e2b0dfd92",dauup.com,43951,DIRECT,4daba13e2b0dfd92,False,False,,,
Dauup Authorization,Publishers Seller ID Tracker,Dauup,Publisher,radiofxinc.com,Publisher Ads.txt,"dauup.com, 43952, DIRECT, 4daba13e2b0dfd92",dauup.com,43952,DIRECT,4daba13e2b0dfd92,False,False,,,
Dauup Authorization,Publishers Seller ID Tracker,Dauup,Publisher,railyatri.in,Publisher Ads.txt,"dauup.com, 43953, DIRECT, 4daba13e2b0dfd92",dauup.com,43953,DIRECT,4daba13e2b0dfd92,False,False,,,
Dauup Authorization,Publishers Seller ID Tracker,Dauup,Publisher,dingovpn.com,Publisher Ads.txt,"dauup.com, 43954, DIRECT, 4daba13e2b0dfd92",dauup.com,43954,DIRECT,4daba13e2b0dfd92,False,False,,,
Dauup Authorization,Publishers Seller ID Tracker,Dauup,Publisher,allnewscontact.blogspot.com,Publisher Ads.txt,"dauup.com, 43955, DIRECT, 4daba13e2b0dfd92",dauup.com,43955,DIRECT,4daba13e2b0dfd92,False,False,,,
Dauup Authorization,Publishers Seller ID Tracker,Dauup,Publisher,bestappsfree.app,Publisher Ads.txt,"dauup.com, 43956, DIRECT, 4daba13e2b0dfd92",dauup.com,43956,DIRECT,4daba13e2b0dfd92,False,False,,,
Dauup Authorization,Publishers Seller ID Tracker,Dauup,Publisher,mingleapp.blogspot.com,Publisher Ads.txt,"dauup.com, 43957, DIRECT, 4daba13e2b0dfd92",dauup.com,43957,DIRECT,4daba13e2b0dfd92,False,False,,,
Dauup Authorization,Publishers Seller ID Tracker,Dauup,Publisher,apptechstudios.com,Publisher Ads.txt,"dauup.com, 43958, DIRECT, 4daba13e2b0dfd92",dauup.com,43958,DIRECT,4daba13e2b0dfd92,False,False,,,
Dauup Authorization,Publishers Seller ID Tracker,Dauup,Publisher,evolution-of-games.github.io,Publisher Ads.txt,"dauup.com, 43959, DIRECT, 4daba13e2b0dfd92",dauup.com,43959,DIRECT,4daba13e2b0dfd92,False,False,,,
Dauup Authorization,Publishers Seller ID Tracker,Dauup,Publisher,2kekgames.com,Publisher Ads.txt,"dauup.com, 43960, DIRECT, 4daba13e2b0dfd92",dauup.com,43960,DIRECT,4daba13e2b0dfd92,False,False,,,
Dauup Authorization,Publishers Seller ID Tracker,Dauup,Publisher,r99efe57f.app-ads-txt.com,Publisher Ads.txt,"dauup.com, 43961, DIRECT, 4daba13e2b0dfd92",dauup.com,43961,DIRECT,4daba13e2b0dfd92,False,False,,,
Dauup Authorization,Publishers Seller ID Tracker,Dauup,Publisher,blury.studio,Publisher Ads.txt,"dauup.com, 43962, DIRECT, 4daba13e2b0dfd92",dauup.com,43962,DIRECT,4daba13e2b0dfd92,False,False,,,
Dauup Authorization,Publishers Seller ID Tracker,Dauup,Publisher,bingosmash.club,Publisher Ads.txt,"dauup.com, 43963, DIRECT, 4daba13e2b0dfd92",dauup.com,43963,DIRECT,4daba13e2b0dfd92,False,False,,,
Dauup Authorization,Publishers Seller ID Tracker,Dauup,Publisher,cloud-service.azurewebsites.net,Publisher Ads.txt,"dauup.com, 43964, DIRECT, 4daba13e2b0dfd92",dauup.com,43964,DIRECT,4daba13e2b0dfd92,False,False,,,
Dauup Authorization,Publishers Seller ID Tracker,Dauup,Publisher,pulsgdanska.pl,Publisher Ads.txt,"dauup.com, 43965, DIRECT, 4daba13e2b0dfd92",dauup.com,43965,DIRECT,4daba13e2b0dfd92,False,False,,,
Dauup Authorization,Publishers Seller ID Tracker,Dauup,Publisher,anima-games.com,Publisher Ads.txt,"dauup.com, 43966, DIRECT, 4daba13e2b0dfd92",dauup.com,43966,DIRECT,4daba13e2b0dfd92,False,False,,,
Dauup Authorization,Publishers Seller ID Tracker,Dauup,Publisher,brasilaovivo.tv,Publisher Ads.txt,"dauup.com, 43967, DIRECT, 4daba13e2b0dfd92",dauup.com,43967,DIRECT,4daba13e2b0dfd92,False,False,,,
Dauup Authorization,Publishers Seller ID Tracker,Dauup,Publisher,apero.vn,Publisher Ads.txt,"dauup.com, 43968, DIRECT, 4daba13e2b0dfd92",dauup.com,43968,DIRECT,4daba13e2b0dfd92,False,False,,,
Dauup Authorization,Publishers Seller ID Tracker,Dauup,Publisher,apero.global,Publisher Ads.txt,"dauup.com, 43969, DIRECT, 4daba13e2b0dfd92",dauup.com,43969,DIRECT,4daba13e2b0dfd92,False,False,,,
Dauup Authorization,Publishers Seller ID Tracker,Dauup,Publisher,electricpunch.net,Publisher Ads.txt,"dauup.com, 43970, DIRECT, 4daba13e2b0dfd92",dauup.com,43970,DIRECT,4daba13e2b0dfd92,False,False,,,
Dauup Authorization,Publishers Seller ID Tracker,Dauup,Publisher,wid.mobilestudio.cc,Publisher Ads.txt,"dauup.com, 43971, DIRECT, 4daba13e2b0dfd92",dauup.com,43971,DIRECT,4daba13e2b0dfd92,False,False,,,
Dauup Authorization,Publishers Seller ID Tracker,Dauup,Publisher,brainly.com,Publisher Ads.txt,"dauup.com, 43972, DIRECT, 4daba13e2b0dfd92",dauup.com,43972,DIRECT,4daba13e2b0dfd92,False,False,,,
Dauup Authorization,Publishers Seller ID Tracker,Dauup,Publisher,asro.net,Publisher Ads.txt,"dauup.com, 43973, DIRECT, 4daba13e2b0dfd92",dauup.com,43973,DIRECT,4daba13e2b0dfd92,False,False,,,
Dauup Authorization,Publishers Seller ID Tracker,Dauup,Publisher,blackratstudio.blogspot.com,Publisher Ads.txt,"dauup.com, 43974, DIRECT, 4daba13e2b0dfd92",dauup.com,43974,DIRECT,4daba13e2b0dfd92,False,False,,,
Dauup Authorization,Publishers Seller ID Tracker,Dauup,Publisher,admob-app-id-4734171380.web.app,Publisher Ads.txt,"dauup.com, 43975, DIRECT, 4daba13e2b0dfd92",dauup.com,43975,DIRECT,4daba13e2b0dfd92,False,False,,,
Dauup Authorization,Publishers Seller ID Tracker,Dauup,Publisher,remini.ai,Publisher Ads.txt,"dauup.com, 43976, DIRECT, 4daba13e2b0dfd92",dauup.com,43976,DIRECT,4daba13e2b0dfd92,False,False,,,
Dauup Authorization,Publishers Seller ID Tracker,Dauup,Publisher,mangahot.jp,Publisher Ads.txt,"dauup.com, 43977, DIRECT, 4daba13e2b0dfd92",dauup.com,43977,DIRECT,4daba13e2b0dfd92,False,False,,,
Dauup Authorization,Publishers Seller ID Tracker,Dauup,Publisher,airkast.com,Publisher Ads.txt,"dauup.com, 43978, DIRECT, 4daba13e2b0dfd92",dauup.com,43978,DIRECT,4daba13e2b0dfd92,False,False,,,
Dauup Authorization,Publishers Seller ID Tracker,Dauup,Publisher,analiti.com,Publisher Ads.txt,"dauup.com, 43979, DIRECT, 4daba13e2b0dfd92",dauup.com,43979,DIRECT,4daba13e2b0dfd92,False,False,,,
Dauup Authorization,Publishers Seller ID Tracker,Dauup,Publisher,3dpixelgames.com,Publisher Ads.txt,"dauup.com, 43980, DIRECT, 4daba13e2b0dfd92",dauup.com,43980,DIRECT,4daba13e2b0dfd92,False,False,,,
Dauup Authorization,Publishers Seller ID Tracker,Dauup,Publisher,appsthathelp.in,Publisher Ads.txt,"dauup.com, 43981, DIRECT, 4daba13e2b0dfd92",dauup.com,43981,DIRECT,4daba13e2b0dfd92,False,False,,,
Dauup Authorization,Publishers Seller ID Tracker,Dauup,Publisher,jf3226dd2.app-ads-txt.com,Publisher Ads.txt,"dauup.com, 43982, DIRECT, 4daba13e2b0dfd92",dauup.com,43982,DIRECT,4daba13e2b0dfd92,False,False,,,
Dauup Authorization,Publishers Seller ID Tracker,Dauup,Publisher,david-liang.com,Publisher Ads.txt,"dauup.com, 43983, DIRECT, 4daba13e2b0dfd92",dauup.com,43983,DIRECT,4daba13e2b0dfd92,False,False,,,
Dauup Authorization,Publishers Seller ID Tracker,Dauup,Publisher,best-theme-design-inc-2010.web.app,Publisher Ads.txt,"dauup.com, 43984, DIRECT, 4daba13e2b0dfd92",dauup.com,43984,DIRECT,4daba13e2b0dfd92,False,False,,,
Dauup Authorization,Publishers Seller ID Tracker,Dauup,Publisher,damtechdesigns.com,Publisher Ads.txt,"dauup.com, 43985, DIRECT, 4daba13e2b0dfd92",dauup.com,43985,DIRECT,4daba13e2b0dfd92,False,False,,,
Dauup Authorization,Publishers Seller ID Tracker,Dauup,Publisher,boomermanrun.blogspot.com,Publisher Ads.txt,"dauup.com, 43986, DIRECT, 4daba13e2b0dfd92",dauup.com,43986,DIRECT,4daba13e2b0dfd92,False,False,,,
Dauup Authorization,Publishers Seller ID Tracker,Dauup,Publisher,blackcatstudios.co,Publisher Ads.txt,"dauup.com, 43987, DIRECT, 4daba13e2b0dfd92",dauup.com,43987,DIRECT,4daba13e2b0dfd92,False,False,,,
Dauup Authorization,Publishers Seller ID Tracker,Dauup,Publisher,ciao.games,Publisher Ads.txt,"dauup.com, 43988, DIRECT, 4daba13e2b0dfd92",dauup.com,43988,DIRECT,4daba13e2b0dfd92,False,False,,,
Dauup Authorization,Publishers Seller ID Tracker,Dauup,Publisher,mojomobiles.games,Publisher Ads.txt,"dauup.com, 43989, DIRECT, 4daba13e2b0dfd92",dauup.com,43989,DIRECT,4daba13e2b0dfd92,False,False,,,
Dauup Authorization,Publishers Seller ID Tracker,Dauup,Publisher,api-8737612569446785735-246499.web.app,Publisher Ads.txt,"dauup.com, 43990, DIRECT, 4daba13e2b0dfd92",dauup.com,43990,DIRECT,4daba13e2b0dfd92,False,False,,,
Dauup Authorization,Publishers Seller ID Tracker,Dauup,Publisher,e4d5696ab.app-ads-txt.com,Publisher Ads.txt,"dauup.com, 43991, DIRECT, 4daba13e2b0dfd92",dauup.com,43991,DIRECT,4daba13e2b0dfd92,False,False,,,
Dauup Authorization,Publishers Seller ID Tracker,Dauup,Publisher,booklis.com,Publisher Ads.txt,"dauup.com, 43992, DIRECT, 4daba13e2b0dfd92",dauup.com,43992,DIRECT,4daba13e2b0dfd92,False,False,,,
Dauup Authorization,Publishers Seller ID Tracker,Dauup,Publisher,biblehomeapp.com,Publisher Ads.txt,"dauup.com, 43993, DIRECT, 4daba13e2b0dfd92",dauup.com,43993,DIRECT,4daba13e2b0dfd92,False,False,,,
Dauup Authorization,Publishers Seller ID Tracker,Dauup,Publisher,emojihomeapp.com,Publisher Ads.txt,"dauup.com, 43994, DIRECT, 4daba13e2b0dfd92",dauup.com,43994,DIRECT,4daba13e2b0dfd92,False,False,,,
Dauup Authorization,Publishers Seller ID Tracker,Dauup,Publisher,bigcoolfz.com,Publisher Ads.txt,"dauup.com, 43995, DIRECT, 4daba13e2b0dfd92",dauup.com,43995,DIRECT,4daba13e2b0dfd92,False,False,,,
Dauup Authorization,Publishers Seller ID Tracker,Dauup,Publisher,freegameshub.net,Publisher Ads.txt,"dauup.com, 43996, DIRECT, 4daba13e2b0dfd92",dauup.com,43996,DIRECT,4daba13e2b0dfd92,False,False,,,
Dauup Authorization,Publishers Seller ID Tracker,Dauup,Publisher,checker-web.agoop.net,Publisher Ads.txt,"dauup.com, 43997, DIRECT, 4daba13e2b0dfd92",dauup.com,43997,DIRECT,4daba13e2b0dfd92,False,False,,,
Dauup Authorization,Publishers Seller ID Tracker,Dauup,Publisher,a42games.com,Publisher Ads.txt,"dauup.com, 43998, DIRECT, 4daba13e2b0dfd92",dauup.com,43998,DIRECT,4daba13e2b0dfd92,False,False,,,
Dauup Authorization,Publishers Seller ID Tracker,Dauup,Publisher,purp.social,Publisher Ads.txt,"dauup.com, 43999, DIRECT, 4daba13e2b0dfd92",dauup.com,43999,DIRECT,4daba13e2b0dfd92,False,False,,,
Dauup Authorization,Publishers Seller ID Tracker,Dauup,Publisher,ezstudio.vn,Publisher Ads.txt,"dauup.com, 44000, DIRECT, 4daba13e2b0dfd92",dauup.com,44000,DIRECT,4daba13e2b0dfd92,False,False,,,
Dauup Authorization,Publishers Seller ID Tracker,Dauup,Publisher,dn1rbtv7hf94l.cloudfront.net,Publisher Ads.txt,"dauup.com, 44001, DIRECT, 4daba13e2b0dfd92",dauup.com,44001,DIRECT,4daba13e2b0dfd92,False,False,,,
Dauup Authorization,Publishers Seller ID Tracker,Dauup,Publisher,concretesoftware.com,Publisher Ads.txt,"dauup.com, 44002, DIRECT, 4daba13e2b0dfd92",dauup.com,44002,DIRECT,4daba13e2b0dfd92,False,False,,,
Dauup Authorization,Publishers Seller ID Tracker,Dauup,Publisher,emailinboxallinone.highapplimited.co.uk,Publisher Ads.txt,"dauup.com, 44003, DIRECT, 4daba13e2b0dfd92",dauup.com,44003,DIRECT,4daba13e2b0dfd92,False,False,,,
Dauup Authorization,Publishers Seller ID Tracker,Dauup,Publisher,aryzap.com,Publisher Ads.txt,"dauup.com, 44004, DIRECT, 4daba13e2b0dfd92",dauup.com,44004,DIRECT,4daba13e2b0dfd92,False,False,,,
Dauup Authorization,Publishers Seller ID Tracker,Dauup,Publisher,1radionews.com,Publisher Ads.txt,"dauup.com, 44005, DIRECT, 4daba13e2b0dfd92",dauup.com,44005,DIRECT,4daba13e2b0dfd92,False,False,,,
Dauup Authorization,Publishers Seller ID Tracker,Dauup,Publisher,binibambini.com,Publisher Ads.txt,"dauup.com, 44006, DIRECT, 4daba13e2b0dfd92",dauup.com,44006,DIRECT,4daba13e2b0dfd92,False,False,,,
Dauup Authorization,Publishers Seller ID Tracker,Dauup,Publisher,eruditoplus.com,Publisher Ads.txt,"dauup.com, 44007, DIRECT, 4daba13e2b0dfd92",dauup.com,44007,DIRECT,4daba13e2b0dfd92,False,False,,,
Dauup Authorization,Publishers Seller ID Tracker,Dauup,Publisher,redhood.games,Publisher Ads.txt,"dauup.com, 44008, DIRECT, 4daba13e2b0dfd92",dauup.com,44008,DIRECT,4daba13e2b0dfd92,False,False,,,
Dauup Authorization,Publishers Seller ID Tracker,Dauup,Publisher,astraware.com,Publisher Ads.txt,"dauup.com, 44009, DIRECT, 4daba13e2b0dfd92",dauup.com,44009,DIRECT,4daba13e2b0dfd92,False,False,,,
Dauup Authorization,Publishers Seller ID Tracker,Dauup,Publisher,dolphingames.co,Publisher Ads.txt,"dauup.com, 44010, DIRECT, 4daba13e2b0dfd92",dauup.com,44010,DIRECT,4daba13e2b0dfd92,False,False,,,
Dauup Authorization,Publishers Seller ID Tracker,Dauup,Publisher,cardy.ai,Publisher Ads.txt,"dauup.com, 44011, DIRECT, 4daba13e2b0dfd92",dauup.com,44011,DIRECT,4daba13e2b0dfd92,False,False,,,
Dauup Authorization,Publishers Seller ID Tracker,Dauup,Publisher,arakuma.io,Publisher Ads.txt,"dauup.com, 44012, DIRECT, 4daba13e2b0dfd92",dauup.com,44012,DIRECT,4daba13e2b0dfd92,False,False,,,
Dauup Authorization,Publishers Seller ID Tracker,Dauup,Publisher,elladagames.com,Publisher Ads.txt,"dauup.com, 44013, DIRECT, 4daba13e2b0dfd92",dauup.com,44013,DIRECT,4daba13e2b0dfd92,False,False,,,
Dauup Authorization,Publishers Seller ID Tracker,Dauup,Publisher,anime-boy-ec0de.web.app,Publisher Ads.txt,"dauup.com, 44014, DIRECT, 4daba13e2b0dfd92",dauup.com,44014,DIRECT,4daba13e2b0dfd92,False,False,,,
Dauup Authorization,Publishers Seller ID Tracker,Dauup,Publisher,uf0041ccb.app-ads-txt.com,Publisher Ads.txt,"dauup.com, 44015, DIRECT, 4daba13e2b0dfd92",dauup.com,44015,DIRECT,4daba13e2b0dfd92,False,False,,,
Dauup Authorization,Publishers Seller ID Tracker,Dauup,Publisher,apps.kfmes.com,Publisher Ads.txt,"dauup.com, 44016, DIRECT, 4daba13e2b0dfd92",dauup.com,44016,DIRECT,4daba13e2b0dfd92,False,False,,,
Dauup Authorization,Publishers Seller ID Tracker,Dauup,Publisher,bhopjump.com,Publisher Ads.txt,"dauup.com, 44017, DIRECT, 4daba13e2b0dfd92",dauup.com,44017,DIRECT,4daba13e2b0dfd92,False,False,,,
Dauup Authorization,Publishers Seller ID Tracker,Dauup,Publisher,bquote.app,Publisher Ads.txt,"dauup.com, 44018, DIRECT, 4daba13e2b0dfd92",dauup.com,44018,DIRECT,4daba13e2b0dfd92,False,False,,,
Dauup Authorization,Publishers Seller ID Tracker,Dauup,Publisher,speedpacergames.blogspot.com,Publisher Ads.txt,"dauup.com, 44019, DIRECT, 4daba13e2b0dfd92",dauup.com,44019,DIRECT,4daba13e2b0dfd92,False,False,,,
Dauup Authorization,Publishers Seller ID Tracker,Dauup,Publisher,collart.app,Publisher Ads.txt,"dauup.com, 44020, DIRECT, 4daba13e2b0dfd92",dauup.com,44020,DIRECT,4daba13e2b0dfd92,False,False,,,
Dauup Authorization,Publishers Seller ID Tracker,Dauup,Publisher,d2gyn3u33a13ay.cloudfront.net,Publisher Ads.txt,"dauup.com, 44021, DIRECT, 4daba13e2b0dfd92",dauup.com,44021,DIRECT,4daba13e2b0dfd92,False,False,,,
Dauup Authorization,Publishers Seller ID Tracker,Dauup,Publisher,arenamania.sungoldgame.com,Publisher Ads.txt,"dauup.com, 44022, DIRECT, 4daba13e2b0dfd92",dauup.com,44022,DIRECT,4daba13e2b0dfd92,False,False,,,
Dauup Authorization,Publishers Seller ID Tracker,Dauup,Publisher,caves-roguelike.ru,Publisher Ads.txt,"dauup.com, 44023, DIRECT, 4daba13e2b0dfd92",dauup.com,44023,DIRECT,4daba13e2b0dfd92,False,False,,,
Dauup Authorization,Publishers Seller ID Tracker,Dauup,Publisher,abyssrium.com,Publisher Ads.txt,"dauup.com, 44024, DIRECT, 4daba13e2b0dfd92",dauup.com,44024,DIRECT,4daba13e2b0dfd92,False,False,,,
Dauup Authorization,Publishers Seller ID Tracker,Dauup,Publisher,apps.letterpressapp.com,Publisher Ads.txt,"dauup.com, 44025, DIRECT, 4daba13e2b0dfd92",dauup.com,44025,DIRECT,4daba13e2b0dfd92,False,False,,,
Dauup Authorization,Publishers Seller ID Tracker,Dauup,Publisher,bottakuri.world,Publisher Ads.txt,"dauup.com, 44026, DIRECT, 4daba13e2b0dfd92",dauup.com,44026,DIRECT,4daba13e2b0dfd92,False,False,,,
Dauup Authorization,Publishers Seller ID Tracker,Dauup,Publisher,e6f7d061a.app-ads-txt.com,Publisher Ads.txt,"dauup.com, 44027, DIRECT, 4daba13e2b0dfd92",dauup.com,44027,DIRECT,4daba13e2b0dfd92,False,False,,,
Dauup Authorization,Publishers Seller ID Tracker,Dauup,Publisher,bearbearandbunny.com,Publisher Ads.txt,"dauup.com, 44028, DIRECT, 4daba13e2b0dfd92",dauup.com,44028,DIRECT,4daba13e2b0dfd92,False,False,,,
Dauup Authorization,Publishers Seller ID Tracker,Dauup,Publisher,mmedia-tech.web.app,Publisher Ads.txt,"dauup.com, 44029, DIRECT, 4daba13e2b0dfd92",dauup.com,44029,DIRECT,4daba13e2b0dfd92,False,False,,,
Dauup Authorization,Publishers Seller ID Tracker,Dauup,Publisher,bestronger.club,Publisher Ads.txt,"dauup.com, 44030, DIRECT, 4daba13e2b0dfd92",dauup.com,44030,DIRECT,4daba13e2b0dfd92,False,False,,,
Dauup Authorization,Publishers Seller ID Tracker,Dauup,Publisher,easyislam.rightinvestmentspk.xyz,Publisher Ads.txt,"dauup.com, 44031, DIRECT, 4daba13e2b0dfd92",dauup.com,44031,DIRECT,4daba13e2b0dfd92,False,False,,,
Dauup Authorization,Publishers Seller ID Tracker,Dauup,Publisher,android.babytrackers.com,Publisher Ads.txt,"dauup.com, 44032, DIRECT, 4daba13e2b0dfd92",dauup.com,44032,DIRECT,4daba13e2b0dfd92,False,False,,,
Dauup Authorization,Publishers Seller ID Tracker,Dauup,Publisher,brick-app.neowiz.com,Publisher Ads.txt,"dauup.com, 44033, DIRECT, 4daba13e2b0dfd92",dauup.com,44033,DIRECT,4daba13e2b0dfd92,False,False,,,
Dauup Authorization,Publishers Seller ID Tracker,Dauup,Publisher,carwebguru.com,Publisher Ads.txt,"dauup.com, 44034, DIRECT, 4daba13e2b0dfd92",dauup.com,44034,DIRECT,4daba13e2b0dfd92,False,False,,,
Dauup Authorization,Publishers Seller ID Tracker,Dauup,Publisher,childfeed.ru,Publisher Ads.txt,"dauup.com, 44035, DIRECT, 4daba13e2b0dfd92",dauup.com,44035,DIRECT,4daba13e2b0dfd92,False,False,,,
Dauup Authorization,Publishers Seller ID Tracker,Dauup,Publisher,ask.fm,Publisher Ads.txt,"dauup.com, 44036, DIRECT, 4daba13e2b0dfd92",dauup.com,44036,DIRECT,4daba13e2b0dfd92,False,False,,,
Dauup Authorization,Publishers Seller ID Tracker,Dauup,Publisher,cooking-games.cookingchef.pizza,Publisher Ads.txt,"dauup.com, 44037, DIRECT, 4daba13e2b0dfd92",dauup.com,44037,DIRECT,4daba13e2b0dfd92,False,False,,,
Dauup Authorization,Publishers Seller ID Tracker,Dauup,Publisher,apps.walla.co.il,Publisher Ads.txt,"dauup.com, 44038, DIRECT, 4daba13e2b0dfd92",dauup.com,44038,DIRECT,4daba13e2b0dfd92,False,False,,,
Dauup Authorization,Publishers Seller ID Tracker,Dauup,Publisher,cashmart.jp,Publisher Ads.txt,"dauup.com, 44039, DIRECT, 4daba13e2b0dfd92",dauup.com,44039,DIRECT,4daba13e2b0dfd92,False,False,,,
Dauup Authorization,Publishers Seller ID Tracker,Dauup,Publisher,as.com,Publisher Ads.txt,"dauup.com, 44040, DIRECT, 4daba13e2b0dfd92",dauup.com,44040,DIRECT,4daba13e2b0dfd92,False,False,,,
Dauup Authorization,Publishers Seller ID Tracker,Dauup,Publisher,arata3260.blogspot.com,Publisher Ads.txt,"dauup.com, 44041, DIRECT, 4daba13e2b0dfd92",dauup.com,44041,DIRECT,4daba13e2b0dfd92,False,False,,,
Dauup Authorization,Publishers Seller ID Tracker,Dauup,Publisher,d1uvvk78u1d0fl.cloudfront.net,Publisher Ads.txt,"dauup.com, 44042, DIRECT, 4daba13e2b0dfd92",dauup.com,44042,DIRECT,4daba13e2b0dfd92,False,False,,,
Dauup Authorization,Publishers Seller ID Tracker,Dauup,Publisher,fera.games,Publisher Ads.txt,"dauup.com, 44043, DIRECT, 4daba13e2b0dfd92",dauup.com,44043,DIRECT,4daba13e2b0dfd92,False,False,,,
Dauup Authorization,Publishers Seller ID Tracker,Dauup,Publisher,bbgamestudios.com,Publisher Ads.txt,"dauup.com, 44044, DIRECT, 4daba13e2b0dfd92",dauup.com,44044,DIRECT,4daba13e2b0dfd92,False,False,,,
Dauup Authorization,Publishers Seller ID Tracker,Dauup,Publisher,bestphotoapps.ru,Publisher Ads.txt,"dauup.com, 44045, DIRECT, 4daba13e2b0dfd92",dauup.com,44045,DIRECT,4daba13e2b0dfd92,False,False,,,
Dauup Authorization,Publishers Seller ID Tracker,Dauup,Publisher,animated-sticker-maker.com,Publisher Ads.txt,"dauup.com, 44046, DIRECT, 4daba13e2b0dfd92",dauup.com,44046,DIRECT,4daba13e2b0dfd92,False,False,,,
Dauup Authorization,Publishers Seller ID Tracker,Dauup,Publisher,manga-park.com,Publisher Ads.txt,"dauup.com, 44047, DIRECT, 4daba13e2b0dfd92",dauup.com,44047,DIRECT,4daba13e2b0dfd92,False,False,,,
Dauup Authorization,Publishers Seller ID Tracker,Dauup,Publisher,dcg-e.jp,Publisher Ads.txt,"dauup.com, 44048, DIRECT, 4daba13e2b0dfd92",dauup.com,44048,DIRECT,4daba13e2b0dfd92,False,False,,,
Dauup Authorization,Publishers Seller ID Tracker,Dauup,Publisher,referenceappdevelopers.blogspot.com,Publisher Ads.txt,"dauup.com, 44049, DIRECT, 4daba13e2b0dfd92",dauup.com,44049,DIRECT,4daba13e2b0dfd92,False,False,,,
Dauup Authorization,Publishers Seller ID Tracker,Dauup,Publisher,antsgames.com,Publisher Ads.txt,"dauup.com, 44050, DIRECT, 4daba13e2b0dfd92",dauup.com,44050,DIRECT,4daba13e2b0dfd92,False,False,,,
Dauup Authorization,Publishers Seller ID Tracker,Dauup,Publisher,jd2d0f7d1.app-ads-txt.com,Publisher Ads.txt,"dauup.com, 44051, DIRECT, 4daba13e2b0dfd92",dauup.com,44051,DIRECT,4daba13e2b0dfd92,False,False,,,
Dauup Authorization,Publishers Seller ID Tracker,Dauup,Publisher,clapclap.games,Publisher Ads.txt,"dauup.com, 44052, DIRECT, 4daba13e2b0dfd92",dauup.com,44052,DIRECT,4daba13e2b0dfd92,False,False,,,
Dauup Authorization,Publishers Seller ID Tracker,Dauup,Publisher,a1.ro,Publisher Ads.txt,"dauup.com, 44053, DIRECT, 4daba13e2b0dfd92",dauup.com,44053,DIRECT,4daba13e2b0dfd92,False,False,,,
Dauup Authorization,Publishers Seller ID Tracker,Dauup,Publisher,beatblade.com,Publisher Ads.txt,"dauup.com, 44054, DIRECT, 4daba13e2b0dfd92",dauup.com,44054,DIRECT,4daba13e2b0dfd92,False,False,,,
Dauup Authorization,Publishers Seller ID Tracker,Dauup,Publisher,bobatea-52365.web.app,Publisher Ads.txt,"dauup.com, 44055, DIRECT, 4daba13e2b0dfd92",dauup.com,44055,DIRECT,4daba13e2b0dfd92,False,False,,,
Dauup Authorization,Publishers Seller ID Tracker,Dauup,Publisher,doublebond-36b17.web.app,Publisher Ads.txt,"dauup.com, 44056, DIRECT, 4daba13e2b0dfd92",dauup.com,44056,DIRECT,4daba13e2b0dfd92,False,False,,,
Dauup Authorization,Publishers Seller ID Tracker,Dauup,Publisher,androlife.net,Publisher Ads.txt,"dauup.com, 44057, DIRECT, 4daba13e2b0dfd92",dauup.com,44057,DIRECT,4daba13e2b0dfd92,False,False,,,
Dauup Authorization,Publishers Seller ID Tracker,Dauup,Publisher,dataviz.com,Publisher Ads.txt,"dauup.com, 44058, DIRECT, 4daba13e2b0dfd92",dauup.com,44058,DIRECT,4daba13e2b0dfd92,False,False,,,
Dauup Authorization,Publishers Seller ID Tracker,Dauup,Publisher,ray.app,Publisher Ads.txt,"dauup.com, 44059, DIRECT, 4daba13e2b0dfd92",dauup.com,44059,DIRECT,4daba13e2b0dfd92,False,False,,,
Dauup Authorization,Publishers Seller ID Tracker,Dauup,Publisher,anime-wallpaper-12bc5.web.app,Publisher Ads.txt,"dauup.com, 44060, DIRECT, 4daba13e2b0dfd92",dauup.com,44060,DIRECT,4daba13e2b0dfd92,False,False,,,
Dauup Authorization,Publishers Seller ID Tracker,Dauup,Publisher,bonfi96.altervista.org,Publisher Ads.txt,"dauup.com, 44061, DIRECT, 4daba13e2b0dfd92",dauup.com,44061,DIRECT,4daba13e2b0dfd92,False,False,,,
Dauup Authorization,Publishers Seller ID Tracker,Dauup,Publisher,clear-cache-4cc39.web.app,Publisher Ads.txt,"dauup.com, 44062, DIRECT, 4daba13e2b0dfd92",dauup.com,44062,DIRECT,4daba13e2b0dfd92,False,False,,,
Dauup Authorization,Publishers Seller ID Tracker,Dauup,Publisher,coinbazaar.esevai.net,Publisher Ads.txt,"dauup.com, 44063, DIRECT, 4daba13e2b0dfd92",dauup.com,44063,DIRECT,4daba13e2b0dfd92,False,False,,,
Dauup Authorization,Publishers Seller ID Tracker,Dauup,Publisher,82blue.co.uk,Publisher Ads.txt,"dauup.com, 44064, DIRECT, 4daba13e2b0dfd92",dauup.com,44064,DIRECT,4daba13e2b0dfd92,False,False,,,
Dauup Authorization,Publishers Seller ID Tracker,Dauup,Publisher,m4149bf74.app-ads-txt.com,Publisher Ads.txt,"dauup.com, 44065, DIRECT, 4daba13e2b0dfd92",dauup.com,44065,DIRECT,4daba13e2b0dfd92,False,False,,,
Dauup Authorization,Publishers Seller ID Tracker,Dauup,Publisher,spiderswinger.blogspot.com,Publisher Ads.txt,"dauup.com, 44066, DIRECT, 4daba13e2b0dfd92",dauup.com,44066,DIRECT,4daba13e2b0dfd92,False,False,,,
Dauup Authorization,Publishers Seller ID Tracker,Dauup,Publisher,arydigital.tv,Publisher Ads.txt,"dauup.com, 44067, DIRECT, 4daba13e2b0dfd92",dauup.com,44067,DIRECT,4daba13e2b0dfd92,False,False,,,
Dauup Authorization,Publishers Seller ID Tracker,Dauup,Publisher,solovey.su,Publisher Ads.txt,"dauup.com, 44068, DIRECT, 4daba13e2b0dfd92",dauup.com,44068,DIRECT,4daba13e2b0dfd92,False,False,,,
Dauup Authorization,Publishers Seller ID Tracker,Dauup,Publisher,chinykian.com,Publisher Ads.txt,"dauup.com, 44069, DIRECT, 4daba13e2b0dfd92",dauup.com,44069,DIRECT,4daba13e2b0dfd92,False,False,,,
Dauup Authorization,Publishers Seller ID Tracker,Dauup,Publisher,bluesonicgames.com,Publisher Ads.txt,"dauup.com, 44070, DIRECT, 4daba13e2b0dfd92",dauup.com,44070,DIRECT,4daba13e2b0dfd92,False,False,,,
Dauup Authorization,Publishers Seller ID Tracker,Dauup,Publisher,azanappsstudio.blogspot.com,Publisher Ads.txt,"dauup.com, 44071, DIRECT, 4daba13e2b0dfd92",dauup.com,44071,DIRECT,4daba13e2b0dfd92,False,False,,,
Dauup Authorization,Publishers Seller ID Tracker,Dauup,Publisher,cool-wallpaper-charge.web.app,Publisher Ads.txt,"dauup.com, 44072, DIRECT, 4daba13e2b0dfd92",dauup.com,44072,DIRECT,4daba13e2b0dfd92,False,False,,,
Dauup Authorization,Publishers Seller ID Tracker,Dauup,Publisher,b3199b2c7.app-ads-txt.com,Publisher Ads.txt,"dauup.com, 44073, DIRECT, 4daba13e2b0dfd92",dauup.com,44073,DIRECT,4daba13e2b0dfd92,False,False,,,
Dauup Authorization,Publishers Seller ID Tracker,Dauup,Publisher,b3955a74a.app-ads-txt.com,Publisher Ads.txt,"dauup.com, 44074, DIRECT, 4daba13e2b0dfd92",dauup.com,44074,DIRECT,4daba13e2b0dfd92,False,False,,,
Dauup Authorization,Publishers Seller ID Tracker,Dauup,Publisher,a5476.xuefengtech.net,Publisher Ads.txt,"dauup.com, 44075, DIRECT, 4daba13e2b0dfd92",dauup.com,44075,DIRECT,4daba13e2b0dfd92,False,False,,,
Dauup Authorization,Publishers Seller ID Tracker,Dauup,Publisher,d3adz0myvcjxaq.cloudfront.net,Publisher Ads.txt,"dauup.com, 44076, DIRECT, 4daba13e2b0dfd92",dauup.com,44076,DIRECT,4daba13e2b0dfd92,False,False,,,
Dauup Authorization,Publishers Seller ID Tracker,Dauup,Publisher,apps.iokanan.com,Publisher Ads.txt,"dauup.com, 44077, DIRECT, 4daba13e2b0dfd92",dauup.com,44077,DIRECT,4daba13e2b0dfd92,False,False,,,
Dauup Authorization,Publishers Seller ID Tracker,Dauup,Publisher,arnbb.me,Publisher Ads.txt,"dauup.com, 44078, DIRECT, 4daba13e2b0dfd92",dauup.com,44078,DIRECT,4daba13e2b0dfd92,False,False,,,
Dauup Authorization,Publishers Seller ID Tracker,Dauup,Publisher,deadcity.novalink.games,Publisher Ads.txt,"dauup.com, 44079, DIRECT, 4daba13e2b0dfd92",dauup.com,44079,DIRECT,4daba13e2b0dfd92,False,False,,,
Dauup Authorization,Publishers Seller ID Tracker,Dauup,Publisher,bravegiant.com,Publisher Ads.txt,"dauup.com, 44080, DIRECT, 4daba13e2b0dfd92",dauup.com,44080,DIRECT,4daba13e2b0dfd92,False,False,,,
Dauup Authorization,Publishers Seller ID Tracker,Dauup,Publisher,anime.girls.co.com,Publisher Ads.txt,"dauup.com, 44081, DIRECT, 4daba13e2b0dfd92",dauup.com,44081,DIRECT,4daba13e2b0dfd92,False,False,,,
Dauup Authorization,Publishers Seller ID Tracker,Dauup,Publisher,escapeadventure.games,Publisher Ads.txt,"dauup.com, 44082, DIRECT, 4daba13e2b0dfd92",dauup.com,44082,DIRECT,4daba13e2b0dfd92,False,False,,,
Dauup Authorization,Publishers Seller ID Tracker,Dauup,Publisher,arpaplus.com,Publisher Ads.txt,"dauup.com, 44083, DIRECT, 4daba13e2b0dfd92",dauup.com,44083,DIRECT,4daba13e2b0dfd92,False,False,,,
Dauup Authorization,Publishers Seller ID Tracker,Dauup,Publisher,blobgame.io,Publisher Ads.txt,"dauup.com, 44084, DIRECT, 4daba13e2b0dfd92",dauup.com,44084,DIRECT,4daba13e2b0dfd92,False,False,,,
Dauup Authorization,Publishers Seller ID Tracker,Dauup,Publisher,azzugames.blogspot.com,Publisher Ads.txt,"dauup.com, 44085, DIRECT, 4daba13e2b0dfd92",dauup.com,44085,DIRECT,4daba13e2b0dfd92,False,False,,,
Dauup Authorization,Publishers Seller ID Tracker,Dauup,Publisher,allapp.wansh.cc,Publisher Ads.txt,"dauup.com, 44086, DIRECT, 4daba13e2b0dfd92",dauup.com,44086,DIRECT,4daba13e2b0dfd92,False,False,,,
Dauup Authorization,Publishers Seller ID Tracker,Dauup,Publisher,buckyu.github.io,Publisher Ads.txt,"dauup.com, 44087, DIRECT, 4daba13e2b0dfd92",dauup.com,44087,DIRECT,4daba13e2b0dfd92,False,False,,,
Dauup Authorization,Publishers Seller ID Tracker,Dauup,Publisher,brainstormgames.io,Publisher Ads.txt,"dauup.com, 44088, DIRECT, 4daba13e2b0dfd92",dauup.com,44088,DIRECT,4daba13e2b0dfd92,False,False,,,
Dauup Authorization,Publishers Seller ID Tracker,Dauup,Publisher,elpais.com,Publisher Ads.txt,"dauup.com, 44089, DIRECT, 4daba13e2b0dfd92",dauup.com,44089,DIRECT,4daba13e2b0dfd92,False,False,,,
Dauup Authorization,Publishers Seller ID Tracker,Dauup,Publisher,emperorlab.com,Publisher Ads.txt,"dauup.com, 44090, DIRECT, 4daba13e2b0dfd92",dauup.com,44090,DIRECT,4daba13e2b0dfd92,False,False,,,
Dauup Authorization,Publishers Seller ID Tracker,Dauup,Publisher,deliany.com,Publisher Ads.txt,"dauup.com, 44091, DIRECT, 4daba13e2b0dfd92",dauup.com,44091,DIRECT,4daba13e2b0dfd92,False,False,,,
Dauup Authorization,Publishers Seller ID Tracker,Dauup,Publisher,abykaby.co,Publisher Ads.txt,"dauup.com, 44092, DIRECT, 4daba13e2b0dfd92",dauup.com,44092,DIRECT,4daba13e2b0dfd92,False,False,,,
Dauup Authorization,Publishers Seller ID Tracker,Dauup,Publisher,cardgames.io,Publisher Ads.txt,"dauup.com, 44093, DIRECT, 4daba13e2b0dfd92",dauup.com,44093,DIRECT,4daba13e2b0dfd92,False,False,,,
Dauup Authorization,Publishers Seller ID Tracker,Dauup,Publisher,rmindgames.com,Publisher Ads.txt,"dauup.com, 44094, DIRECT, 4daba13e2b0dfd92",dauup.com,44094,DIRECT,4daba13e2b0dfd92,False,False,,,
Dauup Authorization,Publishers Seller ID Tracker,Dauup,Publisher,fegacstudio.com,Publisher Ads.txt,"dauup.com, 44095, DIRECT, 4daba13e2b0dfd92",dauup.com,44095,DIRECT,4daba13e2b0dfd92,False,False,,,
Dauup Authorization,Publishers Seller ID Tracker,Dauup,Publisher,activecompanys.com,Publisher Ads.txt,"dauup.com, 44096, DIRECT, 4daba13e2b0dfd92",dauup.com,44096,DIRECT,4daba13e2b0dfd92,False,False,,,
Dauup Authorization,Publishers Seller ID Tracker,Dauup,Publisher,atime.live,Publisher Ads.txt,"dauup.com, 44097, DIRECT, 4daba13e2b0dfd92",dauup.com,44097,DIRECT,4daba13e2b0dfd92,False,False,,,
Dauup Authorization,Publishers Seller ID Tracker,Dauup,Publisher,coinmaster.guru,Publisher Ads.txt,"dauup.com, 44098, DIRECT, 4daba13e2b0dfd92",dauup.com,44098,DIRECT,4daba13e2b0dfd92,False,False,,,
Dauup Authorization,Publishers Seller ID Tracker,Dauup,Publisher,actionnewsjax.com,Publisher Ads.txt,"dauup.com, 44099, DIRECT, 4daba13e2b0dfd92",dauup.com,44099,DIRECT,4daba13e2b0dfd92,False,False,,,
Dauup Authorization,Publishers Seller ID Tracker,Dauup,Publisher,biriktir.app,Publisher Ads.txt,"dauup.com, 44100, DIRECT, 4daba13e2b0dfd92",dauup.com,44100,DIRECT,4daba13e2b0dfd92,False,False,,,
Dauup Authorization,Publishers Seller ID Tracker,Dauup,Publisher,bingosunday.com,Publisher Ads.txt,"dauup.com, 44101, DIRECT, 4daba13e2b0dfd92",dauup.com,44101,DIRECT,4daba13e2b0dfd92,False,False,,,
Dauup Authorization,Publishers Seller ID Tracker,Dauup,Publisher,collageable.com,Publisher Ads.txt,"dauup.com, 44102, DIRECT, 4daba13e2b0dfd92",dauup.com,44102,DIRECT,4daba13e2b0dfd92,False,False,,,
Dauup Authorization,Publishers Seller ID Tracker,Dauup,Publisher,april-studio.github.io,Publisher Ads.txt,"dauup.com, 44103, DIRECT, 4daba13e2b0dfd92",dauup.com,44103,DIRECT,4daba13e2b0dfd92,False,False,,,
Dauup Authorization,Publishers Seller ID Tracker,Dauup,Publisher,bmi-calculator-a928c.web.app,Publisher Ads.txt,"dauup.com, 44104, DIRECT, 4daba13e2b0dfd92",dauup.com,44104,DIRECT,4daba13e2b0dfd92,False,False,,,
Dauup Authorization,Publishers Seller ID Tracker,Dauup,Publisher,beathead.by,Publisher Ads.txt,"dauup.com, 44105, DIRECT, 4daba13e2b0dfd92",dauup.com,44105,DIRECT,4daba13e2b0dfd92,False,False,,,
Dauup Authorization,Publishers Seller ID Tracker,Dauup,Publisher,deadnightgames.com,Publisher Ads.txt,"dauup.com, 44106, DIRECT, 4daba13e2b0dfd92",dauup.com,44106,DIRECT,4daba13e2b0dfd92,False,False,,,
Dauup Authorization,Publishers Seller ID Tracker,Dauup,Publisher,andexmobile.blogspot.com,Publisher Ads.txt,"dauup.com, 44107, DIRECT, 4daba13e2b0dfd92",dauup.com,44107,DIRECT,4daba13e2b0dfd92,False,False,,,
Dauup Authorization,Publishers Seller ID Tracker,Dauup,Publisher,avecreation.org,Publisher Ads.txt,"dauup.com, 44108, DIRECT, 4daba13e2b0dfd92",dauup.com,44108,DIRECT,4daba13e2b0dfd92,False,False,,,
Dauup Authorization,Publishers Seller ID Tracker,Dauup,Publisher,meteum.ai,Publisher Ads.txt,"dauup.com, 44109, DIRECT, 4daba13e2b0dfd92",dauup.com,44109,DIRECT,4daba13e2b0dfd92,False,False,,,
Dauup Authorization,Publishers Seller ID Tracker,Dauup,Publisher,dvstuidoapps.blogspot.com,Publisher Ads.txt,"dauup.com, 44110, DIRECT, 4daba13e2b0dfd92",dauup.com,44110,DIRECT,4daba13e2b0dfd92,False,False,,,
Dauup Authorization,Publishers Seller ID Tracker,Dauup,Publisher,astarsoftware.com,Publisher Ads.txt,"dauup.com, 44111, DIRECT, 4daba13e2b0dfd92",dauup.com,44111,DIRECT,4daba13e2b0dfd92,False,False,,,
Dauup Authorization,Publishers Seller ID Tracker,Dauup,Publisher,6waves.com,Publisher Ads.txt,"dauup.com, 44112, DIRECT, 4daba13e2b0dfd92",dauup.com,44112,DIRECT,4daba13e2b0dfd92,False,False,,,
Dauup Authorization,Publishers Seller ID Tracker,Dauup,Publisher,talisman.games,Publisher Ads.txt,"dauup.com, 44113, DIRECT, 4daba13e2b0dfd92",dauup.com,44113,DIRECT,4daba13e2b0dfd92,False,False,,,
Dauup Authorization,Publishers Seller ID Tracker,Dauup,Publisher,marimbaradio.com,Publisher Ads.txt,"dauup.com, 44114, DIRECT, 4daba13e2b0dfd92",dauup.com,44114,DIRECT,4daba13e2b0dfd92,False,False,,,
Dauup Authorization,Publishers Seller ID Tracker,Dauup,Publisher,clean-988f0.web.app,Publisher Ads.txt,"dauup.com, 44115, DIRECT, 4daba13e2b0dfd92",dauup.com,44115,DIRECT,4daba13e2b0dfd92,False,False,,,
Dauup Authorization,Publishers Seller ID Tracker,Dauup,Publisher,awntech.studio,Publisher Ads.txt,"dauup.com, 44116, DIRECT, 4daba13e2b0dfd92",dauup.com,44116,DIRECT,4daba13e2b0dfd92,False,False,,,
Dauup Authorization,Publishers Seller ID Tracker,Dauup,Publisher,appgear.net,Publisher Ads.txt,"dauup.com, 44117, DIRECT, 4daba13e2b0dfd92",dauup.com,44117,DIRECT,4daba13e2b0dfd92,False,False,,,
Dauup Authorization,Publishers Seller ID Tracker,Dauup,Publisher,casual.dmmgames.com,Publisher Ads.txt,"dauup.com, 44118, DIRECT, 4daba13e2b0dfd92",dauup.com,44118,DIRECT,4daba13e2b0dfd92,False,False,,,
Dauup Authorization,Publishers Seller ID Tracker,Dauup,Publisher,app.acrteam.cc,Publisher Ads.txt,"dauup.com, 44119, DIRECT, 4daba13e2b0dfd92",dauup.com,44119,DIRECT,4daba13e2b0dfd92,False,False,,,
Dauup Authorization,Publishers Seller ID Tracker,Dauup,Publisher,turnipgamestudio.web.app,Publisher Ads.txt,"dauup.com, 44120, DIRECT, 4daba13e2b0dfd92",dauup.com,44120,DIRECT,4daba13e2b0dfd92,False,False,,,
Dauup Authorization,Publishers Seller ID Tracker,Dauup,Publisher,wimogames.com,Publisher Ads.txt,"dauup.com, 44121, DIRECT, 4daba13e2b0dfd92",dauup.com,44121,DIRECT,4daba13e2b0dfd92,False,False,,,
Dauup Authorization,Publishers Seller ID Tracker,Dauup,Publisher,dmitsoft.com,Publisher Ads.txt,"dauup.com, 44122, DIRECT, 4daba13e2b0dfd92",dauup.com,44122,DIRECT,4daba13e2b0dfd92,False,False,,,
Dauup Authorization,Publishers Seller ID Tracker,Dauup,Publisher,atchisonglobenow.com,Publisher Ads.txt,"dauup.com, 44123, DIRECT, 4daba13e2b0dfd92",dauup.com,44123,DIRECT,4daba13e2b0dfd92,False,False,,,
Dauup Authorization,Publishers Seller ID Tracker,Dauup,Publisher,crashofcars.com,Publisher Ads.txt,"dauup.com, 44124, DIRECT, 4daba13e2b0dfd92",dauup.com,44124,DIRECT,4daba13e2b0dfd92,False,False,,,
Dauup Authorization,Publishers Seller ID Tracker,Dauup,Publisher,apps.interactive.sa,Publisher Ads.txt,"dauup.com, 44125, DIRECT, 4daba13e2b0dfd92",dauup.com,44125,DIRECT,4daba13e2b0dfd92,False,False,,,
Dauup Authorization,Publishers Seller ID Tracker,Dauup,Publisher,erowgames.com,Publisher Ads.txt,"dauup.com, 44126, DIRECT, 4daba13e2b0dfd92",dauup.com,44126,DIRECT,4daba13e2b0dfd92,False,False,,,
Dauup Authorization,Publishers Seller ID Tracker,Dauup,Publisher,appsgenz.com,Publisher Ads.txt,"dauup.com, 44127, DIRECT, 4daba13e2b0dfd92",dauup.com,44127,DIRECT,4daba13e2b0dfd92,False,False,,,
Dauup Authorization,Publishers Seller ID Tracker,Dauup,Publisher,afivad.com,Publisher Ads.txt,"dauup.com, 44128, DIRECT, 4daba13e2b0dfd92",dauup.com,44128,DIRECT,4daba13e2b0dfd92,False,False,,,
Dauup Authorization,Publishers Seller ID Tracker,Dauup,Publisher,won.com,Publisher Ads.txt,"dauup.com, 44129, DIRECT, 4daba13e2b0dfd92",dauup.com,44129,DIRECT,4daba13e2b0dfd92,False,False,,,
Dauup Authorization,Publishers Seller ID Tracker,Dauup,Publisher,android.pho.to,Publisher Ads.txt,"dauup.com, 44130, DIRECT, 4daba13e2b0dfd92",dauup.com,44130,DIRECT,4daba13e2b0dfd92,False,False,,,
Dauup Authorization,Publishers Seller ID Tracker,Dauup,Publisher,facejoy.magicutapp.com,Publisher Ads.txt,"dauup.com, 44131, DIRECT, 4daba13e2b0dfd92",dauup.com,44131,DIRECT,4daba13e2b0dfd92,False,False,,,
Dauup Authorization,Publishers Seller ID Tracker,Dauup,Publisher,cloverads.net,Publisher Ads.txt,"dauup.com, 44132, DIRECT, 4daba13e2b0dfd92",dauup.com,44132,DIRECT,4daba13e2b0dfd92,False,False,,,
Dauup Authorization,Publishers Seller ID Tracker,Dauup,Publisher,escolasabatina.net,Publisher Ads.txt,"dauup.com, 44133, DIRECT, 4daba13e2b0dfd92",dauup.com,44133,DIRECT,4daba13e2b0dfd92,False,False,,,
Dauup Authorization,Publishers Seller ID Tracker,Dauup,Publisher,candylink.com,Publisher Ads.txt,"dauup.com, 44134, DIRECT, 4daba13e2b0dfd92",dauup.com,44134,DIRECT,4daba13e2b0dfd92,False,False,,,
Dauup Authorization,Publishers Seller ID Tracker,Dauup,Publisher,aderxu.github.io,Publisher Ads.txt,"dauup.com, 44135, DIRECT, 4daba13e2b0dfd92",dauup.com,44135,DIRECT,4daba13e2b0dfd92,False,False,,,
Dauup Authorization,Publishers Seller ID Tracker,Dauup,Publisher,andreaconsorti.it,Publisher Ads.txt,"dauup.com, 44136, DIRECT, 4daba13e2b0dfd92",dauup.com,44136,DIRECT,4daba13e2b0dfd92,False,False,,,
Dauup Authorization,Publishers Seller ID Tracker,Dauup,Publisher,appsfromdawoodz.com,Publisher Ads.txt,"dauup.com, 44137, DIRECT, 4daba13e2b0dfd92",dauup.com,44137,DIRECT,4daba13e2b0dfd92,False,False,,,
Dauup Authorization,Publishers Seller ID Tracker,Dauup,Publisher,battlelab-games.github.io,Publisher Ads.txt,"dauup.com, 44138, DIRECT, 4daba13e2b0dfd92",dauup.com,44138,DIRECT,4daba13e2b0dfd92,False,False,,,
Dauup Authorization,Publishers Seller ID Tracker,Dauup,Publisher,appscraft.am,Publisher Ads.txt,"dauup.com, 44139, DIRECT, 4daba13e2b0dfd92",dauup.com,44139,DIRECT,4daba13e2b0dfd92,False,False,,,
Dauup Authorization,Publishers Seller ID Tracker,Dauup,Publisher,alicegamestudio.ru,Publisher Ads.txt,"dauup.com, 44140, DIRECT, 4daba13e2b0dfd92",dauup.com,44140,DIRECT,4daba13e2b0dfd92,False,False,,,
Dauup Authorization,Publishers Seller ID Tracker,Dauup,Publisher,betup.org,Publisher Ads.txt,"dauup.com, 44141, DIRECT, 4daba13e2b0dfd92",dauup.com,44141,DIRECT,4daba13e2b0dfd92,False,False,,,
Dauup Authorization,Publishers Seller ID Tracker,Dauup,Publisher,dopamine-lab.com,Publisher Ads.txt,"dauup.com, 44142, DIRECT, 4daba13e2b0dfd92",dauup.com,44142,DIRECT,4daba13e2b0dfd92,False,False,,,
Dauup Authorization,Publishers Seller ID Tracker,Dauup,Publisher,cybergoldfinch.com,Publisher Ads.txt,"dauup.com, 44143, DIRECT, 4daba13e2b0dfd92",dauup.com,44143,DIRECT,4daba13e2b0dfd92,False,False,,,
Dauup Authorization,Publishers Seller ID Tracker,Dauup,Publisher,application.rocks,Publisher Ads.txt,"dauup.com, 44144, DIRECT, 4daba13e2b0dfd92",dauup.com,44144,DIRECT,4daba13e2b0dfd92,False,False,,,
Dauup Authorization,Publishers Seller ID Tracker,Dauup,Publisher,deadlyarrow.com,Publisher Ads.txt,"dauup.com, 44145, DIRECT, 4daba13e2b0dfd92",dauup.com,44145,DIRECT,4daba13e2b0dfd92,False,False,,,
Dauup Authorization,Publishers Seller ID Tracker,Dauup,Publisher,art-bit.github.io,Publisher Ads.txt,"dauup.com, 44146, DIRECT, 4daba13e2b0dfd92",dauup.com,44146,DIRECT,4daba13e2b0dfd92,False,False,,,
Dauup Authorization,Publishers Seller ID Tracker,Dauup,Publisher,elitsolutions.com,Publisher Ads.txt,"dauup.com, 44147, DIRECT, 4daba13e2b0dfd92",dauup.com,44147,DIRECT,4daba13e2b0dfd92,False,False,,,
Dauup Authorization,Publishers Seller ID Tracker,Dauup,Publisher,colorizeimages.com,Publisher Ads.txt,"dauup.com, 44148, DIRECT, 4daba13e2b0dfd92",dauup.com,44148,DIRECT,4daba13e2b0dfd92,False,False,,,
Dauup Authorization,Publishers Seller ID Tracker,Dauup,Publisher,9527521.xyz,Publisher Ads.txt,"dauup.com, 44149, DIRECT, 4daba13e2b0dfd92",dauup.com,44149,DIRECT,4daba13e2b0dfd92,False,False,,,
Dauup Authorization,Publishers Seller ID Tracker,Dauup,Publisher,uk.innovatedating.com,Publisher Ads.txt,"dauup.com, 44150, DIRECT, 4daba13e2b0dfd92",dauup.com,44150,DIRECT,4daba13e2b0dfd92,False,False,,,
Dauup Authorization,Publishers Seller ID Tracker,Dauup,Publisher,boyling.co,Publisher Ads.txt,"dauup.com, 44151, DIRECT, 4daba13e2b0dfd92",dauup.com,44151,DIRECT,4daba13e2b0dfd92,False,False,,,
Dauup Authorization,Publishers Seller ID Tracker,Dauup,Publisher,fem.mingle.com,Publisher Ads.txt,"dauup.com, 44152, DIRECT, 4daba13e2b0dfd92",dauup.com,44152,DIRECT,4daba13e2b0dfd92,False,False,,,
Dauup Authorization,Publishers Seller ID Tracker,Dauup,Publisher,coreydev.com,Publisher Ads.txt,"dauup.com, 44153, DIRECT, 4daba13e2b0dfd92",dauup.com,44153,DIRECT,4daba13e2b0dfd92,False,False,,,
Dauup Authorization,Publishers Seller ID Tracker,Dauup,Publisher,fdfd.me,Publisher Ads.txt,"dauup.com, 44154, DIRECT, 4daba13e2b0dfd92",dauup.com,44154,DIRECT,4daba13e2b0dfd92,False,False,,,
Dauup Authorization,Publishers Seller ID Tracker,Dauup,Publisher,apps.nextc.org,Publisher Ads.txt,"dauup.com, 44155, DIRECT, 4daba13e2b0dfd92",dauup.com,44155,DIRECT,4daba13e2b0dfd92,False,False,,,
Dauup Authorization,Publishers Seller ID Tracker,Dauup,Publisher,privacypolicyperpanjangsimdkijakarta.blogspot.com,Publisher Ads.txt,"dauup.com, 44156, DIRECT, 4daba13e2b0dfd92",dauup.com,44156,DIRECT,4daba13e2b0dfd92,False,False,,,
Dauup Authorization,Publishers Seller ID Tracker,Dauup,Publisher,austintecnologia.com.br,Publisher Ads.txt,"dauup.com, 44157, DIRECT, 4daba13e2b0dfd92",dauup.com,44157,DIRECT,4daba13e2b0dfd92,False,False,,,
Dauup Authorization,Publishers Seller ID Tracker,Dauup,Publisher,bismanonline.com,Publisher Ads.txt,"dauup.com, 44158, DIRECT, 4daba13e2b0dfd92",dauup.com,44158,DIRECT,4daba13e2b0dfd92,False,False,,,
Dauup Authorization,Publishers Seller ID Tracker,Dauup,Publisher,chrawfish.com,Publisher Ads.txt,"dauup.com, 44159, DIRECT, 4daba13e2b0dfd92",dauup.com,44159,DIRECT,4daba13e2b0dfd92,False,False,,,
Dauup Authorization,Publishers Seller ID Tracker,Dauup,Publisher,wgem.com,Publisher Ads.txt,"dauup.com, 44160, DIRECT, 4daba13e2b0dfd92",dauup.com,44160,DIRECT,4daba13e2b0dfd92,False,False,,,
Dauup Authorization,Publishers Seller ID Tracker,Dauup,Publisher,azfamily.com,Publisher Ads.txt,"dauup.com, 44161, DIRECT, 4daba13e2b0dfd92",dauup.com,44161,DIRECT,4daba13e2b0dfd92,False,False,,,
Dauup Authorization,Publishers Seller ID Tracker,Dauup,Publisher,puremusic.app,Publisher Ads.txt,"dauup.com, 44162, DIRECT, 4daba13e2b0dfd92",dauup.com,44162,DIRECT,4daba13e2b0dfd92,False,False,,,
Dauup Authorization,Publishers Seller ID Tracker,Dauup,Publisher,alejo-webapp.web.app,Publisher Ads.txt,"dauup.com, 44163, DIRECT, 4daba13e2b0dfd92",dauup.com,44163,DIRECT,4daba13e2b0dfd92,False,False,,,
Dauup Authorization,Publishers Seller ID Tracker,Dauup,Publisher,coppercod.games,Publisher Ads.txt,"dauup.com, 44164, DIRECT, 4daba13e2b0dfd92",dauup.com,44164,DIRECT,4daba13e2b0dfd92,False,False,,,
Dauup Authorization,Publishers Seller ID Tracker,Dauup,Publisher,fileplay.vercel.app,Publisher Ads.txt,"dauup.com, 44165, DIRECT, 4daba13e2b0dfd92",dauup.com,44165,DIRECT,4daba13e2b0dfd92,False,False,,,
Dauup Authorization,Publishers Seller ID Tracker,Dauup,Publisher,call-defender.com,Publisher Ads.txt,"dauup.com, 44166, DIRECT, 4daba13e2b0dfd92",dauup.com,44166,DIRECT,4daba13e2b0dfd92,False,False,,,
Dauup Authorization,Publishers Seller ID Tracker,Dauup,Publisher,coolfutureapps.com,Publisher Ads.txt,"dauup.com, 44167, DIRECT, 4daba13e2b0dfd92",dauup.com,44167,DIRECT,4daba13e2b0dfd92,False,False,,,
Dauup Authorization,Publishers Seller ID Tracker,Dauup,Publisher,akwastickersapps.blogspot.com,Publisher Ads.txt,"dauup.com, 44168, DIRECT, 4daba13e2b0dfd92",dauup.com,44168,DIRECT,4daba13e2b0dfd92,False,False,,,
Dauup Authorization,Publishers Seller ID Tracker,Dauup,Publisher,dodisoft.com,Publisher Ads.txt,"dauup.com, 44169, DIRECT, 4daba13e2b0dfd92",dauup.com,44169,DIRECT,4daba13e2b0dfd92,False,False,,,
Dauup Authorization,Publishers Seller ID Tracker,Dauup,Publisher,carlapp.net,Publisher Ads.txt,"dauup.com, 44170, DIRECT, 4daba13e2b0dfd92",dauup.com,44170,DIRECT,4daba13e2b0dfd92,False,False,,,
Dauup Authorization,Publishers Seller ID Tracker,Dauup,Publisher,boommobile2020.blogspot.com,Publisher Ads.txt,"dauup.com, 44171, DIRECT, 4daba13e2b0dfd92",dauup.com,44171,DIRECT,4daba13e2b0dfd92,False,False,,,
Dauup Authorization,Publishers Seller ID Tracker,Dauup,Publisher,corrierealpi.gelocal.it,Publisher Ads.txt,"dauup.com, 44172, DIRECT, 4daba13e2b0dfd92",dauup.com,44172,DIRECT,4daba13e2b0dfd92,False,False,,,
Dauup Authorization,Publishers Seller ID Tracker,Dauup,Publisher,twominutefootball.com,Publisher Ads.txt,"dauup.com, 44173, DIRECT, 4daba13e2b0dfd92",dauup.com,44173,DIRECT,4daba13e2b0dfd92,False,False,,,
Dauup Authorization,Publishers Seller ID Tracker,Dauup,Publisher,fefc72533.app-ads-txt.com,Publisher Ads.txt,"dauup.com, 44174, DIRECT, 4daba13e2b0dfd92",dauup.com,44174,DIRECT,4daba13e2b0dfd92,False,False,,,
Dauup Authorization,Publishers Seller ID Tracker,Dauup,Publisher,m5b5c4a89.app-ads-txt.com,Publisher Ads.txt,"dauup.com, 44175, DIRECT, 4daba13e2b0dfd92",dauup.com,44175,DIRECT,4daba13e2b0dfd92,False,False,,,
Dauup Authorization,Publishers Seller ID Tracker,Dauup,Publisher,mapway.com,Publisher Ads.txt,"dauup.com, 44176, DIRECT, 4daba13e2b0dfd92",dauup.com,44176,DIRECT,4daba13e2b0dfd92,False,False,,,
Dauup Authorization,Publishers Seller ID Tracker,Dauup,Publisher,a21d35e1a.app-ads-txt.com,Publisher Ads.txt,"dauup.com, 44177, DIRECT, 4daba13e2b0dfd92",dauup.com,44177,DIRECT,4daba13e2b0dfd92,False,False,,,
Dauup Authorization,Publishers Seller ID Tracker,Dauup,Publisher,battleracingstars.com,Publisher Ads.txt,"dauup.com, 44178, DIRECT, 4daba13e2b0dfd92",dauup.com,44178,DIRECT,4daba13e2b0dfd92,False,False,,,
Dauup Authorization,Publishers Seller ID Tracker,Dauup,Publisher,app.evopro.top,Publisher Ads.txt,"dauup.com, 44179, DIRECT, 4daba13e2b0dfd92",dauup.com,44179,DIRECT,4daba13e2b0dfd92,False,False,,,
Dauup Authorization,Publishers Seller ID Tracker,Dauup,Publisher,boomware.pe,Publisher Ads.txt,"dauup.com, 44180, DIRECT, 4daba13e2b0dfd92",dauup.com,44180,DIRECT,4daba13e2b0dfd92,False,False,,,
Dauup Authorization,Publishers Seller ID Tracker,Dauup,Publisher,buildstep.com,Publisher Ads.txt,"dauup.com, 44181, DIRECT, 4daba13e2b0dfd92",dauup.com,44181,DIRECT,4daba13e2b0dfd92,False,False,,,
Dauup Authorization,Publishers Seller ID Tracker,Dauup,Publisher,appsintrend.com,Publisher Ads.txt,"dauup.com, 44182, DIRECT, 4daba13e2b0dfd92",dauup.com,44182,DIRECT,4daba13e2b0dfd92,False,False,,,
Dauup Authorization,Publishers Seller ID Tracker,Dauup,Publisher,callmemaster.gameindy.com,Publisher Ads.txt,"dauup.com, 44183, DIRECT, 4daba13e2b0dfd92",dauup.com,44183,DIRECT,4daba13e2b0dfd92,False,False,,,
Dauup Authorization,Publishers Seller ID Tracker,Dauup,Publisher,delcasda.com,Publisher Ads.txt,"dauup.com, 44184, DIRECT, 4daba13e2b0dfd92",dauup.com,44184,DIRECT,4daba13e2b0dfd92,False,False,,,
Dauup Authorization,Publishers Seller ID Tracker,Dauup,Publisher,alignitgames.com,Publisher Ads.txt,"dauup.com, 44185, DIRECT, 4daba13e2b0dfd92",dauup.com,44185,DIRECT,4daba13e2b0dfd92,False,False,,,
Dauup Authorization,Publishers Seller ID Tracker,Dauup,Publisher,bhumilandinfo.blogspot.com,Publisher Ads.txt,"dauup.com, 44186, DIRECT, 4daba13e2b0dfd92",dauup.com,44186,DIRECT,4daba13e2b0dfd92,False,False,,,
Dauup Authorization,Publishers Seller ID Tracker,Dauup,Publisher,appsdev.link,Publisher Ads.txt,"dauup.com, 44187, DIRECT, 4daba13e2b0dfd92",dauup.com,44187,DIRECT,4daba13e2b0dfd92,False,False,,,
Dauup Authorization,Publishers Seller ID Tracker,Dauup,Publisher,41nbc.com,Publisher Ads.txt,"dauup.com, 44188, DIRECT, 4daba13e2b0dfd92",dauup.com,44188,DIRECT,4daba13e2b0dfd92,False,False,,,
Dauup Authorization,Publishers Seller ID Tracker,Dauup,Publisher,aspireapps.in,Publisher Ads.txt,"dauup.com, 44189, DIRECT, 4daba13e2b0dfd92",dauup.com,44189,DIRECT,4daba13e2b0dfd92,False,False,,,
Dauup Authorization,Publishers Seller ID Tracker,Dauup,Publisher,empireappdesignz.com,Publisher Ads.txt,"dauup.com, 44190, DIRECT, 4daba13e2b0dfd92",dauup.com,44190,DIRECT,4daba13e2b0dfd92,False,False,,,
Dauup Authorization,Publishers Seller ID Tracker,Dauup,Publisher,anisastudio.com,Publisher Ads.txt,"dauup.com, 44191, DIRECT, 4daba13e2b0dfd92",dauup.com,44191,DIRECT,4daba13e2b0dfd92,False,False,,,
Dauup Authorization,Publishers Seller ID Tracker,Dauup,Publisher,9jagooners.com,Publisher Ads.txt,"dauup.com, 44192, DIRECT, 4daba13e2b0dfd92",dauup.com,44192,DIRECT,4daba13e2b0dfd92,False,False,,,
Dauup Authorization,Publishers Seller ID Tracker,Dauup,Publisher,applaygames.com,Publisher Ads.txt,"dauup.com, 44193, DIRECT, 4daba13e2b0dfd92",dauup.com,44193,DIRECT,4daba13e2b0dfd92,False,False,,,
Dauup Authorization,Publishers Seller ID Tracker,Dauup,Publisher,byssmobile.com,Publisher Ads.txt,"dauup.com, 44194, DIRECT, 4daba13e2b0dfd92",dauup.com,44194,DIRECT,4daba13e2b0dfd92,False,False,,,
Dauup Authorization,Publishers Seller ID Tracker,Dauup,Publisher,airdropgaming.win,Publisher Ads.txt,"dauup.com, 44195, DIRECT, 4daba13e2b0dfd92",dauup.com,44195,DIRECT,4daba13e2b0dfd92,False,False,,,
Dauup Authorization,Publishers Seller ID Tracker,Dauup,Publisher,ar-translator.com,Publisher Ads.txt,"dauup.com, 44196, DIRECT, 4daba13e2b0dfd92",dauup.com,44196,DIRECT,4daba13e2b0dfd92,False,False,,,
Dauup Authorization,Publishers Seller ID Tracker,Dauup,Publisher,appsderua.blogspot.com,Publisher Ads.txt,"dauup.com, 44197, DIRECT, 4daba13e2b0dfd92",dauup.com,44197,DIRECT,4daba13e2b0dfd92,False,False,,,
Dauup Authorization,Publishers Seller ID Tracker,Dauup,Publisher,eggadventure.com,Publisher Ads.txt,"dauup.com, 44198, DIRECT, 4daba13e2b0dfd92",dauup.com,44198,DIRECT,4daba13e2b0dfd92,False,False,,,
Dauup Authorization,Publishers Seller ID Tracker,Dauup,Publisher,animecenter.network,Publisher Ads.txt,"dauup.com, 44199, DIRECT, 4daba13e2b0dfd92",dauup.com,44199,DIRECT,4daba13e2b0dfd92,False,False,,,
Dauup Authorization,Publishers Seller ID Tracker,Dauup,Publisher,d86hdt3fp6xb3.cloudfront.net,Publisher Ads.txt,"dauup.com, 44200, DIRECT, 4daba13e2b0dfd92",dauup.com,44200,DIRECT,4daba13e2b0dfd92,False,False,,,
Dauup Authorization,Publishers Seller ID Tracker,Dauup,Publisher,dao71zmvgbl1f.cloudfront.net,Publisher Ads.txt,"dauup.com, 44201, DIRECT, 4daba13e2b0dfd92",dauup.com,44201,DIRECT,4daba13e2b0dfd92,False,False,,,
Dauup Authorization,Publishers Seller ID Tracker,Dauup,Publisher,d61hi9jqkys2w.cloudfront.net,Publisher Ads.txt,"dauup.com, 44202, DIRECT, 4daba13e2b0dfd92",dauup.com,44202,DIRECT,4daba13e2b0dfd92,False,False,,,
Dauup Authorization,Publishers Seller ID Tracker,Dauup,Publisher,elevenvideoinc.blogspot.com,Publisher Ads.txt,"dauup.com, 44203, DIRECT, 4daba13e2b0dfd92",dauup.com,44203,DIRECT,4daba13e2b0dfd92,False,False,,,
Dauup Authorization,Publishers Seller ID Tracker,Dauup,Publisher,d3aapoavec277v.cloudfront.net,Publisher Ads.txt,"dauup.com, 44204, DIRECT, 4daba13e2b0dfd92",dauup.com,44204,DIRECT,4daba13e2b0dfd92,False,False,,,
Dauup Authorization,Publishers Seller ID Tracker,Dauup,Publisher,support.epicstoryinteractive.com,Publisher Ads.txt,"dauup.com, 44205, DIRECT, 4daba13e2b0dfd92",dauup.com,44205,DIRECT,4daba13e2b0dfd92,False,False,,,
Dauup Authorization,Publishers Seller ID Tracker,Dauup,Publisher,aioappsdev.blogspot.com,Publisher Ads.txt,"dauup.com, 44206, DIRECT, 4daba13e2b0dfd92",dauup.com,44206,DIRECT,4daba13e2b0dfd92,False,False,,,
Dauup Authorization,Publishers Seller ID Tracker,Dauup,Publisher,crazykidsgamesmedia.com,Publisher Ads.txt,"dauup.com, 44207, DIRECT, 4daba13e2b0dfd92",dauup.com,44207,DIRECT,4daba13e2b0dfd92,False,False,,,
Dauup Authorization,Publishers Seller ID Tracker,Dauup,Publisher,crazycampmedia.com,Publisher Ads.txt,"dauup.com, 44208, DIRECT, 4daba13e2b0dfd92",dauup.com,44208,DIRECT,4daba13e2b0dfd92,False,False,,,
Dauup Authorization,Publishers Seller ID Tracker,Dauup,Publisher,pixelprose.fr,Publisher Ads.txt,"dauup.com, 44209, DIRECT, 4daba13e2b0dfd92",dauup.com,44209,DIRECT,4daba13e2b0dfd92,False,False,,,
Dauup Authorization,Publishers Seller ID Tracker,Dauup,Publisher,cryptoconflict.joycity.com,Publisher Ads.txt,"dauup.com, 44210, DIRECT, 4daba13e2b0dfd92",dauup.com,44210,DIRECT,4daba13e2b0dfd92,False,False,,,
Dauup Authorization,Publishers Seller ID Tracker,Dauup,Publisher,cbz.joycity.com,Publisher Ads.txt,"dauup.com, 44211, DIRECT, 4daba13e2b0dfd92",dauup.com,44211,DIRECT,4daba13e2b0dfd92,False,False,,,
Dauup Authorization,Publishers Seller ID Tracker,Dauup,Publisher,spiele.rtl.de,Publisher Ads.txt,"dauup.com, 44212, DIRECT, 4daba13e2b0dfd92",dauup.com,44212,DIRECT,4daba13e2b0dfd92,False,False,,,
Dauup Authorization,Publishers Seller ID Tracker,Dauup,Publisher,espanol.reviewjournal.com,Publisher Ads.txt,"dauup.com, 44213, DIRECT, 4daba13e2b0dfd92",dauup.com,44213,DIRECT,4daba13e2b0dfd92,False,False,,,
Dauup Authorization,Publishers Seller ID Tracker,Dauup,Publisher,duatgames.com,Publisher Ads.txt,"dauup.com, 44214, DIRECT, 4daba13e2b0dfd92",dauup.com,44214,DIRECT,4daba13e2b0dfd92,False,False,,,
Dauup Authorization,Publishers Seller ID Tracker,Dauup,Publisher,rewardy.io,Publisher Ads.txt,"dauup.com, 44215, DIRECT, 4daba13e2b0dfd92",dauup.com,44215,DIRECT,4daba13e2b0dfd92,False,False,,,
Dauup Authorization,Publishers Seller ID Tracker,Dauup,Publisher,emoji-maker-3b180.web.app,Publisher Ads.txt,"dauup.com, 44216, DIRECT, 4daba13e2b0dfd92",dauup.com,44216,DIRECT,4daba13e2b0dfd92,False,False,,,
Dauup Authorization,Publishers Seller ID Tracker,Dauup,Publisher,bro3.com,Publisher Ads.txt,"dauup.com, 44217, DIRECT, 4daba13e2b0dfd92",dauup.com,44217,DIRECT,4daba13e2b0dfd92,False,False,,,
Dauup Authorization,Publishers Seller ID Tracker,Dauup,Publisher,cizgi.studio,Publisher Ads.txt,"dauup.com, 44218, DIRECT, 4daba13e2b0dfd92",dauup.com,44218,DIRECT,4daba13e2b0dfd92,False,False,,,
Dauup Authorization,Publishers Seller ID Tracker,Dauup,Publisher,memes.co.in,Publisher Ads.txt,"dauup.com, 44219, DIRECT, 4daba13e2b0dfd92",dauup.com,44219,DIRECT,4daba13e2b0dfd92,False,False,,,
Dauup Authorization,Publishers Seller ID Tracker,Dauup,Publisher,delmarvasportsnetwork.com,Publisher Ads.txt,"dauup.com, 44220, DIRECT, 4daba13e2b0dfd92",dauup.com,44220,DIRECT,4daba13e2b0dfd92,False,False,,,
Dauup Authorization,Publishers Seller ID Tracker,Dauup,Publisher,bookboard.in,Publisher Ads.txt,"dauup.com, 44221, DIRECT, 4daba13e2b0dfd92",dauup.com,44221,DIRECT,4daba13e2b0dfd92,False,False,,,
Dauup Authorization,Publishers Seller ID Tracker,Dauup,Publisher,babydragondevelopment.com,Publisher Ads.txt,"dauup.com, 44222, DIRECT, 4daba13e2b0dfd92",dauup.com,44222,DIRECT,4daba13e2b0dfd92,False,False,,,
Dauup Authorization,Publishers Seller ID Tracker,Dauup,Publisher,u56006fb6.app-ads-txt.com,Publisher Ads.txt,"dauup.com, 44223, DIRECT, 4daba13e2b0dfd92",dauup.com,44223,DIRECT,4daba13e2b0dfd92,False,False,,,
Dauup Authorization,Publishers Seller ID Tracker,Dauup,Publisher,wilde.texts.fr,Publisher Ads.txt,"dauup.com, 44224, DIRECT, 4daba13e2b0dfd92",dauup.com,44224,DIRECT,4daba13e2b0dfd92,False,False,,,
Dauup Authorization,Publishers Seller ID Tracker,Dauup,Publisher,bernie.texts.fr,Publisher Ads.txt,"dauup.com, 44225, DIRECT, 4daba13e2b0dfd92",dauup.com,44225,DIRECT,4daba13e2b0dfd92,False,False,,,
Dauup Authorization,Publishers Seller ID Tracker,Dauup,Publisher,coocent.applinzi.com,Publisher Ads.txt,"dauup.com, 44226, DIRECT, 4daba13e2b0dfd92",dauup.com,44226,DIRECT,4daba13e2b0dfd92,False,False,,,
Dauup Authorization,Publishers Seller ID Tracker,Dauup,Publisher,anthony-cardinale.fr,Publisher Ads.txt,"dauup.com, 44227, DIRECT, 4daba13e2b0dfd92",dauup.com,44227,DIRECT,4daba13e2b0dfd92,False,False,,,
Dauup Authorization,Publishers Seller ID Tracker,Dauup,Publisher,emberfund.io,Publisher Ads.txt,"dauup.com, 44228, DIRECT, 4daba13e2b0dfd92",dauup.com,44228,DIRECT,4daba13e2b0dfd92,False,False,,,
Dauup Authorization,Publishers Seller ID Tracker,Dauup,Publisher,carleoneworkson.blogspot.com,Publisher Ads.txt,"dauup.com, 44229, DIRECT, 4daba13e2b0dfd92",dauup.com,44229,DIRECT,4daba13e2b0dfd92,False,False,,,
Dauup Authorization,Publishers Seller ID Tracker,Dauup,Publisher,brightside.me,Publisher Ads.txt,"dauup.com, 44230, DIRECT, 4daba13e2b0dfd92",dauup.com,44230,DIRECT,4daba13e2b0dfd92,False,False,,,
Dauup Authorization,Publishers Seller ID Tracker,Dauup,Publisher,blix.pl,Publisher Ads.txt,"dauup.com, 44231, DIRECT, 4daba13e2b0dfd92",dauup.com,44231,DIRECT,4daba13e2b0dfd92,False,False,,,
Dauup Authorization,Publishers Seller ID Tracker,Dauup,Publisher,buildingcitymaxiworld.netlify.app,Publisher Ads.txt,"dauup.com, 44232, DIRECT, 4daba13e2b0dfd92",dauup.com,44232,DIRECT,4daba13e2b0dfd92,False,False,,,
Dauup Authorization,Publishers Seller ID Tracker,Dauup,Publisher,apara.com.tr,Publisher Ads.txt,"dauup.com, 44233, DIRECT, 4daba13e2b0dfd92",dauup.com,44233,DIRECT,4daba13e2b0dfd92,False,False,,,
Dauup Authorization,Publishers Seller ID Tracker,Dauup,Publisher,diavostar.com,Publisher Ads.txt,"dauup.com, 44234, DIRECT, 4daba13e2b0dfd92",dauup.com,44234,DIRECT,4daba13e2b0dfd92,False,False,,,
Dauup Authorization,Publishers Seller ID Tracker,Dauup,Publisher,aow3.gear-games.com,Publisher Ads.txt,"dauup.com, 44235, DIRECT, 4daba13e2b0dfd92",dauup.com,44235,DIRECT,4daba13e2b0dfd92,False,False,,,
Dauup Authorization,Publishers Seller ID Tracker,Dauup,Publisher,badcrane.com,Publisher Ads.txt,"dauup.com, 44236, DIRECT, 4daba13e2b0dfd92",dauup.com,44236,DIRECT,4daba13e2b0dfd92,False,False,,,
Dauup Authorization,Publishers Seller ID Tracker,Dauup,Publisher,aihlmusic.com,Publisher Ads.txt,"dauup.com, 44237, DIRECT, 4daba13e2b0dfd92",dauup.com,44237,DIRECT,4daba13e2b0dfd92,False,False,,,
Dauup Authorization,Publishers Seller ID Tracker,Dauup,Publisher,widgetpets.com,Publisher Ads.txt,"dauup.com, 44238, DIRECT, 4daba13e2b0dfd92",dauup.com,44238,DIRECT,4daba13e2b0dfd92,False,False,,,
Dauup Authorization,Publishers Seller ID Tracker,Dauup,Publisher,duaoddl.dothome.co.kr,Publisher Ads.txt,"dauup.com, 44239, DIRECT, 4daba13e2b0dfd92",dauup.com,44239,DIRECT,4daba13e2b0dfd92,False,False,,,
Dauup Authorization,Publishers Seller ID Tracker,Dauup,Publisher,byaah.live,Publisher Ads.txt,"dauup.com, 44240, DIRECT, 4daba13e2b0dfd92",dauup.com,44240,DIRECT,4daba13e2b0dfd92,False,False,,,
Dauup Authorization,Publishers Seller ID Tracker,Dauup,Publisher,a31902962.app-ads-txt.com,Publisher Ads.txt,"dauup.com, 44241, DIRECT, 4daba13e2b0dfd92",dauup.com,44241,DIRECT,4daba13e2b0dfd92,False,False,,,
Dauup Authorization,Publishers Seller ID Tracker,Dauup,Publisher,dofustream.com,Publisher Ads.txt,"dauup.com, 44242, DIRECT, 4daba13e2b0dfd92",dauup.com,44242,DIRECT,4daba13e2b0dfd92,False,False,,,
Dauup Authorization,Publishers Seller ID Tracker,Dauup,Publisher,b476dd5ce.app-ads-txt.com,Publisher Ads.txt,"dauup.com, 44243, DIRECT, 4daba13e2b0dfd92",dauup.com,44243,DIRECT,4daba13e2b0dfd92,False,False,,,
Dauup Authorization,Publishers Seller ID Tracker,Dauup,Publisher,chatmastereqtest.com,Publisher Ads.txt,"dauup.com, 44244, DIRECT, 4daba13e2b0dfd92",dauup.com,44244,DIRECT,4daba13e2b0dfd92,False,False,,,
Dauup Authorization,Publishers Seller ID Tracker,Dauup,Publisher,anzohan.github.io,Publisher Ads.txt,"dauup.com, 44245, DIRECT, 4daba13e2b0dfd92",dauup.com,44245,DIRECT,4daba13e2b0dfd92,False,False,,,
Dauup Authorization,Publishers Seller ID Tracker,Dauup,Publisher,widgetbaby.com,Publisher Ads.txt,"dauup.com, 44246, DIRECT, 4daba13e2b0dfd92",dauup.com,44246,DIRECT,4daba13e2b0dfd92,False,False,,,
Dauup Authorization,Publishers Seller ID Tracker,Dauup,Publisher,dogmelon.com.au,Publisher Ads.txt,"dauup.com, 44247, DIRECT, 4daba13e2b0dfd92",dauup.com,44247,DIRECT,4daba13e2b0dfd92,False,False,,,
Dauup Authorization,Publishers Seller ID Tracker,Dauup,Publisher,dogmelongames.com,Publisher Ads.txt,"dauup.com, 44248, DIRECT, 4daba13e2b0dfd92",dauup.com,44248,DIRECT,4daba13e2b0dfd92,False,False,,,
Dauup Authorization,Publishers Seller ID Tracker,Dauup,Publisher,crazypanda.ru,Publisher Ads.txt,"dauup.com, 44249, DIRECT, 4daba13e2b0dfd92",dauup.com,44249,DIRECT,4daba13e2b0dfd92,False,False,,,
Dauup Authorization,Publishers Seller ID Tracker,Dauup,Publisher,colossi.games,Publisher Ads.txt,"dauup.com, 44250, DIRECT, 4daba13e2b0dfd92",dauup.com,44250,DIRECT,4daba13e2b0dfd92,False,False,,,
Dauup Authorization,Publishers Seller ID Tracker,Dauup,Publisher,lvclivevideocall.blogspot.com,Publisher Ads.txt,"dauup.com, 44251, DIRECT, 4daba13e2b0dfd92",dauup.com,44251,DIRECT,4daba13e2b0dfd92,False,False,,,
Dauup Authorization,Publishers Seller ID Tracker,Dauup,Publisher,bluelinestudios.blogspot.com,Publisher Ads.txt,"dauup.com, 44252, DIRECT, 4daba13e2b0dfd92",dauup.com,44252,DIRECT,4daba13e2b0dfd92,False,False,,,
Dauup Authorization,Publishers Seller ID Tracker,Dauup,Publisher,winningslotsgame.com,Publisher Ads.txt,"dauup.com, 44253, DIRECT, 4daba13e2b0dfd92",dauup.com,44253,DIRECT,4daba13e2b0dfd92,False,False,,,
Dauup Authorization,Publishers Seller ID Tracker,Dauup,Publisher,boocha-global.github.io,Publisher Ads.txt,"dauup.com, 44254, DIRECT, 4daba13e2b0dfd92",dauup.com,44254,DIRECT,4daba13e2b0dfd92,False,False,,,
Dauup Authorization,Publishers Seller ID Tracker,Dauup,Publisher,comitic.com,Publisher Ads.txt,"dauup.com, 44255, DIRECT, 4daba13e2b0dfd92",dauup.com,44255,DIRECT,4daba13e2b0dfd92,False,False,,,
Dauup Authorization,Publishers Seller ID Tracker,Dauup,Publisher,meradhanmoney.blogspot.com,Publisher Ads.txt,"dauup.com, 44256, DIRECT, 4daba13e2b0dfd92",dauup.com,44256,DIRECT,4daba13e2b0dfd92,False,False,,,
Dauup Authorization,Publishers Seller ID Tracker,Dauup,Publisher,angolix.com,Publisher Ads.txt,"dauup.com, 44257, DIRECT, 4daba13e2b0dfd92",dauup.com,44257,DIRECT,4daba13e2b0dfd92,False,False,,,
Dauup Authorization,Publishers Seller ID Tracker,Dauup,Publisher,maru.xyz,Publisher Ads.txt,"dauup.com, 44258, DIRECT, 4daba13e2b0dfd92",dauup.com,44258,DIRECT,4daba13e2b0dfd92,False,False,,,
Dauup Authorization,Publishers Seller ID Tracker,Dauup,Publisher,realis.network,Publisher Ads.txt,"dauup.com, 44259, DIRECT, 4daba13e2b0dfd92",dauup.com,44259,DIRECT,4daba13e2b0dfd92,False,False,,,
Dauup Authorization,Publishers Seller ID Tracker,Dauup,Publisher,dats.games,Publisher Ads.txt,"dauup.com, 44260, DIRECT, 4daba13e2b0dfd92",dauup.com,44260,DIRECT,4daba13e2b0dfd92,False,False,,,
Dauup Authorization,Publishers Seller ID Tracker,Dauup,Publisher,marcobiscaro.com,Publisher Ads.txt,"dauup.com, 44261, DIRECT, 4daba13e2b0dfd92",dauup.com,44261,DIRECT,4daba13e2b0dfd92,False,False,,,
Dauup Authorization,Publishers Seller ID Tracker,Dauup,Publisher,djournal.com,Publisher Ads.txt,"dauup.com, 44262, DIRECT, 4daba13e2b0dfd92",dauup.com,44262,DIRECT,4daba13e2b0dfd92,False,False,,,
Dauup Authorization,Publishers Seller ID Tracker,Dauup,Publisher,annelertoplandik.com,Publisher Ads.txt,"dauup.com, 44263, DIRECT, 4daba13e2b0dfd92",dauup.com,44263,DIRECT,4daba13e2b0dfd92,False,False,,,
Dauup Authorization,Publishers Seller ID Tracker,Dauup,Publisher,blitzwincash.com,Publisher Ads.txt,"dauup.com, 44264, DIRECT, 4daba13e2b0dfd92",dauup.com,44264,DIRECT,4daba13e2b0dfd92,False,False,,,
Dauup Authorization,Publishers Seller ID Tracker,Dauup,Publisher,blitz-app.io,Publisher Ads.txt,"dauup.com, 44265, DIRECT, 4daba13e2b0dfd92",dauup.com,44265,DIRECT,4daba13e2b0dfd92,False,False,,,
Dauup Authorization,Publishers Seller ID Tracker,Dauup,Publisher,ragdoll-playground.web.app,Publisher Ads.txt,"dauup.com, 44266, DIRECT, 4daba13e2b0dfd92",dauup.com,44266,DIRECT,4daba13e2b0dfd92,False,False,,,
Dauup Authorization,Publishers Seller ID Tracker,Dauup,Publisher,bestnovel.com,Publisher Ads.txt,"dauup.com, 44267, DIRECT, 4daba13e2b0dfd92",dauup.com,44267,DIRECT,4daba13e2b0dfd92,False,False,,,
Dauup Authorization,Publishers Seller ID Tracker,Dauup,Publisher,assyst.app,Publisher Ads.txt,"dauup.com, 44268, DIRECT, 4daba13e2b0dfd92",dauup.com,44268,DIRECT,4daba13e2b0dfd92,False,False,,,
Dauup Authorization,Publishers Seller ID Tracker,Dauup,Publisher,blue-noon.blogspot.com,Publisher Ads.txt,"dauup.com, 44269, DIRECT, 4daba13e2b0dfd92",dauup.com,44269,DIRECT,4daba13e2b0dfd92,False,False,,,
Dauup Authorization,Publishers Seller ID Tracker,Dauup,Publisher,betanaliz.org,Publisher Ads.txt,"dauup.com, 44270, DIRECT, 4daba13e2b0dfd92",dauup.com,44270,DIRECT,4daba13e2b0dfd92,False,False,,,
Dauup Authorization,Publishers Seller ID Tracker,Dauup,Publisher,chatany.world,Publisher Ads.txt,"dauup.com, 44271, DIRECT, 4daba13e2b0dfd92",dauup.com,44271,DIRECT,4daba13e2b0dfd92,False,False,,,
Dauup Authorization,Publishers Seller ID Tracker,Dauup,Publisher,atomczak.com,Publisher Ads.txt,"dauup.com, 44272, DIRECT, 4daba13e2b0dfd92",dauup.com,44272,DIRECT,4daba13e2b0dfd92,False,False,,,
Dauup Authorization,Publishers Seller ID Tracker,Dauup,Publisher,ebabaentertain.com,Publisher Ads.txt,"dauup.com, 44273, DIRECT, 4daba13e2b0dfd92",dauup.com,44273,DIRECT,4daba13e2b0dfd92,False,False,,,
Dauup Authorization,Publishers Seller ID Tracker,Dauup,Publisher,andromob.co.in,Publisher Ads.txt,"dauup.com, 44274, DIRECT, 4daba13e2b0dfd92",dauup.com,44274,DIRECT,4daba13e2b0dfd92,False,False,,,
Dauup Authorization,Publishers Seller ID Tracker,Dauup,Publisher,2fastgamesweb.blogspot.com,Publisher Ads.txt,"dauup.com, 44275, DIRECT, 4daba13e2b0dfd92",dauup.com,44275,DIRECT,4daba13e2b0dfd92,False,False,,,
Dauup Authorization,Publishers Seller ID Tracker,Dauup,Publisher,maniacstudios.raycaststudios.com,Publisher Ads.txt,"dauup.com, 44276, DIRECT, 4daba13e2b0dfd92",dauup.com,44276,DIRECT,4daba13e2b0dfd92,False,False,,,
Dauup Authorization,Publishers Seller ID Tracker,Dauup,Publisher,empirestreaming.com,Publisher Ads.txt,"dauup.com, 44277, DIRECT, 4daba13e2b0dfd92",dauup.com,44277,DIRECT,4daba13e2b0dfd92,False,False,,,
Dauup Authorization,Publishers Seller ID Tracker,Dauup,Publisher,oddrok.com,Publisher Ads.txt,"dauup.com, 44278, DIRECT, 4daba13e2b0dfd92",dauup.com,44278,DIRECT,4daba13e2b0dfd92,False,False,,,
Dauup Authorization,Publishers Seller ID Tracker,Dauup,Publisher,babyinsideapp.ru,Publisher Ads.txt,"dauup.com, 44279, DIRECT, 4daba13e2b0dfd92",dauup.com,44279,DIRECT,4daba13e2b0dfd92,False,False,,,
Dauup Authorization,Publishers Seller ID Tracker,Dauup,Publisher,uken.com,Publisher Ads.txt,"dauup.com, 44280, DIRECT, 4daba13e2b0dfd92",dauup.com,44280,DIRECT,4daba13e2b0dfd92,False,False,,,
Dauup Authorization,Publishers Seller ID Tracker,Dauup,Publisher,en.apps4chromecast.com,Publisher Ads.txt,"dauup.com, 44281, DIRECT, 4daba13e2b0dfd92",dauup.com,44281,DIRECT,4daba13e2b0dfd92,False,False,,,
Dauup Authorization,Publishers Seller ID Tracker,Dauup,Publisher,bankanaou.com,Publisher Ads.txt,"dauup.com, 44282, DIRECT, 4daba13e2b0dfd92",dauup.com,44282,DIRECT,4daba13e2b0dfd92,False,False,,,
Dauup Authorization,Publishers Seller ID Tracker,Dauup,Publisher,bg.rstgames.com,Publisher Ads.txt,"dauup.com, 44283, DIRECT, 4daba13e2b0dfd92",dauup.com,44283,DIRECT,4daba13e2b0dfd92,False,False,,,
Dauup Authorization,Publishers Seller ID Tracker,Dauup,Publisher,bigwigmedia.com,Publisher Ads.txt,"dauup.com, 44284, DIRECT, 4daba13e2b0dfd92",dauup.com,44284,DIRECT,4daba13e2b0dfd92,False,False,,,
Dauup Authorization,Publishers Seller ID Tracker,Dauup,Publisher,efur.app,Publisher Ads.txt,"dauup.com, 44285, DIRECT, 4daba13e2b0dfd92",dauup.com,44285,DIRECT,4daba13e2b0dfd92,False,False,,,
Dauup Authorization,Publishers Seller ID Tracker,Dauup,Publisher,extraluckydevlt.epizy.com,Publisher Ads.txt,"dauup.com, 44286, DIRECT, 4daba13e2b0dfd92",dauup.com,44286,DIRECT,4daba13e2b0dfd92,False,False,,,
Dauup Authorization,Publishers Seller ID Tracker,Dauup,Publisher,daynnightgames.blogspot.com,Publisher Ads.txt,"dauup.com, 44287, DIRECT, 4daba13e2b0dfd92",dauup.com,44287,DIRECT,4daba13e2b0dfd92,False,False,,,
Dauup Authorization,Publishers Seller ID Tracker,Dauup,Publisher,anytimeearnmony.blogspot.com,Publisher Ads.txt,"dauup.com, 44288, DIRECT, 4daba13e2b0dfd92",dauup.com,44288,DIRECT,4daba13e2b0dfd92,False,False,,,
Dauup Authorization,Publishers Seller ID Tracker,Dauup,Publisher,appache.games,Publisher Ads.txt,"dauup.com, 44289, DIRECT, 4daba13e2b0dfd92",dauup.com,44289,DIRECT,4daba13e2b0dfd92,False,False,,,
Dauup Authorization,Publishers Seller ID Tracker,Dauup,Publisher,reignofbeast123.blogspot.com,Publisher Ads.txt,"dauup.com, 44290, DIRECT, 4daba13e2b0dfd92",dauup.com,44290,DIRECT,4daba13e2b0dfd92,False,False,,,
Dauup Authorization,Publishers Seller ID Tracker,Dauup,Publisher,euroleghe.fantacalcio.it,Publisher Ads.txt,"dauup.com, 44291, DIRECT, 4daba13e2b0dfd92",dauup.com,44291,DIRECT,4daba13e2b0dfd92,False,False,,,
Dauup Authorization,Publishers Seller ID Tracker,Dauup,Publisher,2-monkeys.nl,Publisher Ads.txt,"dauup.com, 44292, DIRECT, 4daba13e2b0dfd92",dauup.com,44292,DIRECT,4daba13e2b0dfd92,False,False,,,
Dauup Authorization,Publishers Seller ID Tracker,Dauup,Publisher,billionsurprisetoys.com,Publisher Ads.txt,"dauup.com, 44293, DIRECT, 4daba13e2b0dfd92",dauup.com,44293,DIRECT,4daba13e2b0dfd92,False,False,,,
Dauup Authorization,Publishers Seller ID Tracker,Dauup,Publisher,sf7d9c73d.app-ads-txt.com,Publisher Ads.txt,"dauup.com, 44294, DIRECT, 4daba13e2b0dfd92",dauup.com,44294,DIRECT,4daba13e2b0dfd92,False,False,,,
Dauup Authorization,Publishers Seller ID Tracker,Dauup,Publisher,creaativeapps.blogspot.com,Publisher Ads.txt,"dauup.com, 44295, DIRECT, 4daba13e2b0dfd92",dauup.com,44295,DIRECT,4daba13e2b0dfd92,False,False,,,
Dauup Authorization,Publishers Seller ID Tracker,Dauup,Publisher,briskpuzzle.web.app,Publisher Ads.txt,"dauup.com, 44296, DIRECT, 4daba13e2b0dfd92",dauup.com,44296,DIRECT,4daba13e2b0dfd92,False,False,,,
Dauup Authorization,Publishers Seller ID Tracker,Dauup,Publisher,color-ball-paint-a-maze.web.app,Publisher Ads.txt,"dauup.com, 44297, DIRECT, 4daba13e2b0dfd92",dauup.com,44297,DIRECT,4daba13e2b0dfd92,False,False,,,
Dauup Authorization,Publishers Seller ID Tracker,Dauup,Publisher,3dmatic.ru,Publisher Ads.txt,"dauup.com, 44298, DIRECT, 4daba13e2b0dfd92",dauup.com,44298,DIRECT,4daba13e2b0dfd92,False,False,,,
Dauup Authorization,Publishers Seller ID Tracker,Dauup,Publisher,a-bly.com,Publisher Ads.txt,"dauup.com, 44299, DIRECT, 4daba13e2b0dfd92",dauup.com,44299,DIRECT,4daba13e2b0dfd92,False,False,,,
Dauup Authorization,Publishers Seller ID Tracker,Dauup,Publisher,cantalooza.com,Publisher Ads.txt,"dauup.com, 44300, DIRECT, 4daba13e2b0dfd92",dauup.com,44300,DIRECT,4daba13e2b0dfd92,False,False,,,
Dauup Authorization,Publishers Seller ID Tracker,Dauup,Publisher,api.razzlepuzzles.com,Publisher Ads.txt,"dauup.com, 44301, DIRECT, 4daba13e2b0dfd92",dauup.com,44301,DIRECT,4daba13e2b0dfd92,False,False,,,
Dauup Authorization,Publishers Seller ID Tracker,Dauup,Publisher,fgcos.com,Publisher Ads.txt,"dauup.com, 44302, DIRECT, 4daba13e2b0dfd92",dauup.com,44302,DIRECT,4daba13e2b0dfd92,False,False,,,
Dauup Authorization,Publishers Seller ID Tracker,Dauup,Publisher,regoapps.com,Publisher Ads.txt,"dauup.com, 44303, DIRECT, 4daba13e2b0dfd92",dauup.com,44303,DIRECT,4daba13e2b0dfd92,False,False,,,
Dauup Authorization,Publishers Seller ID Tracker,Dauup,Publisher,altibbi.com,Publisher Ads.txt,"dauup.com, 44304, DIRECT, 4daba13e2b0dfd92",dauup.com,44304,DIRECT,4daba13e2b0dfd92,False,False,,,
Dauup Authorization,Publishers Seller ID Tracker,Dauup,Publisher,subara.com,Publisher Ads.txt,"dauup.com, 44305, DIRECT, 4daba13e2b0dfd92",dauup.com,44305,DIRECT,4daba13e2b0dfd92,False,False,,,
Dauup Authorization,Publishers Seller ID Tracker,Dauup,Publisher,avitarsumlar.blogspot.com,Publisher Ads.txt,"dauup.com, 44306, DIRECT, 4daba13e2b0dfd92",dauup.com,44306,DIRECT,4daba13e2b0dfd92,False,False,,,
Dauup Authorization,Publishers Seller ID Tracker,Dauup,Publisher,anonymousaliens.app,Publisher Ads.txt,"dauup.com, 44307, DIRECT, 4daba13e2b0dfd92",dauup.com,44307,DIRECT,4daba13e2b0dfd92,False,False,,,
Dauup Authorization,Publishers Seller ID Tracker,Dauup,Publisher,ember-entertainment.com,Publisher Ads.txt,"dauup.com, 44308, DIRECT, 4daba13e2b0dfd92",dauup.com,44308,DIRECT,4daba13e2b0dfd92,False,False,,,
Dauup Authorization,Publishers Seller ID Tracker,Dauup,Publisher,ember.games,Publisher Ads.txt,"dauup.com, 44309, DIRECT, 4daba13e2b0dfd92",dauup.com,44309,DIRECT,4daba13e2b0dfd92,False,False,,,
Dauup Authorization,Publishers Seller ID Tracker,Dauup,Publisher,crunchyroll.com,Publisher Ads.txt,"dauup.com, 44310, DIRECT, 4daba13e2b0dfd92",dauup.com,44310,DIRECT,4daba13e2b0dfd92,False,False,,,
Dauup Authorization,Publishers Seller ID Tracker,Dauup,Publisher,Vizio,Publisher Ads.txt,"dauup.com, 44311, DIRECT, 4daba13e2b0dfd92",dauup.com,44311,DIRECT,4daba13e2b0dfd92,False,False,,,
Dauup Authorization,Publishers Seller ID Tracker,Dauup,Publisher,Filmzie,Publisher Ads.txt,"dauup.com, 44312, DIRECT, 4daba13e2b0dfd92",dauup.com,44312,DIRECT,4daba13e2b0dfd92,False,False,,,
Dauup Authorization,Publishers Seller ID Tracker,Dauup,Publisher,cas.ai,Publisher Ads.txt,"dauup.com, 44313, DIRECT, 4daba13e2b0dfd92",dauup.com,44313,DIRECT,4daba13e2b0dfd92,False,False,,,
Dauup Authorization,Publishers Seller ID Tracker,Dauup,Publisher,zeam,Publisher Ads.txt,"dauup.com, 44314, DIRECT, 4daba13e2b0dfd92",dauup.com,44314,DIRECT,4daba13e2b0dfd92,False,False,,,
Dauup Authorization,Publishers Seller ID Tracker,Dauup,Publisher,OTT Studio,Publisher Ads.txt,"dauup.com, 44315, DIRECT, 4daba13e2b0dfd92",dauup.com,44315,DIRECT,4daba13e2b0dfd92,False,False,,,
Dauup Authorization,Publishers Seller ID Tracker,Dauup,Publisher,Play Works,Publisher Ads.txt,"dauup.com, 44316, DIRECT, 4daba13e2b0dfd92",dauup.com,44316,DIRECT,4daba13e2b0dfd92,False,False,,,
Dauup Authorization,Publishers Seller ID Tracker,Dauup,Publisher,https://www.t-mobile.com/,Publisher Ads.txt,"dauup.com, 44317, DIRECT, 4daba13e2b0dfd92",dauup.com,44317,DIRECT,4daba13e2b0dfd92,False,False,,,
Dauup Authorization,Publishers Seller ID Tracker,Dauup,Publisher,Fubo TV,Publisher Ads.txt,"dauup.com, 44318, DIRECT, 4daba13e2b0dfd92",dauup.com,44318,DIRECT,4daba13e2b0dfd92,False,False,,,
Dauup Authorization,Publishers Seller ID Tracker,Dauup,Publisher,Vesta,Publisher Ads.txt,"dauup.com, 44319, DIRECT, 4daba13e2b0dfd92",dauup.com,44319,DIRECT,4daba13e2b0dfd92,False,False,,,
Dauup Authorization,Publishers Seller ID Tracker,Dauup,Publisher,paramount,Publisher Ads.txt,"dauup.com, 44320, DIRECT, 4daba13e2b0dfd92",dauup.com,44320,DIRECT,4daba13e2b0dfd92,False,False,,,
Dauup Authorization,Publishers Seller ID Tracker,Dauup,Publisher,sound cloud,Publisher Ads.txt,"dauup.com, 44321, DIRECT, 4daba13e2b0dfd92",dauup.com,44321,DIRECT,4daba13e2b0dfd92,False,False,,,
Dauup Authorization,Publishers Seller ID Tracker,Dauup,Publisher,Tubi,Publisher Ads.txt,"dauup.com, 44322, DIRECT, 4daba13e2b0dfd92",dauup.com,44322,DIRECT,4daba13e2b0dfd92,False,False,,,
Dauup Authorization,Publishers Seller ID Tracker,Dauup,Publisher,frndlytv,Publisher Ads.txt,"dauup.com, 44323, DIRECT, 4daba13e2b0dfd92",dauup.com,44323,DIRECT,4daba13e2b0dfd92,False,False,,,
Dauup Authorization,Publishers Seller ID Tracker,Dauup,Publisher,Fuse Media,Publisher Ads.txt,"dauup.com, 44324, DIRECT, 4daba13e2b0dfd92",dauup.com,44324,DIRECT,4daba13e2b0dfd92,False,False,,,
Dauup Authorization,Publishers Seller ID Tracker,Dauup,Publisher,Maticway,Publisher Ads.txt,"dauup.com, 44325, DIRECT, 4daba13e2b0dfd92",dauup.com,44325,DIRECT,4daba13e2b0dfd92,False,False,,,
Dauup Authorization,Publishers Seller ID Tracker,Dauup,Publisher,Appsession,Publisher Ads.txt,"dauup.com, 44326, DIRECT, 4daba13e2b0dfd92",dauup.com,44326,DIRECT,4daba13e2b0dfd92,False,False,,,
Dauup Authorization,Publishers Seller ID Tracker,Dauup,Publisher,Cineverse,Publisher Ads.txt,"dauup.com, 44327, DIRECT, 4daba13e2b0dfd92",dauup.com,44327,DIRECT,4daba13e2b0dfd92,False,False,,,
Dauup Authorization,Publishers Seller ID Tracker,Dauup,Publisher,Cox Media,Publisher Ads.txt,"dauup.com, 44328, DIRECT, 4daba13e2b0dfd92",dauup.com,44328,DIRECT,4daba13e2b0dfd92,False,False,,,
Dauup Authorization,Publishers Seller ID Tracker,Dauup,Publisher,Radiance Media,Publisher Ads.txt,"dauup.com, 44329, DIRECT, 4daba13e2b0dfd92",dauup.com,44329,DIRECT,4daba13e2b0dfd92,False,False,,,
Dauup Authorization,Publishers Seller ID Tracker,Dauup,Publisher,Pocket FM,Publisher Ads.txt,"dauup.com, 44330, DIRECT, 4daba13e2b0dfd92",dauup.com,44330,DIRECT,4daba13e2b0dfd92,False,False,,,
Dauup Authorization,Publishers Seller ID Tracker,Dauup,Publisher,Xumo,Publisher Ads.txt,"dauup.com, 44331, DIRECT, 4daba13e2b0dfd92",dauup.com,44331,DIRECT,4daba13e2b0dfd92,False,False,,,
Dauup Authorization,Publishers Seller ID Tracker,Dauup,Publisher,Lihuhu Games,Publisher Ads.txt,"dauup.com, 44332, DIRECT, 4daba13e2b0dfd92",dauup.com,44332,DIRECT,4daba13e2b0dfd92,False,False,,,
Dauup Authorization,Publishers Seller ID Tracker,Dauup,Publisher,ABI Games,Publisher Ads.txt,"dauup.com, 44333, DIRECT, 4daba13e2b0dfd92",dauup.com,44333,DIRECT,4daba13e2b0dfd92,False,False,,,
Dauup Authorization,Publishers Seller ID Tracker,Dauup,Publisher,bralyvn.com,Publisher Ads.txt,"dauup.com, 44334, DIRECT, 4daba13e2b0dfd92",dauup.com,44334,DIRECT,4daba13e2b0dfd92,False,False,,,
Dauup Authorization,Publishers Seller ID Tracker,Dauup,Publisher,Spanglish Movies,Publisher Ads.txt,"dauup.com, 44335, DIRECT, 4daba13e2b0dfd92",dauup.com,44335,DIRECT,4daba13e2b0dfd92,False,False,,,
Dauup Authorization,Publishers Seller ID Tracker,Dauup,Publisher,Pandas Of Caribbean,Publisher Ads.txt,"dauup.com, 44336, DIRECT, 4daba13e2b0dfd92",dauup.com,44336,DIRECT,4daba13e2b0dfd92,False,False,,,
Dauup Authorization,Publishers Seller ID Tracker,Dauup,Publisher,Streamvision,Publisher Ads.txt,"dauup.com, 44337, DIRECT, 4daba13e2b0dfd92",dauup.com,44337,DIRECT,4daba13e2b0dfd92,False,False,,,
Dauup Authorization,Publishers Seller ID Tracker,Dauup,Publisher,NetComTV,Publisher Ads.txt,"dauup.com, 44338, DIRECT, 4daba13e2b0dfd92",dauup.com,44338,DIRECT,4daba13e2b0dfd92,False,False,,,
Dauup Authorization,Publishers Seller ID Tracker,Dauup,Publisher,Gapu Studio,Publisher Ads.txt,"dauup.com, 44339, DIRECT, 4daba13e2b0dfd92",dauup.com,44339,DIRECT,4daba13e2b0dfd92,False,False,,,
Dauup Authorization,Publishers Seller ID Tracker,Dauup,Publisher,IndieZ,Publisher Ads.txt,"dauup.com, 44340, DIRECT, 4daba13e2b0dfd92",dauup.com,44340,DIRECT,4daba13e2b0dfd92,False,False,,,
Dauup Authorization,Publishers Seller ID Tracker,Dauup,Publisher,Rumble,Publisher Ads.txt,"dauup.com, 44341, DIRECT, 4daba13e2b0dfd92",dauup.com,44341,DIRECT,4daba13e2b0dfd92,False,False,,,
Dauup Authorization,Publishers Seller ID Tracker,Dauup,Publisher,Meitu,Publisher Ads.txt,"dauup.com, 44342, DIRECT, 4daba13e2b0dfd92",dauup.com,44342,DIRECT,4daba13e2b0dfd92,False,False,,,
Dauup Authorization,Publishers Seller ID Tracker,Dauup,Publisher,Video Elephant,Publisher Ads.txt,"dauup.com, 44343, DIRECT, 4daba13e2b0dfd92",dauup.com,44343,DIRECT,4daba13e2b0dfd92,False,False,,,
Dauup Authorization,Publishers Seller ID Tracker,Dauup,Publisher,Publica,Publisher Ads.txt,"dauup.com, 44344, DIRECT, 4daba13e2b0dfd92",dauup.com,44344,DIRECT,4daba13e2b0dfd92,False,False,,,
Dauup Authorization,Publishers Seller ID Tracker,Dauup,Publisher,Myfitnesspal,Publisher Ads.txt,"dauup.com, 44345, DIRECT, 4daba13e2b0dfd92",dauup.com,44345,DIRECT,4daba13e2b0dfd92,False,False,,,
Dauup Authorization,Publishers Seller ID Tracker,Dauup,Publisher,FreeTV,Publisher Ads.txt,"dauup.com, 44346, DIRECT, 4daba13e2b0dfd92",dauup.com,44346,DIRECT,4daba13e2b0dfd92,False,False,,,
Dauup Authorization,Publishers Seller ID Tracker,Dauup,Publisher,CallApp,Publisher Ads.txt,"dauup.com, 44347, DIRECT, 4daba13e2b0dfd92",dauup.com,44347,DIRECT,4daba13e2b0dfd92,False,False,,,
Dauup Authorization,Publishers Seller ID Tracker,Dauup,Publisher,hurelax.com (Hungry Studio),Publisher Ads.txt,"dauup.com, 44348, DIRECT, 4daba13e2b0dfd92",dauup.com,44348,DIRECT,4daba13e2b0dfd92,False,False,,,
Dauup Authorization,Publishers Seller ID Tracker,Dauup,Publisher,TBD,Publisher Ads.txt,"dauup.com, 44349, DIRECT, 4daba13e2b0dfd92",dauup.com,44349,DIRECT,4daba13e2b0dfd92,False,True,,,
Dauup Authorization,Publishers Seller ID Tracker,Dauup,Publisher,TBD,Publisher Ads.txt,"dauup.com, 44350, DIRECT, 4daba13e2b0dfd92",dauup.com,44350,DIRECT,4daba13e2b0dfd92,False,True,,,
Dauup Authorization,Publishers Seller ID Tracker,Dauup,Publisher,TBD,Publisher Ads.txt,"dauup.com, 44351, DIRECT, 4daba13e2b0dfd92",dauup.com,44351,DIRECT,4daba13e2b0dfd92,False,True,,,
Dauup Authorization,Publishers Seller ID Tracker,Dauup,Publisher,TBD,Publisher Ads.txt,"dauup.com, 44352, DIRECT, 4daba13e2b0dfd92",dauup.com,44352,DIRECT,4daba13e2b0dfd92,False,True,,,
Dauup Authorization,Publishers Seller ID Tracker,Dauup,Publisher,TBD,Publisher Ads.txt,"dauup.com, 44353, DIRECT, 4daba13e2b0dfd92",dauup.com,44353,DIRECT,4daba13e2b0dfd92,False,True,,,
Dauup Authorization,Publishers Seller ID Tracker,Dauup,Publisher,TBD,Publisher Ads.txt,"dauup.com, 44354, DIRECT, 4daba13e2b0dfd92",dauup.com,44354,DIRECT,4daba13e2b0dfd92,False,True,,,
Dauup Authorization,Publishers Seller ID Tracker,Dauup,Publisher,TBD,Publisher Ads.txt,"dauup.com, 44355, DIRECT, 4daba13e2b0dfd92",dauup.com,44355,DIRECT,4daba13e2b0dfd92,False,True,,,
Dauup Authorization,Publishers Seller ID Tracker,Dauup,Publisher,TBD,Publisher Ads.txt,"dauup.com, 44356, DIRECT, 4daba13e2b0dfd92",dauup.com,44356,DIRECT,4daba13e2b0dfd92,False,True,,,
Dauup Authorization,Publishers Seller ID Tracker,Dauup,Publisher,TBD,Publisher Ads.txt,"dauup.com, 44357, DIRECT, 4daba13e2b0dfd92",dauup.com,44357,DIRECT,4daba13e2b0dfd92,False,True,,,
Dauup Authorization,Publishers Seller ID Tracker,Dauup,Publisher,TBD,Publisher Ads.txt,"dauup.com, 44358, DIRECT, 4daba13e2b0dfd92",dauup.com,44358,DIRECT,4daba13e2b0dfd92,False,True,,,
Dauup Authorization,Publishers Seller ID Tracker,Dauup,Publisher,TBD,Publisher Ads.txt,"dauup.com, 44359, DIRECT, 4daba13e2b0dfd92",dauup.com,44359,DIRECT,4daba13e2b0dfd92,False,True,,,
Dauup Authorization,Publishers Seller ID Tracker,Dauup,Publisher,TBD,Publisher Ads.txt,"dauup.com, 44360, DIRECT, 4daba13e2b0dfd92",dauup.com,44360,DIRECT,4daba13e2b0dfd92,False,True,,,
Dauup Authorization,Publishers Seller ID Tracker,Dauup,Publisher,TBD,Publisher Ads.txt,"dauup.com, 44361, DIRECT, 4daba13e2b0dfd92",dauup.com,44361,DIRECT,4daba13e2b0dfd92,False,True,,,
Dauup Authorization,Publishers Seller ID Tracker,Dauup,Publisher,TBD,Publisher Ads.txt,"dauup.com, 44362, DIRECT, 4daba13e2b0dfd92",dauup.com,44362,DIRECT,4daba13e2b0dfd92,False,True,,,
Dauup Authorization,Publishers Seller ID Tracker,Dauup,Publisher,TBD,Publisher Ads.txt,"dauup.com, 44363, DIRECT, 4daba13e2b0dfd92",dauup.com,44363,DIRECT,4daba13e2b0dfd92,False,True,,,
Dauup Authorization,Publishers Seller ID Tracker,Dauup,Publisher,TBD,Publisher Ads.txt,"dauup.com, 44364, DIRECT, 4daba13e2b0dfd92",dauup.com,44364,DIRECT,4daba13e2b0dfd92,False,True,,,
Dauup Authorization,Publishers Seller ID Tracker,Dauup,Publisher,TBD,Publisher Ads.txt,"dauup.com, 44365, DIRECT, 4daba13e2b0dfd92",dauup.com,44365,DIRECT,4daba13e2b0dfd92,False,True,,,
Dauup Authorization,Publishers Seller ID Tracker,Dauup,Publisher,TBD,Publisher Ads.txt,"dauup.com, 44366, DIRECT, 4daba13e2b0dfd92",dauup.com,44366,DIRECT,4daba13e2b0dfd92,False,True,,,
Dauup Authorization,Publishers Seller ID Tracker,Dauup,Publisher,TBD,Publisher Ads.txt,"dauup.com, 44367, DIRECT, 4daba13e2b0dfd92",dauup.com,44367,DIRECT,4daba13e2b0dfd92,False,True,,,
Dauup Authorization,Publishers Seller ID Tracker,Dauup,Publisher,TBD,Publisher Ads.txt,"dauup.com, 44368, DIRECT, 4daba13e2b0dfd92",dauup.com,44368,DIRECT,4daba13e2b0dfd92,False,True,,,
Dauup Authorization,Publishers Seller ID Tracker,Dauup,Publisher,TBD,Publisher Ads.txt,"dauup.com, 44369, DIRECT, 4daba13e2b0dfd92",dauup.com,44369,DIRECT,4daba13e2b0dfd92,False,True,,,
Dauup Authorization,Publishers Seller ID Tracker,Dauup,Publisher,TBD,Publisher Ads.txt,"dauup.com, 44370, DIRECT, 4daba13e2b0dfd92",dauup.com,44370,DIRECT,4daba13e2b0dfd92,False,True,,,
Dauup Authorization,Publishers Seller ID Tracker,Dauup,Publisher,TBD,Publisher Ads.txt,"dauup.com, 44371, DIRECT, 4daba13e2b0dfd92",dauup.com,44371,DIRECT,4daba13e2b0dfd92,False,True,,,
Dauup Authorization,Publishers Seller ID Tracker,Dauup,Publisher,TBD,Publisher Ads.txt,"dauup.com, 44372, DIRECT, 4daba13e2b0dfd92",dauup.com,44372,DIRECT,4daba13e2b0dfd92,False,True,,,
Dauup Authorization,Publishers Seller ID Tracker,Dauup,Publisher,TBD,Publisher Ads.txt,"dauup.com, 44373, DIRECT, 4daba13e2b0dfd92",dauup.com,44373,DIRECT,4daba13e2b0dfd92,False,True,,,
Dauup Authorization,Publishers Seller ID Tracker,Dauup,Publisher,TBD,Publisher Ads.txt,"dauup.com, 44374, DIRECT, 4daba13e2b0dfd92",dauup.com,44374,DIRECT,4daba13e2b0dfd92,False,True,,,
Dauup Authorization,Publishers Seller ID Tracker,Dauup,Publisher,TBD,Publisher Ads.txt,"dauup.com, 44375, DIRECT, 4daba13e2b0dfd92",dauup.com,44375,DIRECT,4daba13e2b0dfd92,False,True,,,
Dauup Authorization,Publishers Seller ID Tracker,Dauup,Publisher,TBD,Publisher Ads.txt,"dauup.com, 44376, DIRECT, 4daba13e2b0dfd92",dauup.com,44376,DIRECT,4daba13e2b0dfd92,False,True,,,
Dauup Authorization,Publishers Seller ID Tracker,Dauup,Publisher,TBD,Publisher Ads.txt,"dauup.com, 44377, DIRECT, 4daba13e2b0dfd92",dauup.com,44377,DIRECT,4daba13e2b0dfd92,False,True,,,
Dauup Authorization,Publishers Seller ID Tracker,Dauup,Publisher,TBD,Publisher Ads.txt,"dauup.com, 44378, DIRECT, 4daba13e2b0dfd92",dauup.com,44378,DIRECT,4daba13e2b0dfd92,False,True,,,
Dauup Authorization,Publishers Seller ID Tracker,Dauup,Publisher,TBD,Publisher Ads.txt,"dauup.com, 44379, DIRECT, 4daba13e2b0dfd92",dauup.com,44379,DIRECT,4daba13e2b0dfd92,False,True,,,
Dauup Authorization,Publishers Seller ID Tracker,Dauup,Publisher,TBD,Publisher Ads.txt,"dauup.com, 44380, DIRECT, 4daba13e2b0dfd92",dauup.com,44380,DIRECT,4daba13e2b0dfd92,False,True,,,
Dauup Authorization,Publishers Seller ID Tracker,Dauup,Publisher,TBD,Publisher Ads.txt,"dauup.com, 44381, DIRECT, 4daba13e2b0dfd92",dauup.com,44381,DIRECT,4daba13e2b0dfd92,False,True,,,
Dauup Authorization,Publishers Seller ID Tracker,Dauup,Publisher,TBD,Publisher Ads.txt,"dauup.com, 44382, DIRECT, 4daba13e2b0dfd92",dauup.com,44382,DIRECT,4daba13e2b0dfd92,False,True,,,
Dauup Authorization,Publishers Seller ID Tracker,Dauup,Publisher,TBD,Publisher Ads.txt,"dauup.com, 44383, DIRECT, 4daba13e2b0dfd92",dauup.com,44383,DIRECT,4daba13e2b0dfd92,False,True,,,
Dauup Authorization,Publishers Seller ID Tracker,Dauup,Publisher,TBD,Publisher Ads.txt,"dauup.com, 44384, DIRECT, 4daba13e2b0dfd92",dauup.com,44384,DIRECT,4daba13e2b0dfd92,False,True,,,
Dauup Authorization,Publishers Seller ID Tracker,Dauup,Publisher,TBD,Publisher Ads.txt,"dauup.com, 44385, DIRECT, 4daba13e2b0dfd92",dauup.com,44385,DIRECT,4daba13e2b0dfd92,False,True,,,
Dauup Authorization,Publishers Seller ID Tracker,Dauup,Publisher,TBD,Publisher Ads.txt,"dauup.com, 44386, DIRECT, 4daba13e2b0dfd92",dauup.com,44386,DIRECT,4daba13e2b0dfd92,False,True,,,
Dauup Authorization,Publishers Seller ID Tracker,Dauup,Publisher,TBD,Publisher Ads.txt,"dauup.com, 44387, DIRECT, 4daba13e2b0dfd92",dauup.com,44387,DIRECT,4daba13e2b0dfd92,False,True,,,
Dauup Authorization,Publishers Seller ID Tracker,Dauup,Publisher,TBD,Publisher Ads.txt,"dauup.com, 44388, DIRECT, 4daba13e2b0dfd92",dauup.com,44388,DIRECT,4daba13e2b0dfd92,False,True,,,
Dauup Authorization,Publishers Seller ID Tracker,Dauup,Publisher,TBD,Publisher Ads.txt,"dauup.com, 44389, DIRECT, 4daba13e2b0dfd92",dauup.com,44389,DIRECT,4daba13e2b0dfd92,False,True,,,
Dauup Authorization,Publishers Seller ID Tracker,Dauup,Publisher,TBD,Publisher Ads.txt,"dauup.com, 44390, DIRECT, 4daba13e2b0dfd92",dauup.com,44390,DIRECT,4daba13e2b0dfd92,False,True,,,
Dauup Authorization,Publishers Seller ID Tracker,Dauup,Publisher,TBD,Publisher Ads.txt,"dauup.com, 44391, DIRECT, 4daba13e2b0dfd92",dauup.com,44391,DIRECT,4daba13e2b0dfd92,False,True,,,
Dauup Authorization,Publishers Seller ID Tracker,Dauup,Publisher,TBD,Publisher Ads.txt,"dauup.com, 44392, DIRECT, 4daba13e2b0dfd92",dauup.com,44392,DIRECT,4daba13e2b0dfd92,False,True,,,
Dauup Authorization,Publishers Seller ID Tracker,Dauup,Publisher,TBD,Publisher Ads.txt,"dauup.com, 44393, DIRECT, 4daba13e2b0dfd92",dauup.com,44393,DIRECT,4daba13e2b0dfd92,False,True,,,
Dauup Authorization,Publishers Seller ID Tracker,Dauup,Publisher,TBD,Publisher Ads.txt,"dauup.com, 44394, DIRECT, 4daba13e2b0dfd92",dauup.com,44394,DIRECT,4daba13e2b0dfd92,False,True,,,
Dauup Authorization,Publishers Seller ID Tracker,Dauup,Publisher,TBD,Publisher Ads.txt,"dauup.com, 44395, DIRECT, 4daba13e2b0dfd92",dauup.com,44395,DIRECT,4daba13e2b0dfd92,False,True,,,
Dauup Authorization,Publishers Seller ID Tracker,Dauup,Publisher,TBD,Publisher Ads.txt,"dauup.com, 44396, DIRECT, 4daba13e2b0dfd92",dauup.com,44396,DIRECT,4daba13e2b0dfd92,False,True,,,
Dauup Authorization,Publishers Seller ID Tracker,Dauup,Publisher,TBD,Publisher Ads.txt,"dauup.com, 44397, DIRECT, 4daba13e2b0dfd92",dauup.com,44397,DIRECT,4daba13e2b0dfd92,False,True,,,
Dauup Authorization,Publishers Seller ID Tracker,Dauup,Publisher,TBD,Publisher Ads.txt,"dauup.com, 44398, DIRECT, 4daba13e2b0dfd92",dauup.com,44398,DIRECT,4daba13e2b0dfd92,False,True,,,
Dauup Authorization,Publishers Seller ID Tracker,Dauup,Publisher,TBD,Publisher Ads.txt,"dauup.com, 44399, DIRECT, 4daba13e2b0dfd92",dauup.com,44399,DIRECT,4daba13e2b0dfd92,False,True,,,
Dauup Authorization,Publishers Seller ID Tracker,Dauup,Publisher,TBD,Publisher Ads.txt,"dauup.com, 44400, DIRECT, 4daba13e2b0dfd92",dauup.com,44400,DIRECT,4daba13e2b0dfd92,False,True,,,
Dauup Authorization,Publishers Seller ID Tracker,Dauup,Publisher,TBD,Publisher Ads.txt,"dauup.com, 44401, DIRECT, 4daba13e2b0dfd92",dauup.com,44401,DIRECT,4daba13e2b0dfd92,False,True,,,
Dauup Authorization,Publishers Seller ID Tracker,Dauup,Publisher,TBD,Publisher Ads.txt,"dauup.com, 44402, DIRECT, 4daba13e2b0dfd92",dauup.com,44402,DIRECT,4daba13e2b0dfd92,False,True,,,
Dauup Authorization,Publishers Seller ID Tracker,Dauup,Publisher,TBD,Publisher Ads.txt,"dauup.com, 44403, DIRECT, 4daba13e2b0dfd92",dauup.com,44403,DIRECT,4daba13e2b0dfd92,False,True,,,
Dauup Authorization,Publishers Seller ID Tracker,Dauup,Publisher,TBD,Publisher Ads.txt,"dauup.com, 44404, DIRECT, 4daba13e2b0dfd92",dauup.com,44404,DIRECT,4daba13e2b0dfd92,False,True,,,
Dauup Authorization,Publishers Seller ID Tracker,Dauup,Publisher,TBD,Publisher Ads.txt,"dauup.com, 44405, DIRECT, 4daba13e2b0dfd92",dauup.com,44405,DIRECT,4daba13e2b0dfd92,False,True,,,
Dauup Authorization,Publishers Seller ID Tracker,Dauup,Publisher,TBD,Publisher Ads.txt,"dauup.com, 44406, DIRECT, 4daba13e2b0dfd92",dauup.com,44406,DIRECT,4daba13e2b0dfd92,False,True,,,
Dauup Authorization,Publishers Seller ID Tracker,Dauup,Publisher,TBD,Publisher Ads.txt,"dauup.com, 44407, DIRECT, 4daba13e2b0dfd92",dauup.com,44407,DIRECT,4daba13e2b0dfd92,False,True,,,
Dauup Authorization,Publishers Seller ID Tracker,Dauup,Publisher,TBD,Publisher Ads.txt,"dauup.com, 44408, DIRECT, 4daba13e2b0dfd92",dauup.com,44408,DIRECT,4daba13e2b0dfd92,False,True,,,
Dauup Authorization,Publishers Seller ID Tracker,Dauup,Publisher,TBD,Publisher Ads.txt,"dauup.com, 44409, DIRECT, 4daba13e2b0dfd92",dauup.com,44409,DIRECT,4daba13e2b0dfd92,False,True,,,
Dauup Authorization,Publishers Seller ID Tracker,Dauup,Publisher,TBD,Publisher Ads.txt,"dauup.com, 44410, DIRECT, 4daba13e2b0dfd92",dauup.com,44410,DIRECT,4daba13e2b0dfd92,False,True,,,
Dauup Authorization,Publishers Seller ID Tracker,Dauup,Publisher,TBD,Publisher Ads.txt,"dauup.com, 44411, DIRECT, 4daba13e2b0dfd92",dauup.com,44411,DIRECT,4daba13e2b0dfd92,False,True,,,
Dauup Authorization,Publishers Seller ID Tracker,Dauup,Publisher,TBD,Publisher Ads.txt,"dauup.com, 44412, DIRECT, 4daba13e2b0dfd92",dauup.com,44412,DIRECT,4daba13e2b0dfd92,False,True,,,
Dauup Authorization,Publishers Seller ID Tracker,Dauup,Publisher,TBD,Publisher Ads.txt,"dauup.com, 44413, DIRECT, 4daba13e2b0dfd92",dauup.com,44413,DIRECT,4daba13e2b0dfd92,False,True,,,
Dauup Authorization,Publishers Seller ID Tracker,Dauup,Publisher,TBD,Publisher Ads.txt,"dauup.com, 44414, DIRECT, 4daba13e2b0dfd92",dauup.com,44414,DIRECT,4daba13e2b0dfd92,False,True,,,
Dauup Authorization,Publishers Seller ID Tracker,Dauup,Publisher,TBD,Publisher Ads.txt,"dauup.com, 44415, DIRECT, 4daba13e2b0dfd92",dauup.com,44415,DIRECT,4daba13e2b0dfd92,False,True,,,
Dauup Authorization,Publishers Seller ID Tracker,Dauup,Publisher,TBD,Publisher Ads.txt,"dauup.com, 44416, DIRECT, 4daba13e2b0dfd92",dauup.com,44416,DIRECT,4daba13e2b0dfd92,False,True,,,
Dauup Authorization,Publishers Seller ID Tracker,Dauup,Publisher,TBD,Publisher Ads.txt,"dauup.com, 44417, DIRECT, 4daba13e2b0dfd92",dauup.com,44417,DIRECT,4daba13e2b0dfd92,False,True,,,
Dauup Authorization,Publishers Seller ID Tracker,Dauup,Publisher,TBD,Publisher Ads.txt,"dauup.com, 44418, DIRECT, 4daba13e2b0dfd92",dauup.com,44418,DIRECT,4daba13e2b0dfd92,False,True,,,
Dauup Authorization,Publishers Seller ID Tracker,Dauup,Publisher,TBD,Publisher Ads.txt,"dauup.com, 44419, DIRECT, 4daba13e2b0dfd92",dauup.com,44419,DIRECT,4daba13e2b0dfd92,False,True,,,
Dauup Authorization,Publishers Seller ID Tracker,Dauup,Publisher,TBD,Publisher Ads.txt,"dauup.com, 44420, DIRECT, 4daba13e2b0dfd92",dauup.com,44420,DIRECT,4daba13e2b0dfd92,False,True,,,
Dauup Authorization,Publishers Seller ID Tracker,Dauup,Publisher,TBD,Publisher Ads.txt,"dauup.com, 44421, DIRECT, 4daba13e2b0dfd92",dauup.com,44421,DIRECT,4daba13e2b0dfd92,False,True,,,
Dauup Authorization,Publishers Seller ID Tracker,Dauup,Publisher,TBD,Publisher Ads.txt,"dauup.com, 44422, DIRECT, 4daba13e2b0dfd92",dauup.com,44422,DIRECT,4daba13e2b0dfd92,False,True,,,
Dauup Authorization,Publishers Seller ID Tracker,Dauup,Publisher,TBD,Publisher Ads.txt,"dauup.com, 44423, DIRECT, 4daba13e2b0dfd92",dauup.com,44423,DIRECT,4daba13e2b0dfd92,False,True,,,
Dauup Authorization,Publishers Seller ID Tracker,Dauup,Publisher,TBD,Publisher Ads.txt,"dauup.com, 44424, DIRECT, 4daba13e2b0dfd92",dauup.com,44424,DIRECT,4daba13e2b0dfd92,False,True,,,
Dauup Authorization,Publishers Seller ID Tracker,Dauup,Publisher,TBD,Publisher Ads.txt,"dauup.com, 44425, DIRECT, 4daba13e2b0dfd92",dauup.com,44425,DIRECT,4daba13e2b0dfd92,False,True,,,
Dauup Authorization,Publishers Seller ID Tracker,Dauup,Publisher,TBD,Publisher Ads.txt,"dauup.com, 44426, DIRECT, 4daba13e2b0dfd92",dauup.com,44426,DIRECT,4daba13e2b0dfd92,False,True,,,
Dauup Authorization,Publishers Seller ID Tracker,Dauup,Publisher,TBD,Publisher Ads.txt,"dauup.com, 44427, DIRECT, 4daba13e2b0dfd92",dauup.com,44427,DIRECT,4daba13e2b0dfd92,False,True,,,
Dauup Authorization,Publishers Seller ID Tracker,Dauup,Publisher,TBD,Publisher Ads.txt,"dauup.com, 44428, DIRECT, 4daba13e2b0dfd92",dauup.com,44428,DIRECT,4daba13e2b0dfd92,False,True,,,
Dauup Authorization,Publishers Seller ID Tracker,Dauup,Publisher,TBD,Publisher Ads.txt,"dauup.com, 44429, DIRECT, 4daba13e2b0dfd92",dauup.com,44429,DIRECT,4daba13e2b0dfd92,False,True,,,
Dauup Authorization,Publishers Seller ID Tracker,Dauup,Publisher,TBD,Publisher Ads.txt,"dauup.com, 44430, DIRECT, 4daba13e2b0dfd92",dauup.com,44430,DIRECT,4daba13e2b0dfd92,False,True,,,
Dauup Authorization,Publishers Seller ID Tracker,Dauup,Publisher,TBD,Publisher Ads.txt,"dauup.com, 44431, DIRECT, 4daba13e2b0dfd92",dauup.com,44431,DIRECT,4daba13e2b0dfd92,False,True,,,
Dauup Authorization,Publishers Seller ID Tracker,Dauup,Publisher,TBD,Publisher Ads.txt,"dauup.com, 44432, DIRECT, 4daba13e2b0dfd92",dauup.com,44432,DIRECT,4daba13e2b0dfd92,False,True,,,
Dauup Authorization,Publishers Seller ID Tracker,Dauup,Publisher,TBD,Publisher Ads.txt,"dauup.com, 44433, DIRECT, 4daba13e2b0dfd92",dauup.com,44433,DIRECT,4daba13e2b0dfd92,False,True,,,
Dauup Authorization,Publishers Seller ID Tracker,Dauup,Publisher,TBD,Publisher Ads.txt,"dauup.com, 44434, DIRECT, 4daba13e2b0dfd92",dauup.com,44434,DIRECT,4daba13e2b0dfd92,False,True,,,
Dauup Authorization,Publishers Seller ID Tracker,Dauup,Publisher,TBD,Publisher Ads.txt,"dauup.com, 44435, DIRECT, 4daba13e2b0dfd92",dauup.com,44435,DIRECT,4daba13e2b0dfd92,False,True,,,
Dauup Authorization,Publishers Seller ID Tracker,Dauup,Publisher,TBD,Publisher Ads.txt,"dauup.com, 44436, DIRECT, 4daba13e2b0dfd92",dauup.com,44436,DIRECT,4daba13e2b0dfd92,False,True,,,
Dauup Authorization,Publishers Seller ID Tracker,Dauup,Publisher,TBD,Publisher Ads.txt,"dauup.com, 44437, DIRECT, 4daba13e2b0dfd92",dauup.com,44437,DIRECT,4daba13e2b0dfd92,False,True,,,
Dauup Authorization,Publishers Seller ID Tracker,Dauup,Publisher,TBD,Publisher Ads.txt,"dauup.com, 44438, DIRECT, 4daba13e2b0dfd92",dauup.com,44438,DIRECT,4daba13e2b0dfd92,False,True,,,
Dauup Authorization,Publishers Seller ID Tracker,Dauup,Publisher,TBD,Publisher Ads.txt,"dauup.com, 44439, DIRECT, 4daba13e2b0dfd92",dauup.com,44439,DIRECT,4daba13e2b0dfd92,False,True,,,
Dauup Authorization,Publishers Seller ID Tracker,Dauup,Publisher,TBD,Publisher Ads.txt,"dauup.com, 44440, DIRECT, 4daba13e2b0dfd92",dauup.com,44440,DIRECT,4daba13e2b0dfd92,False,True,,,
Dauup Authorization,Publishers Seller ID Tracker,Dauup,Publisher,TBD,Publisher Ads.txt,"dauup.com, 44441, DIRECT, 4daba13e2b0dfd92",dauup.com,44441,DIRECT,4daba13e2b0dfd92,False,True,,,
Dauup Authorization,Publishers Seller ID Tracker,Dauup,Publisher,TBD,Publisher Ads.txt,"dauup.com, 44442, DIRECT, 4daba13e2b0dfd92",dauup.com,44442,DIRECT,4daba13e2b0dfd92,False,True,,,
Dauup Authorization,Publishers Seller ID Tracker,Dauup,Publisher,TBD,Publisher Ads.txt,"dauup.com, 44443, DIRECT, 4daba13e2b0dfd92",dauup.com,44443,DIRECT,4daba13e2b0dfd92,False,True,,,
Dauup Authorization,Publishers Seller ID Tracker,Dauup,Publisher,pixelpoint.tv,Publisher Ads.txt,"dauup.com, 44444, DIRECT, 4daba13e2b0dfd92",dauup.com,44444,DIRECT,4daba13e2b0dfd92,False,False,,,
Dauup Authorization,Publishers Seller ID Tracker,Dauup,Publisher,recipepanda.tv,Publisher Ads.txt,"dauup.com, 44445, DIRECT, 4daba13e2b0dfd92",dauup.com,44445,DIRECT,4daba13e2b0dfd92,False,False,,,
Dauup Authorization,Publishers Seller ID Tracker,Dauup,Publisher,puppybear.tv,Publisher Ads.txt,"dauup.com, 44446, DIRECT, 4daba13e2b0dfd92",dauup.com,44446,DIRECT,4daba13e2b0dfd92,False,False,,,
Dauup Authorization,Publishers Seller ID Tracker,Dauup,Publisher,gamersden.tv,Publisher Ads.txt,"dauup.com, 44447, DIRECT, 4daba13e2b0dfd92",dauup.com,44447,DIRECT,4daba13e2b0dfd92,False,False,,,
Dauup Authorization,Publishers Seller ID Tracker,Dauup,Publisher,recipeninja.tv,Publisher Ads.txt,"dauup.com, 44448, DIRECT, 4daba13e2b0dfd92",dauup.com,44448,DIRECT,4daba13e2b0dfd92,False,False,,,
Dauup Authorization,Publishers Seller ID Tracker,Dauup,Publisher,TBD,Publisher Ads.txt,"dauup.com, 44449, DIRECT, 4daba13e2b0dfd92",dauup.com,44449,DIRECT,4daba13e2b0dfd92,False,True,,,
Dauup Authorization,Publishers Seller ID Tracker,Dauup,Publisher,TBD,Publisher Ads.txt,"dauup.com, 44450, DIRECT, 4daba13e2b0dfd92",dauup.com,44450,DIRECT,4daba13e2b0dfd92,False,True,,,
Dauup Authorization,Publishers Seller ID Tracker,Dauup,Publisher,TBD,Publisher Ads.txt,"dauup.com, 44451, DIRECT, 4daba13e2b0dfd92",dauup.com,44451,DIRECT,4daba13e2b0dfd92,False,True,,,
Dauup Authorization,Publishers Seller ID Tracker,Dauup,Publisher,TBD,Publisher Ads.txt,"dauup.com, 44452, DIRECT, 4daba13e2b0dfd92",dauup.com,44452,DIRECT,4daba13e2b0dfd92,False,True,,,
Dauup Authorization,Publishers Seller ID Tracker,Dauup,Publisher,TBD,Publisher Ads.txt,"dauup.com, 44453, DIRECT, 4daba13e2b0dfd92",dauup.com,44453,DIRECT,4daba13e2b0dfd92,False,True,,,
Dauup Authorization,Publishers Seller ID Tracker,Dauup,Publisher,TBD,Publisher Ads.txt,"dauup.com, 44454, DIRECT, 4daba13e2b0dfd92",dauup.com,44454,DIRECT,4daba13e2b0dfd92,False,True,,,
Dauup Authorization,Publishers Seller ID Tracker,Dauup,Publisher,TBD,Publisher Ads.txt,"dauup.com, 44455, DIRECT, 4daba13e2b0dfd92",dauup.com,44455,DIRECT,4daba13e2b0dfd92,False,True,,,
Dauup Authorization,Publishers Seller ID Tracker,Dauup,Publisher,TBD,Publisher Ads.txt,"dauup.com, 44456, DIRECT, 4daba13e2b0dfd92",dauup.com,44456,DIRECT,4daba13e2b0dfd92,False,True,,,
Dauup Authorization,Publishers Seller ID Tracker,Dauup,Publisher,TBD,Publisher Ads.txt,"dauup.com, 44457, DIRECT, 4daba13e2b0dfd92",dauup.com,44457,DIRECT,4daba13e2b0dfd92,False,True,,,
Dauup Authorization,Publishers Seller ID Tracker,Dauup,Publisher,TBD,Publisher Ads.txt,"dauup.com, 44458, DIRECT, 4daba13e2b0dfd92",dauup.com,44458,DIRECT,4daba13e2b0dfd92,False,True,,,
Dauup Authorization,Publishers Seller ID Tracker,Dauup,Publisher,TBD,Publisher Ads.txt,"dauup.com, 44459, DIRECT, 4daba13e2b0dfd92",dauup.com,44459,DIRECT,4daba13e2b0dfd92,False,True,,,
Dauup Authorization,Publishers Seller ID Tracker,Dauup,Publisher,TBD,Publisher Ads.txt,"dauup.com, 44460, DIRECT, 4daba13e2b0dfd92",dauup.com,44460,DIRECT,4daba13e2b0dfd92,False,True,,,
Dauup Authorization,Publishers Seller ID Tracker,Dauup,Publisher,TBD,Publisher Ads.txt,"dauup.com, 44461, DIRECT, 4daba13e2b0dfd92",dauup.com,44461,DIRECT,4daba13e2b0dfd92,False,True,,,
Dauup Authorization,Publishers Seller ID Tracker,Dauup,Publisher,TBD,Publisher Ads.txt,"dauup.com, 44462, DIRECT, 4daba13e2b0dfd92",dauup.com,44462,DIRECT,4daba13e2b0dfd92,False,True,,,
Dauup Authorization,Publishers Seller ID Tracker,Dauup,Publisher,TBD,Publisher Ads.txt,"dauup.com, 44463, DIRECT, 4daba13e2b0dfd92",dauup.com,44463,DIRECT,4daba13e2b0dfd92,False,True,,,
Dauup Authorization,Publishers Seller ID Tracker,Dauup,Publisher,TBD,Publisher Ads.txt,"dauup.com, 44464, DIRECT, 4daba13e2b0dfd92",dauup.com,44464,DIRECT,4daba13e2b0dfd92,False,True,,,
Dauup Authorization,Publishers Seller ID Tracker,Dauup,Publisher,TBD,Publisher Ads.txt,"dauup.com, 44465, DIRECT, 4daba13e2b0dfd92",dauup.com,44465,DIRECT,4daba13e2b0dfd92,False,True,,,
Dauup Authorization,Publishers Seller ID Tracker,Dauup,Publisher,TBD,Publisher Ads.txt,"dauup.com, 44466, DIRECT, 4daba13e2b0dfd92",dauup.com,44466,DIRECT,4daba13e2b0dfd92,False,True,,,
Dauup Authorization,Publishers Seller ID Tracker,Dauup,Publisher,TBD,Publisher Ads.txt,"dauup.com, 44467, DIRECT, 4daba13e2b0dfd92",dauup.com,44467,DIRECT,4daba13e2b0dfd92,False,True,,,
Dauup Authorization,Publishers Seller ID Tracker,Dauup,Publisher,TBD,Publisher Ads.txt,"dauup.com, 44468, DIRECT, 4daba13e2b0dfd92",dauup.com,44468,DIRECT,4daba13e2b0dfd92,False,True,,,
Dauup Authorization,Publishers Seller ID Tracker,Dauup,Publisher,TBD,Publisher Ads.txt,"dauup.com, 44469, DIRECT, 4daba13e2b0dfd92",dauup.com,44469,DIRECT,4daba13e2b0dfd92,False,True,,,
Dauup Authorization,Publishers Seller ID Tracker,Dauup,Publisher,TBD,Publisher Ads.txt,"dauup.com, 44470, DIRECT, 4daba13e2b0dfd92",dauup.com,44470,DIRECT,4daba13e2b0dfd92,False,True,,,
Dauup Authorization,Publishers Seller ID Tracker,Dauup,Publisher,TBD,Publisher Ads.txt,"dauup.com, 44471, DIRECT, 4daba13e2b0dfd92",dauup.com,44471,DIRECT,4daba13e2b0dfd92,False,True,,,
Dauup Authorization,Publishers Seller ID Tracker,Dauup,Publisher,TBD,Publisher Ads.txt,"dauup.com, 44472, DIRECT, 4daba13e2b0dfd92",dauup.com,44472,DIRECT,4daba13e2b0dfd92,False,True,,,
Dauup Authorization,Publishers Seller ID Tracker,Dauup,Publisher,TBD,Publisher Ads.txt,"dauup.com, 44473, DIRECT, 4daba13e2b0dfd92",dauup.com,44473,DIRECT,4daba13e2b0dfd92,False,True,,,
Dauup Authorization,Publishers Seller ID Tracker,Dauup,Publisher,TBD,Publisher Ads.txt,"dauup.com, 44474, DIRECT, 4daba13e2b0dfd92",dauup.com,44474,DIRECT,4daba13e2b0dfd92,False,True,,,
Dauup Authorization,Publishers Seller ID Tracker,Dauup,Publisher,TBD,Publisher Ads.txt,"dauup.com, 44475, DIRECT, 4daba13e2b0dfd92",dauup.com,44475,DIRECT,4daba13e2b0dfd92,False,True,,,
Dauup Authorization,Publishers Seller ID Tracker,Dauup,Publisher,TBD,Publisher Ads.txt,"dauup.com, 44476, DIRECT, 4daba13e2b0dfd92",dauup.com,44476,DIRECT,4daba13e2b0dfd92,False,True,,,
Dauup Authorization,Publishers Seller ID Tracker,Dauup,Publisher,TBD,Publisher Ads.txt,"dauup.com, 44477, DIRECT, 4daba13e2b0dfd92",dauup.com,44477,DIRECT,4daba13e2b0dfd92,False,True,,,
Dauup Authorization,Publishers Seller ID Tracker,Dauup,Publisher,TBD,Publisher Ads.txt,"dauup.com, 44478, DIRECT, 4daba13e2b0dfd92",dauup.com,44478,DIRECT,4daba13e2b0dfd92,False,True,,,
Dauup Authorization,Publishers Seller ID Tracker,Dauup,Publisher,TBD,Publisher Ads.txt,"dauup.com, 44479, DIRECT, 4daba13e2b0dfd92",dauup.com,44479,DIRECT,4daba13e2b0dfd92,False,True,,,
Dauup Authorization,Publishers Seller ID Tracker,Dauup,Publisher,TBD,Publisher Ads.txt,"dauup.com, 44480, DIRECT, 4daba13e2b0dfd92",dauup.com,44480,DIRECT,4daba13e2b0dfd92,False,True,,,
Dauup Authorization,Publishers Seller ID Tracker,Dauup,Publisher,TBD,Publisher Ads.txt,"dauup.com, 44481, DIRECT, 4daba13e2b0dfd92",dauup.com,44481,DIRECT,4daba13e2b0dfd92,False,True,,,
Dauup Authorization,Publishers Seller ID Tracker,Dauup,Publisher,TBD,Publisher Ads.txt,"dauup.com, 44482, DIRECT, 4daba13e2b0dfd92",dauup.com,44482,DIRECT,4daba13e2b0dfd92,False,True,,,
Dauup Authorization,Publishers Seller ID Tracker,Dauup,Publisher,TBD,Publisher Ads.txt,"dauup.com, 44483, DIRECT, 4daba13e2b0dfd92",dauup.com,44483,DIRECT,4daba13e2b0dfd92,False,True,,,
Dauup Authorization,Publishers Seller ID Tracker,Dauup,Publisher,TBD,Publisher Ads.txt,"dauup.com, 44484, DIRECT, 4daba13e2b0dfd92",dauup.com,44484,DIRECT,4daba13e2b0dfd92,False,True,,,
Dauup Authorization,Publishers Seller ID Tracker,Dauup,Publisher,TBD,Publisher Ads.txt,"dauup.com, 44485, DIRECT, 4daba13e2b0dfd92",dauup.com,44485,DIRECT,4daba13e2b0dfd92,False,True,,,
Dauup Authorization,Publishers Seller ID Tracker,Dauup,Publisher,TBD,Publisher Ads.txt,"dauup.com, 44486, DIRECT, 4daba13e2b0dfd92",dauup.com,44486,DIRECT,4daba13e2b0dfd92,False,True,,,
Dauup Authorization,Publishers Seller ID Tracker,Dauup,Publisher,TBD,Publisher Ads.txt,"dauup.com, 44487, DIRECT, 4daba13e2b0dfd92",dauup.com,44487,DIRECT,4daba13e2b0dfd92,False,True,,,
Dauup Authorization,Publishers Seller ID Tracker,Dauup,Publisher,TBD,Publisher Ads.txt,"dauup.com, 44488, DIRECT, 4daba13e2b0dfd92",dauup.com,44488,DIRECT,4daba13e2b0dfd92,False,True,,,
Dauup Authorization,Publishers Seller ID Tracker,Dauup,Publisher,TBD,Publisher Ads.txt,"dauup.com, 44489, DIRECT, 4daba13e2b0dfd92",dauup.com,44489,DIRECT,4daba13e2b0dfd92,False,True,,,
Dauup Authorization,Publishers Seller ID Tracker,Dauup,Publisher,TBD,Publisher Ads.txt,"dauup.com, 44490, DIRECT, 4daba13e2b0dfd92",dauup.com,44490,DIRECT,4daba13e2b0dfd92,False,True,,,
Dauup Authorization,Publishers Seller ID Tracker,Dauup,Publisher,TBD,Publisher Ads.txt,"dauup.com, 44491, DIRECT, 4daba13e2b0dfd92",dauup.com,44491,DIRECT,4daba13e2b0dfd92,False,True,,,
Dauup Authorization,Publishers Seller ID Tracker,Dauup,Publisher,TBD,Publisher Ads.txt,"dauup.com, 44492, DIRECT, 4daba13e2b0dfd92",dauup.com,44492,DIRECT,4daba13e2b0dfd92,False,True,,,
Dauup Authorization,Publishers Seller ID Tracker,Dauup,Publisher,TBD,Publisher Ads.txt,"dauup.com, 44493, DIRECT, 4daba13e2b0dfd92",dauup.com,44493,DIRECT,4daba13e2b0dfd92,False,True,,,
Dauup Authorization,Publishers Seller ID Tracker,Dauup,Publisher,TBD,Publisher Ads.txt,"dauup.com, 44494, DIRECT, 4daba13e2b0dfd92",dauup.com,44494,DIRECT,4daba13e2b0dfd92,False,True,,,
Dauup Authorization,Publishers Seller ID Tracker,Dauup,Publisher,TBD,Publisher Ads.txt,"dauup.com, 44495, DIRECT, 4daba13e2b0dfd92",dauup.com,44495,DIRECT,4daba13e2b0dfd92,False,True,,,
Dauup Authorization,Publishers Seller ID Tracker,Dauup,Publisher,TBD,Publisher Ads.txt,"dauup.com, 44496, DIRECT, 4daba13e2b0dfd92",dauup.com,44496,DIRECT,4daba13e2b0dfd92,False,True,,,
Dauup Authorization,Publishers Seller ID Tracker,Dauup,Publisher,TBD,Publisher Ads.txt,"dauup.com, 44497, DIRECT, 4daba13e2b0dfd92",dauup.com,44497,DIRECT,4daba13e2b0dfd92,False,True,,,
Dauup Authorization,Publishers Seller ID Tracker,Dauup,Publisher,TBD,Publisher Ads.txt,"dauup.com, 44498, DIRECT, 4daba13e2b0dfd92",dauup.com,44498,DIRECT,4daba13e2b0dfd92,False,True,,,
Dauup Authorization,Publishers Seller ID Tracker,Dauup,Publisher,TBD,Publisher Ads.txt,"dauup.com, 44499, DIRECT, 4daba13e2b0dfd92",dauup.com,44499,DIRECT,4daba13e2b0dfd92,False,True,,,
Dauup Authorization,Publishers Seller ID Tracker,Dauup,Publisher,TBD,Publisher Ads.txt,"dauup.com, 44500, DIRECT, 4daba13e2b0dfd92",dauup.com,44500,DIRECT,4daba13e2b0dfd92,False,True,,,
Dauup Authorization,Publishers Seller ID Tracker,Dauup,Publisher,TBD,Publisher Ads.txt,"dauup.com, 44501, DIRECT, 4daba13e2b0dfd92",dauup.com,44501,DIRECT,4daba13e2b0dfd92,False,True,,,
Dauup Authorization,Publishers Seller ID Tracker,Dauup,Publisher,TBD,Publisher Ads.txt,"dauup.com, 44502, DIRECT, 4daba13e2b0dfd92",dauup.com,44502,DIRECT,4daba13e2b0dfd92,False,True,,,
Dauup Authorization,Publishers Seller ID Tracker,Dauup,Publisher,TBD,Publisher Ads.txt,"dauup.com, 44503, DIRECT, 4daba13e2b0dfd92",dauup.com,44503,DIRECT,4daba13e2b0dfd92,False,True,,,
Dauup Authorization,Publishers Seller ID Tracker,Dauup,Publisher,TBD,Publisher Ads.txt,"dauup.com, 44504, DIRECT, 4daba13e2b0dfd92",dauup.com,44504,DIRECT,4daba13e2b0dfd92,False,True,,,
Dauup Authorization,Publishers Seller ID Tracker,Dauup,Publisher,TBD,Publisher Ads.txt,"dauup.com, 44505, DIRECT, 4daba13e2b0dfd92",dauup.com,44505,DIRECT,4daba13e2b0dfd92,False,True,,,
Dauup Authorization,Publishers Seller ID Tracker,Dauup,Publisher,TBD,Publisher Ads.txt,"dauup.com, 44506, DIRECT, 4daba13e2b0dfd92",dauup.com,44506,DIRECT,4daba13e2b0dfd92,False,True,,,
Dauup Authorization,Publishers Seller ID Tracker,Dauup,Publisher,TBD,Publisher Ads.txt,"dauup.com, 44507, DIRECT, 4daba13e2b0dfd92",dauup.com,44507,DIRECT,4daba13e2b0dfd92,False,True,,,
Dauup Authorization,Publishers Seller ID Tracker,Dauup,Publisher,TBD,Publisher Ads.txt,"dauup.com, 44508, DIRECT, 4daba13e2b0dfd92",dauup.com,44508,DIRECT,4daba13e2b0dfd92,False,True,,,
Dauup Authorization,Publishers Seller ID Tracker,Dauup,Publisher,TBD,Publisher Ads.txt,"dauup.com, 44509, DIRECT, 4daba13e2b0dfd92",dauup.com,44509,DIRECT,4daba13e2b0dfd92,False,True,,,
Dauup Authorization,Publishers Seller ID Tracker,Dauup,Publisher,TBD,Publisher Ads.txt,"dauup.com, 44510, DIRECT, 4daba13e2b0dfd92",dauup.com,44510,DIRECT,4daba13e2b0dfd92,False,True,,,
Dauup Authorization,Publishers Seller ID Tracker,Dauup,Publisher,TBD,Publisher Ads.txt,"dauup.com, 44511, DIRECT, 4daba13e2b0dfd92",dauup.com,44511,DIRECT,4daba13e2b0dfd92,False,True,,,
Dauup Authorization,Publishers Seller ID Tracker,Dauup,Publisher,TBD,Publisher Ads.txt,"dauup.com, 44512, DIRECT, 4daba13e2b0dfd92",dauup.com,44512,DIRECT,4daba13e2b0dfd92,False,True,,,
Dauup Authorization,Publishers Seller ID Tracker,Dauup,Publisher,TBD,Publisher Ads.txt,"dauup.com, 44513, DIRECT, 4daba13e2b0dfd92",dauup.com,44513,DIRECT,4daba13e2b0dfd92,False,True,,,
Dauup Authorization,Publishers Seller ID Tracker,Dauup,Publisher,TBD,Publisher Ads.txt,"dauup.com, 44514, DIRECT, 4daba13e2b0dfd92",dauup.com,44514,DIRECT,4daba13e2b0dfd92,False,True,,,
Dauup Authorization,Publishers Seller ID Tracker,Dauup,Publisher,TBD,Publisher Ads.txt,"dauup.com, 44515, DIRECT, 4daba13e2b0dfd92",dauup.com,44515,DIRECT,4daba13e2b0dfd92,False,True,,,
Dauup Authorization,Publishers Seller ID Tracker,Dauup,Publisher,TBD,Publisher Ads.txt,"dauup.com, 44516, DIRECT, 4daba13e2b0dfd92",dauup.com,44516,DIRECT,4daba13e2b0dfd92,False,True,,,
Dauup Authorization,Publishers Seller ID Tracker,Dauup,Publisher,TBD,Publisher Ads.txt,"dauup.com, 44517, DIRECT, 4daba13e2b0dfd92",dauup.com,44517,DIRECT,4daba13e2b0dfd92,False,True,,,
Dauup Authorization,Publishers Seller ID Tracker,Dauup,Publisher,TBD,Publisher Ads.txt,"dauup.com, 44518, DIRECT, 4daba13e2b0dfd92",dauup.com,44518,DIRECT,4daba13e2b0dfd92,False,True,,,
Dauup Authorization,Publishers Seller ID Tracker,Dauup,Publisher,TBD,Publisher Ads.txt,"dauup.com, 44519, DIRECT, 4daba13e2b0dfd92",dauup.com,44519,DIRECT,4daba13e2b0dfd92,False,True,,,
Dauup Authorization,Publishers Seller ID Tracker,Dauup,Publisher,TBD,Publisher Ads.txt,"dauup.com, 44520, DIRECT, 4daba13e2b0dfd92",dauup.com,44520,DIRECT,4daba13e2b0dfd92,False,True,,,
Dauup Authorization,Publishers Seller ID Tracker,Dauup,Publisher,TBD,Publisher Ads.txt,"dauup.com, 44521, DIRECT, 4daba13e2b0dfd92",dauup.com,44521,DIRECT,4daba13e2b0dfd92,False,True,,,
Dauup Authorization,Publishers Seller ID Tracker,Dauup,Publisher,TBD,Publisher Ads.txt,"dauup.com, 44522, DIRECT, 4daba13e2b0dfd92",dauup.com,44522,DIRECT,4daba13e2b0dfd92,False,True,,,
Dauup Authorization,Publishers Seller ID Tracker,Dauup,Publisher,TBD,Publisher Ads.txt,"dauup.com, 44523, DIRECT, 4daba13e2b0dfd92",dauup.com,44523,DIRECT,4daba13e2b0dfd92,False,True,,,
Dauup Authorization,Publishers Seller ID Tracker,Dauup,Publisher,TBD,Publisher Ads.txt,"dauup.com, 44524, DIRECT, 4daba13e2b0dfd92",dauup.com,44524,DIRECT,4daba13e2b0dfd92,False,True,,,
Dauup Authorization,Publishers Seller ID Tracker,Dauup,Publisher,TBD,Publisher Ads.txt,"dauup.com, 44525, DIRECT, 4daba13e2b0dfd92",dauup.com,44525,DIRECT,4daba13e2b0dfd92,False,True,,,
Dauup Authorization,Publishers Seller ID Tracker,Dauup,Publisher,TBD,Publisher Ads.txt,"dauup.com, 44526, DIRECT, 4daba13e2b0dfd92",dauup.com,44526,DIRECT,4daba13e2b0dfd92,False,True,,,
Dauup Authorization,Publishers Seller ID Tracker,Dauup,Publisher,TBD,Publisher Ads.txt,"dauup.com, 44527, DIRECT, 4daba13e2b0dfd92",dauup.com,44527,DIRECT,4daba13e2b0dfd92,False,True,,,
Dauup Authorization,Publishers Seller ID Tracker,Dauup,Publisher,TBD,Publisher Ads.txt,"dauup.com, 44528, DIRECT, 4daba13e2b0dfd92",dauup.com,44528,DIRECT,4daba13e2b0dfd92,False,True,,,
Dauup Authorization,Publishers Seller ID Tracker,Dauup,Publisher,TBD,Publisher Ads.txt,"dauup.com, 44529, DIRECT, 4daba13e2b0dfd92",dauup.com,44529,DIRECT,4daba13e2b0dfd92,False,True,,,
Dauup Authorization,Publishers Seller ID Tracker,Dauup,Publisher,TBD,Publisher Ads.txt,"dauup.com, 44530, DIRECT, 4daba13e2b0dfd92",dauup.com,44530,DIRECT,4daba13e2b0dfd92,False,True,,,
Dauup Authorization,Publishers Seller ID Tracker,Dauup,Publisher,TBD,Publisher Ads.txt,"dauup.com, 44531, DIRECT, 4daba13e2b0dfd92",dauup.com,44531,DIRECT,4daba13e2b0dfd92,False,True,,,
Dauup Authorization,Publishers Seller ID Tracker,Dauup,Publisher,TBD,Publisher Ads.txt,"dauup.com, 44532, DIRECT, 4daba13e2b0dfd92",dauup.com,44532,DIRECT,4daba13e2b0dfd92,False,True,,,
Dauup Authorization,Publishers Seller ID Tracker,Dauup,Publisher,TBD,Publisher Ads.txt,"dauup.com, 44533, DIRECT, 4daba13e2b0dfd92",dauup.com,44533,DIRECT,4daba13e2b0dfd92,False,True,,,
Dauup Authorization,Publishers Seller ID Tracker,Dauup,Publisher,TBD,Publisher Ads.txt,"dauup.com, 44534, DIRECT, 4daba13e2b0dfd92",dauup.com,44534,DIRECT,4daba13e2b0dfd92,False,True,,,
Dauup Authorization,Publishers Seller ID Tracker,Dauup,Publisher,TBD,Publisher Ads.txt,"dauup.com, 44535, DIRECT, 4daba13e2b0dfd92",dauup.com,44535,DIRECT,4daba13e2b0dfd92,False,True,,,
Dauup Authorization,Publishers Seller ID Tracker,Dauup,Publisher,TBD,Publisher Ads.txt,"dauup.com, 44536, DIRECT, 4daba13e2b0dfd92",dauup.com,44536,DIRECT,4daba13e2b0dfd92,False,True,,,
Dauup Authorization,Publishers Seller ID Tracker,Dauup,Publisher,TBD,Publisher Ads.txt,"dauup.com, 44537, DIRECT, 4daba13e2b0dfd92",dauup.com,44537,DIRECT,4daba13e2b0dfd92,False,True,,,
Dauup Authorization,Publishers Seller ID Tracker,Dauup,Publisher,TBD,Publisher Ads.txt,"dauup.com, 44538, DIRECT, 4daba13e2b0dfd92",dauup.com,44538,DIRECT,4daba13e2b0dfd92,False,True,,,
Dauup Authorization,Publishers Seller ID Tracker,Dauup,Publisher,TBD,Publisher Ads.txt,"dauup.com, 44539, DIRECT, 4daba13e2b0dfd92",dauup.com,44539,DIRECT,4daba13e2b0dfd92,False,True,,,
Dauup Authorization,Publishers Seller ID Tracker,Dauup,Publisher,TBD,Publisher Ads.txt,"dauup.com, 44540, DIRECT, 4daba13e2b0dfd92",dauup.com,44540,DIRECT,4daba13e2b0dfd92,False,True,,,
Dauup Authorization,Publishers Seller ID Tracker,Dauup,Publisher,TBD,Publisher Ads.txt,"dauup.com, 44541, DIRECT, 4daba13e2b0dfd92",dauup.com,44541,DIRECT,4daba13e2b0dfd92,False,True,,,
Dauup Authorization,Publishers Seller ID Tracker,Dauup,Publisher,TBD,Publisher Ads.txt,"dauup.com, 44542, DIRECT, 4daba13e2b0dfd92",dauup.com,44542,DIRECT,4daba13e2b0dfd92,False,True,,,
Dauup Authorization,Publishers Seller ID Tracker,Dauup,Publisher,TBD,Publisher Ads.txt,"dauup.com, 44543, DIRECT, 4daba13e2b0dfd92",dauup.com,44543,DIRECT,4daba13e2b0dfd92,False,True,,,
Dauup Authorization,Publishers Seller ID Tracker,Dauup,Publisher,TBD,Publisher Ads.txt,"dauup.com, 44544, DIRECT, 4daba13e2b0dfd92",dauup.com,44544,DIRECT,4daba13e2b0dfd92,False,True,,,
Dauup Authorization,Publishers Seller ID Tracker,Dauup,Publisher,TBD,Publisher Ads.txt,"dauup.com, 44545, DIRECT, 4daba13e2b0dfd92",dauup.com,44545,DIRECT,4daba13e2b0dfd92,False,True,,,
Dauup Authorization,Publishers Seller ID Tracker,Dauup,Publisher,TBD,Publisher Ads.txt,"dauup.com, 44546, DIRECT, 4daba13e2b0dfd92",dauup.com,44546,DIRECT,4daba13e2b0dfd92,False,True,,,
Dauup Authorization,Publishers Seller ID Tracker,Dauup,Publisher,TBD,Publisher Ads.txt,"dauup.com, 44547, DIRECT, 4daba13e2b0dfd92",dauup.com,44547,DIRECT,4daba13e2b0dfd92,False,True,,,
Dauup Authorization,Publishers Seller ID Tracker,Dauup,Publisher,TBD,Publisher Ads.txt,"dauup.com, 44548, DIRECT, 4daba13e2b0dfd92",dauup.com,44548,DIRECT,4daba13e2b0dfd92,False,True,,,
Dauup Authorization,Publishers Seller ID Tracker,Dauup,Publisher,TBD,Publisher Ads.txt,"dauup.com, 44549, DIRECT, 4daba13e2b0dfd92",dauup.com,44549,DIRECT,4daba13e2b0dfd92,False,True,,,
Dauup Authorization,Publishers Seller ID Tracker,Dauup,Publisher,TBD,Publisher Ads.txt,"dauup.com, 44550, DIRECT, 4daba13e2b0dfd92",dauup.com,44550,DIRECT,4daba13e2b0dfd92,False,True,,,
Dauup Authorization,Publishers Seller ID Tracker,Dauup,Publisher,TBD,Publisher Ads.txt,"dauup.com, 44551, DIRECT, 4daba13e2b0dfd92",dauup.com,44551,DIRECT,4daba13e2b0dfd92,False,True,,,
Dauup Authorization,Publishers Seller ID Tracker,Dauup,Publisher,TBD,Publisher Ads.txt,"dauup.com, 44552, DIRECT, 4daba13e2b0dfd92",dauup.com,44552,DIRECT,4daba13e2b0dfd92,False,True,,,
Dauup Authorization,Publishers Seller ID Tracker,Dauup,Publisher,TBD,Publisher Ads.txt,"dauup.com, 44553, DIRECT, 4daba13e2b0dfd92",dauup.com,44553,DIRECT,4daba13e2b0dfd92,False,True,,,
Dauup Authorization,Publishers Seller ID Tracker,Dauup,Publisher,TBD,Publisher Ads.txt,"dauup.com, 44554, DIRECT, 4daba13e2b0dfd92",dauup.com,44554,DIRECT,4daba13e2b0dfd92,False,True,,,
Dauup Authorization,Publishers Seller ID Tracker,Dauup,Publisher,TBD,Publisher Ads.txt,"dauup.com, 44555, DIRECT, 4daba13e2b0dfd92",dauup.com,44555,DIRECT,4daba13e2b0dfd92,False,True,,,
Dauup Authorization,Publishers Seller ID Tracker,Dauup,Publisher,TBD,Publisher Ads.txt,"dauup.com, 44556, DIRECT, 4daba13e2b0dfd92",dauup.com,44556,DIRECT,4daba13e2b0dfd92,False,True,,,
Dauup Authorization,Publishers Seller ID Tracker,Dauup,Publisher,TBD,Publisher Ads.txt,"dauup.com, 44557, DIRECT, 4daba13e2b0dfd92",dauup.com,44557,DIRECT,4daba13e2b0dfd92,False,True,,,
Dauup Authorization,Publishers Seller ID Tracker,Dauup,Publisher,TBD,Publisher Ads.txt,"dauup.com, 44558, DIRECT, 4daba13e2b0dfd92",dauup.com,44558,DIRECT,4daba13e2b0dfd92,False,True,,,
Dauup Authorization,Publishers Seller ID Tracker,Dauup,Publisher,TBD,Publisher Ads.txt,"dauup.com, 44559, DIRECT, 4daba13e2b0dfd92",dauup.com,44559,DIRECT,4daba13e2b0dfd92,False,True,,,
Dauup Authorization,Publishers Seller ID Tracker,Dauup,Publisher,TBD,Publisher Ads.txt,"dauup.com, 44560, DIRECT, 4daba13e2b0dfd92",dauup.com,44560,DIRECT,4daba13e2b0dfd92,False,True,,,
Dauup Authorization,Publishers Seller ID Tracker,Dauup,Publisher,TBD,Publisher Ads.txt,"dauup.com, 44561, DIRECT, 4daba13e2b0dfd92",dauup.com,44561,DIRECT,4daba13e2b0dfd92,False,True,,,
Dauup Authorization,Publishers Seller ID Tracker,Dauup,Publisher,TBD,Publisher Ads.txt,"dauup.com, 44562, DIRECT, 4daba13e2b0dfd92",dauup.com,44562,DIRECT,4daba13e2b0dfd92,False,True,,,
Dauup Authorization,Publishers Seller ID Tracker,Dauup,Publisher,TBD,Publisher Ads.txt,"dauup.com, 44563, DIRECT, 4daba13e2b0dfd92",dauup.com,44563,DIRECT,4daba13e2b0dfd92,False,True,,,
Dauup Authorization,Publishers Seller ID Tracker,Dauup,Publisher,TBD,Publisher Ads.txt,"dauup.com, 44564, DIRECT, 4daba13e2b0dfd92",dauup.com,44564,DIRECT,4daba13e2b0dfd92,False,True,,,
Dauup Authorization,Publishers Seller ID Tracker,Dauup,Publisher,TBD,Publisher Ads.txt,"dauup.com, 44565, DIRECT, 4daba13e2b0dfd92",dauup.com,44565,DIRECT,4daba13e2b0dfd92,False,True,,,
Dauup Authorization,Publishers Seller ID Tracker,Dauup,Publisher,TBD,Publisher Ads.txt,"dauup.com, 44566, DIRECT, 4daba13e2b0dfd92",dauup.com,44566,DIRECT,4daba13e2b0dfd92,False,True,,,
Dauup Authorization,Publishers Seller ID Tracker,Dauup,Publisher,TBD,Publisher Ads.txt,"dauup.com, 44567, DIRECT, 4daba13e2b0dfd92",dauup.com,44567,DIRECT,4daba13e2b0dfd92,False,True,,,
Dauup Authorization,Publishers Seller ID Tracker,Dauup,Publisher,TBD,Publisher Ads.txt,"dauup.com, 44568, DIRECT, 4daba13e2b0dfd92",dauup.com,44568,DIRECT,4daba13e2b0dfd92,False,True,,,
Dauup Authorization,Publishers Seller ID Tracker,Dauup,Publisher,TBD,Publisher Ads.txt,"dauup.com, 44569, DIRECT, 4daba13e2b0dfd92",dauup.com,44569,DIRECT,4daba13e2b0dfd92,False,True,,,
Dauup Authorization,Publishers Seller ID Tracker,Dauup,Publisher,TBD,Publisher Ads.txt,"dauup.com, 44570, DIRECT, 4daba13e2b0dfd92",dauup.com,44570,DIRECT,4daba13e2b0dfd92,False,True,,,
Dauup Authorization,Publishers Seller ID Tracker,Dauup,Publisher,TBD,Publisher Ads.txt,"dauup.com, 44571, DIRECT, 4daba13e2b0dfd92",dauup.com,44571,DIRECT,4daba13e2b0dfd92,False,True,,,
Dauup Authorization,Publishers Seller ID Tracker,Dauup,Publisher,TBD,Publisher Ads.txt,"dauup.com, 44572, DIRECT, 4daba13e2b0dfd92",dauup.com,44572,DIRECT,4daba13e2b0dfd92,False,True,,,
Dauup Authorization,Publishers Seller ID Tracker,Dauup,Publisher,TBD,Publisher Ads.txt,"dauup.com, 44573, DIRECT, 4daba13e2b0dfd92",dauup.com,44573,DIRECT,4daba13e2b0dfd92,False,True,,,
Dauup Authorization,Publishers Seller ID Tracker,Dauup,Publisher,TBD,Publisher Ads.txt,"dauup.com, 44574, DIRECT, 4daba13e2b0dfd92",dauup.com,44574,DIRECT,4daba13e2b0dfd92,False,True,,,
Dauup Authorization,Publishers Seller ID Tracker,Dauup,Publisher,TBD,Publisher Ads.txt,"dauup.com, 44575, DIRECT, 4daba13e2b0dfd92",dauup.com,44575,DIRECT,4daba13e2b0dfd92,False,True,,,
Dauup Authorization,Publishers Seller ID Tracker,Dauup,Publisher,TBD,Publisher Ads.txt,"dauup.com, 44576, DIRECT, 4daba13e2b0dfd92",dauup.com,44576,DIRECT,4daba13e2b0dfd92,False,True,,,
Dauup Authorization,Publishers Seller ID Tracker,Dauup,Publisher,TBD,Publisher Ads.txt,"dauup.com, 44577, DIRECT, 4daba13e2b0dfd92",dauup.com,44577,DIRECT,4daba13e2b0dfd92,False,True,,,
Dauup Authorization,Publishers Seller ID Tracker,Dauup,Publisher,TBD,Publisher Ads.txt,"dauup.com, 44578, DIRECT, 4daba13e2b0dfd92",dauup.com,44578,DIRECT,4daba13e2b0dfd92,False,True,,,
Dauup Authorization,Publishers Seller ID Tracker,Dauup,Publisher,TBD,Publisher Ads.txt,"dauup.com, 44579, DIRECT, 4daba13e2b0dfd92",dauup.com,44579,DIRECT,4daba13e2b0dfd92,False,True,,,
Dauup Authorization,Publishers Seller ID Tracker,Dauup,Publisher,TBD,Publisher Ads.txt,"dauup.com, 44580, DIRECT, 4daba13e2b0dfd92",dauup.com,44580,DIRECT,4daba13e2b0dfd92,False,True,,,
Dauup Authorization,Publishers Seller ID Tracker,Dauup,Publisher,TBD,Publisher Ads.txt,"dauup.com, 44581, DIRECT, 4daba13e2b0dfd92",dauup.com,44581,DIRECT,4daba13e2b0dfd92,False,True,,,
Dauup Authorization,Publishers Seller ID Tracker,Dauup,Publisher,TBD,Publisher Ads.txt,"dauup.com, 44582, DIRECT, 4daba13e2b0dfd92",dauup.com,44582,DIRECT,4daba13e2b0dfd92,False,True,,,
Dauup Authorization,Publishers Seller ID Tracker,Dauup,Publisher,TBD,Publisher Ads.txt,"dauup.com, 44583, DIRECT, 4daba13e2b0dfd92",dauup.com,44583,DIRECT,4daba13e2b0dfd92,False,True,,,
Dauup Authorization,Publishers Seller ID Tracker,Dauup,Publisher,TBD,Publisher Ads.txt,"dauup.com, 44584, DIRECT, 4daba13e2b0dfd92",dauup.com,44584,DIRECT,4daba13e2b0dfd92,False,True,,,
Dauup Authorization,Publishers Seller ID Tracker,Dauup,Publisher,TBD,Publisher Ads.txt,"dauup.com, 44585, DIRECT, 4daba13e2b0dfd92",dauup.com,44585,DIRECT,4daba13e2b0dfd92,False,True,,,
Dauup Authorization,Publishers Seller ID Tracker,Dauup,Publisher,TBD,Publisher Ads.txt,"dauup.com, 44586, DIRECT, 4daba13e2b0dfd92",dauup.com,44586,DIRECT,4daba13e2b0dfd92,False,True,,,
Dauup Authorization,Publishers Seller ID Tracker,Dauup,Publisher,TBD,Publisher Ads.txt,"dauup.com, 44587, DIRECT, 4daba13e2b0dfd92",dauup.com,44587,DIRECT,4daba13e2b0dfd92,False,True,,,
Dauup Authorization,Publishers Seller ID Tracker,Dauup,Publisher,TBD,Publisher Ads.txt,"dauup.com, 44588, DIRECT, 4daba13e2b0dfd92",dauup.com,44588,DIRECT,4daba13e2b0dfd92,False,True,,,
Dauup Authorization,Publishers Seller ID Tracker,Dauup,Publisher,TBD,Publisher Ads.txt,"dauup.com, 44589, DIRECT, 4daba13e2b0dfd92",dauup.com,44589,DIRECT,4daba13e2b0dfd92,False,True,,,
Dauup Authorization,Publishers Seller ID Tracker,Dauup,Publisher,TBD,Publisher Ads.txt,"dauup.com, 44590, DIRECT, 4daba13e2b0dfd92",dauup.com,44590,DIRECT,4daba13e2b0dfd92,False,True,,,
Dauup Authorization,Publishers Seller ID Tracker,Dauup,Publisher,TBD,Publisher Ads.txt,"dauup.com, 44591, DIRECT, 4daba13e2b0dfd92",dauup.com,44591,DIRECT,4daba13e2b0dfd92,False,True,,,
Dauup Authorization,Publishers Seller ID Tracker,Dauup,Publisher,TBD,Publisher Ads.txt,"dauup.com, 44592, DIRECT, 4daba13e2b0dfd92",dauup.com,44592,DIRECT,4daba13e2b0dfd92,False,True,,,
Dauup Authorization,Publishers Seller ID Tracker,Dauup,Publisher,TBD,Publisher Ads.txt,"dauup.com, 44593, DIRECT, 4daba13e2b0dfd92",dauup.com,44593,DIRECT,4daba13e2b0dfd92,False,True,,,
Dauup Authorization,Publishers Seller ID Tracker,Dauup,Publisher,TBD,Publisher Ads.txt,"dauup.com, 44594, DIRECT, 4daba13e2b0dfd92",dauup.com,44594,DIRECT,4daba13e2b0dfd92,False,True,,,
Dauup Authorization,Publishers Seller ID Tracker,Dauup,Publisher,TBD,Publisher Ads.txt,"dauup.com, 44595, DIRECT, 4daba13e2b0dfd92",dauup.com,44595,DIRECT,4daba13e2b0dfd92,False,True,,,
Dauup Authorization,Publishers Seller ID Tracker,Dauup,Publisher,TBD,Publisher Ads.txt,"dauup.com, 44596, DIRECT, 4daba13e2b0dfd92",dauup.com,44596,DIRECT,4daba13e2b0dfd92,False,True,,,
Dauup Authorization,Publishers Seller ID Tracker,Dauup,Publisher,TBD,Publisher Ads.txt,"dauup.com, 44597, DIRECT, 4daba13e2b0dfd92",dauup.com,44597,DIRECT,4daba13e2b0dfd92,False,True,,,
Dauup Authorization,Publishers Seller ID Tracker,Dauup,Publisher,TBD,Publisher Ads.txt,"dauup.com, 44598, DIRECT, 4daba13e2b0dfd92",dauup.com,44598,DIRECT,4daba13e2b0dfd92,False,True,,,
Dauup Authorization,Publishers Seller ID Tracker,Dauup,Publisher,TBD,Publisher Ads.txt,"dauup.com, 44599, DIRECT, 4daba13e2b0dfd92",dauup.com,44599,DIRECT,4daba13e2b0dfd92,False,True,,,
Dauup Authorization,Publishers Seller ID Tracker,Dauup,Publisher,TBD,Publisher Ads.txt,"dauup.com, 44600, DIRECT, 4daba13e2b0dfd92",dauup.com,44600,DIRECT,4daba13e2b0dfd92,False,True,,,
Dauup Authorization,Publishers Seller ID Tracker,Dauup,Publisher,TBD,Publisher Ads.txt,"dauup.com, 44601, DIRECT, 4daba13e2b0dfd92",dauup.com,44601,DIRECT,4daba13e2b0dfd92,False,True,,,
Dauup Authorization,Publishers Seller ID Tracker,Dauup,Publisher,TBD,Publisher Ads.txt,"dauup.com, 44602, DIRECT, 4daba13e2b0dfd92",dauup.com,44602,DIRECT,4daba13e2b0dfd92,False,True,,,
Dauup Authorization,Publishers Seller ID Tracker,Dauup,Publisher,TBD,Publisher Ads.txt,"dauup.com, 44603, DIRECT, 4daba13e2b0dfd92",dauup.com,44603,DIRECT,4daba13e2b0dfd92,False,True,,,
Dauup Authorization,Publishers Seller ID Tracker,Dauup,Publisher,TBD,Publisher Ads.txt,"dauup.com, 44604, DIRECT, 4daba13e2b0dfd92",dauup.com,44604,DIRECT,4daba13e2b0dfd92,False,True,,,
Dauup Authorization,Publishers Seller ID Tracker,Dauup,Publisher,TBD,Publisher Ads.txt,"dauup.com, 44605, DIRECT, 4daba13e2b0dfd92",dauup.com,44605,DIRECT,4daba13e2b0dfd92,False,True,,,
Dauup Authorization,Publishers Seller ID Tracker,Dauup,Publisher,TBD,Publisher Ads.txt,"dauup.com, 44606, DIRECT, 4daba13e2b0dfd92",dauup.com,44606,DIRECT,4daba13e2b0dfd92,False,True,,,
Dauup Authorization,Publishers Seller ID Tracker,Dauup,Publisher,TBD,Publisher Ads.txt,"dauup.com, 44607, DIRECT, 4daba13e2b0dfd92",dauup.com,44607,DIRECT,4daba13e2b0dfd92,False,True,,,
Dauup Authorization,Publishers Seller ID Tracker,Dauup,Publisher,TBD,Publisher Ads.txt,"dauup.com, 44608, DIRECT, 4daba13e2b0dfd92",dauup.com,44608,DIRECT,4daba13e2b0dfd92,False,True,,,
Dauup Authorization,Publishers Seller ID Tracker,Dauup,Publisher,TBD,Publisher Ads.txt,"dauup.com, 44609, DIRECT, 4daba13e2b0dfd92",dauup.com,44609,DIRECT,4daba13e2b0dfd92,False,True,,,
Dauup Authorization,Publishers Seller ID Tracker,Dauup,Publisher,TBD,Publisher Ads.txt,"dauup.com, 44610, DIRECT, 4daba13e2b0dfd92",dauup.com,44610,DIRECT,4daba13e2b0dfd92,False,True,,,
Dauup Authorization,Publishers Seller ID Tracker,Dauup,Publisher,TBD,Publisher Ads.txt,"dauup.com, 44611, DIRECT, 4daba13e2b0dfd92",dauup.com,44611,DIRECT,4daba13e2b0dfd92,False,True,,,
Dauup Authorization,Publishers Seller ID Tracker,Dauup,Publisher,TBD,Publisher Ads.txt,"dauup.com, 44612, DIRECT, 4daba13e2b0dfd92",dauup.com,44612,DIRECT,4daba13e2b0dfd92,False,True,,,
Dauup Authorization,Publishers Seller ID Tracker,Dauup,Publisher,TBD,Publisher Ads.txt,"dauup.com, 44613, DIRECT, 4daba13e2b0dfd92",dauup.com,44613,DIRECT,4daba13e2b0dfd92,False,True,,,
Dauup Authorization,Publishers Seller ID Tracker,Dauup,Publisher,TBD,Publisher Ads.txt,"dauup.com, 44614, DIRECT, 4daba13e2b0dfd92",dauup.com,44614,DIRECT,4daba13e2b0dfd92,False,True,,,
Dauup Authorization,Publishers Seller ID Tracker,Dauup,Publisher,TBD,Publisher Ads.txt,"dauup.com, 44615, DIRECT, 4daba13e2b0dfd92",dauup.com,44615,DIRECT,4daba13e2b0dfd92,False,True,,,
Dauup Authorization,Publishers Seller ID Tracker,Dauup,Publisher,TBD,Publisher Ads.txt,"dauup.com, 44616, DIRECT, 4daba13e2b0dfd92",dauup.com,44616,DIRECT,4daba13e2b0dfd92,False,True,,,
Dauup Authorization,Publishers Seller ID Tracker,Dauup,Publisher,TBD,Publisher Ads.txt,"dauup.com, 44617, DIRECT, 4daba13e2b0dfd92",dauup.com,44617,DIRECT,4daba13e2b0dfd92,False,True,,,
Dauup Authorization,Publishers Seller ID Tracker,Dauup,Publisher,TBD,Publisher Ads.txt,"dauup.com, 44618, DIRECT, 4daba13e2b0dfd92",dauup.com,44618,DIRECT,4daba13e2b0dfd92,False,True,,,
Dauup Authorization,Publishers Seller ID Tracker,Dauup,Publisher,TBD,Publisher Ads.txt,"dauup.com, 44619, DIRECT, 4daba13e2b0dfd92",dauup.com,44619,DIRECT,4daba13e2b0dfd92,False,True,,,
Dauup Authorization,Publishers Seller ID Tracker,Dauup,Publisher,TBD,Publisher Ads.txt,"dauup.com, 44620, DIRECT, 4daba13e2b0dfd92",dauup.com,44620,DIRECT,4daba13e2b0dfd92,False,True,,,
Dauup Authorization,Publishers Seller ID Tracker,Dauup,Publisher,TBD,Publisher Ads.txt,"dauup.com, 44621, DIRECT, 4daba13e2b0dfd92",dauup.com,44621,DIRECT,4daba13e2b0dfd92,False,True,,,
Dauup Authorization,Publishers Seller ID Tracker,Dauup,Publisher,TBD,Publisher Ads.txt,"dauup.com, 44622, DIRECT, 4daba13e2b0dfd92",dauup.com,44622,DIRECT,4daba13e2b0dfd92,False,True,,,
Dauup Authorization,Publishers Seller ID Tracker,Dauup,Publisher,TBD,Publisher Ads.txt,"dauup.com, 44623, DIRECT, 4daba13e2b0dfd92",dauup.com,44623,DIRECT,4daba13e2b0dfd92,False,True,,,
Dauup Authorization,Publishers Seller ID Tracker,Dauup,Publisher,TBD,Publisher Ads.txt,"dauup.com, 44624, DIRECT, 4daba13e2b0dfd92",dauup.com,44624,DIRECT,4daba13e2b0dfd92,False,True,,,
Dauup Authorization,Publishers Seller ID Tracker,Dauup,Publisher,TBD,Publisher Ads.txt,"dauup.com, 44625, DIRECT, 4daba13e2b0dfd92",dauup.com,44625,DIRECT,4daba13e2b0dfd92,False,True,,,
Dauup Authorization,Publishers Seller ID Tracker,Dauup,Publisher,TBD,Publisher Ads.txt,"dauup.com, 44626, DIRECT, 4daba13e2b0dfd92",dauup.com,44626,DIRECT,4daba13e2b0dfd92,False,True,,,
Dauup Authorization,Publishers Seller ID Tracker,Dauup,Publisher,TBD,Publisher Ads.txt,"dauup.com, 44627, DIRECT, 4daba13e2b0dfd92",dauup.com,44627,DIRECT,4daba13e2b0dfd92,False,True,,,
Dauup Authorization,Publishers Seller ID Tracker,Dauup,Publisher,TBD,Publisher Ads.txt,"dauup.com, 44628, DIRECT, 4daba13e2b0dfd92",dauup.com,44628,DIRECT,4daba13e2b0dfd92,False,True,,,
Dauup Authorization,Publishers Seller ID Tracker,Dauup,Publisher,TBD,Publisher Ads.txt,"dauup.com, 44629, DIRECT, 4daba13e2b0dfd92",dauup.com,44629,DIRECT,4daba13e2b0dfd92,False,True,,,
Dauup Authorization,Publishers Seller ID Tracker,Dauup,Publisher,TBD,Publisher Ads.txt,"dauup.com, 44630, DIRECT, 4daba13e2b0dfd92",dauup.com,44630,DIRECT,4daba13e2b0dfd92,False,True,,,
Dauup Authorization,Publishers Seller ID Tracker,Dauup,Publisher,TBD,Publisher Ads.txt,"dauup.com, 44631, DIRECT, 4daba13e2b0dfd92",dauup.com,44631,DIRECT,4daba13e2b0dfd92,False,True,,,
Dauup Authorization,Publishers Seller ID Tracker,Dauup,Publisher,TBD,Publisher Ads.txt,"dauup.com, 44632, DIRECT, 4daba13e2b0dfd92",dauup.com,44632,DIRECT,4daba13e2b0dfd92,False,True,,,
Dauup Authorization,Publishers Seller ID Tracker,Dauup,Publisher,TBD,Publisher Ads.txt,"dauup.com, 44633, DIRECT, 4daba13e2b0dfd92",dauup.com,44633,DIRECT,4daba13e2b0dfd92,False,True,,,
Dauup Authorization,Publishers Seller ID Tracker,Dauup,Publisher,TBD,Publisher Ads.txt,"dauup.com, 44634, DIRECT, 4daba13e2b0dfd92",dauup.com,44634,DIRECT,4daba13e2b0dfd92,False,True,,,
Dauup Authorization,Publishers Seller ID Tracker,Dauup,Publisher,TBD,Publisher Ads.txt,"dauup.com, 44635, DIRECT, 4daba13e2b0dfd92",dauup.com,44635,DIRECT,4daba13e2b0dfd92,False,True,,,
Dauup Authorization,Publishers Seller ID Tracker,Dauup,Publisher,TBD,Publisher Ads.txt,"dauup.com, 44636, DIRECT, 4daba13e2b0dfd92",dauup.com,44636,DIRECT,4daba13e2b0dfd92,False,True,,,
Dauup Authorization,Publishers Seller ID Tracker,Dauup,Publisher,TBD,Publisher Ads.txt,"dauup.com, 44637, DIRECT, 4daba13e2b0dfd92",dauup.com,44637,DIRECT,4daba13e2b0dfd92,False,True,,,
Dauup Authorization,Publishers Seller ID Tracker,Dauup,Publisher,TBD,Publisher Ads.txt,"dauup.com, 44638, DIRECT, 4daba13e2b0dfd92",dauup.com,44638,DIRECT,4daba13e2b0dfd92,False,True,,,
Dauup Authorization,Publishers Seller ID Tracker,Dauup,Publisher,TBD,Publisher Ads.txt,"dauup.com, 44639, DIRECT, 4daba13e2b0dfd92",dauup.com,44639,DIRECT,4daba13e2b0dfd92,False,True,,,
Dauup Authorization,Publishers Seller ID Tracker,Dauup,Publisher,TBD,Publisher Ads.txt,"dauup.com, 44640, DIRECT, 4daba13e2b0dfd92",dauup.com,44640,DIRECT,4daba13e2b0dfd92,False,True,,,
Dauup Authorization,Publishers Seller ID Tracker,Dauup,Publisher,TBD,Publisher Ads.txt,"dauup.com, 44641, DIRECT, 4daba13e2b0dfd92",dauup.com,44641,DIRECT,4daba13e2b0dfd92,False,True,,,
Dauup Authorization,Publishers Seller ID Tracker,Dauup,Publisher,TBD,Publisher Ads.txt,"dauup.com, 44642, DIRECT, 4daba13e2b0dfd92",dauup.com,44642,DIRECT,4daba13e2b0dfd92,False,True,,,
Dauup Authorization,Publishers Seller ID Tracker,Dauup,Publisher,TBD,Publisher Ads.txt,"dauup.com, 44643, DIRECT, 4daba13e2b0dfd92",dauup.com,44643,DIRECT,4daba13e2b0dfd92,False,True,,,
Dauup Authorization,Publishers Seller ID Tracker,Dauup,Publisher,TBD,Publisher Ads.txt,"dauup.com, 44644, DIRECT, 4daba13e2b0dfd92",dauup.com,44644,DIRECT,4daba13e2b0dfd92,False,True,,,
Dauup Authorization,Publishers Seller ID Tracker,Dauup,Publisher,TBD,Publisher Ads.txt,"dauup.com, 44645, DIRECT, 4daba13e2b0dfd92",dauup.com,44645,DIRECT,4daba13e2b0dfd92,False,True,,,
Dauup Authorization,Publishers Seller ID Tracker,Dauup,Publisher,TBD,Publisher Ads.txt,"dauup.com, 44646, DIRECT, 4daba13e2b0dfd92",dauup.com,44646,DIRECT,4daba13e2b0dfd92,False,True,,,
Dauup Authorization,Publishers Seller ID Tracker,Dauup,Publisher,TBD,Publisher Ads.txt,"dauup.com, 44647, DIRECT, 4daba13e2b0dfd92",dauup.com,44647,DIRECT,4daba13e2b0dfd92,False,True,,,
Dauup Authorization,Publishers Seller ID Tracker,Dauup,Publisher,TBD,Publisher Ads.txt,"dauup.com, 44648, DIRECT, 4daba13e2b0dfd92",dauup.com,44648,DIRECT,4daba13e2b0dfd92,False,True,,,
Dauup Authorization,Publishers Seller ID Tracker,Dauup,Publisher,TBD,Publisher Ads.txt,"dauup.com, 44649, DIRECT, 4daba13e2b0dfd92",dauup.com,44649,DIRECT,4daba13e2b0dfd92,False,True,,,
Dauup Authorization,Publishers Seller ID Tracker,Dauup,Publisher,TBD,Publisher Ads.txt,"dauup.com, 44650, DIRECT, 4daba13e2b0dfd92",dauup.com,44650,DIRECT,4daba13e2b0dfd92,False,True,,,
Dauup Authorization,Publishers Seller ID Tracker,Dauup,Publisher,TBD,Publisher Ads.txt,"dauup.com, 44651, DIRECT, 4daba13e2b0dfd92",dauup.com,44651,DIRECT,4daba13e2b0dfd92,False,True,,,
Dauup Authorization,Publishers Seller ID Tracker,Dauup,Publisher,TBD,Publisher Ads.txt,"dauup.com, 44652, DIRECT, 4daba13e2b0dfd92",dauup.com,44652,DIRECT,4daba13e2b0dfd92,False,True,,,
Dauup Authorization,Publishers Seller ID Tracker,Dauup,Publisher,TBD,Publisher Ads.txt,"dauup.com, 44653, DIRECT, 4daba13e2b0dfd92",dauup.com,44653,DIRECT,4daba13e2b0dfd92,False,True,,,
Dauup Authorization,Publishers Seller ID Tracker,Dauup,Publisher,TBD,Publisher Ads.txt,"dauup.com, 44654, DIRECT, 4daba13e2b0dfd92",dauup.com,44654,DIRECT,4daba13e2b0dfd92,False,True,,,
Dauup Authorization,Publishers Seller ID Tracker,Dauup,Publisher,TBD,Publisher Ads.txt,"dauup.com, 44655, DIRECT, 4daba13e2b0dfd92",dauup.com,44655,DIRECT,4daba13e2b0dfd92,False,True,,,
Dauup Authorization,Publishers Seller ID Tracker,Dauup,Publisher,TBD,Publisher Ads.txt,"dauup.com, 44656, DIRECT, 4daba13e2b0dfd92",dauup.com,44656,DIRECT,4daba13e2b0dfd92,False,True,,,
Dauup Authorization,Publishers Seller ID Tracker,Dauup,Publisher,TBD,Publisher Ads.txt,"dauup.com, 44657, DIRECT, 4daba13e2b0dfd92",dauup.com,44657,DIRECT,4daba13e2b0dfd92,False,True,,,
Dauup Authorization,Publishers Seller ID Tracker,Dauup,Publisher,TBD,Publisher Ads.txt,"dauup.com, 44658, DIRECT, 4daba13e2b0dfd92",dauup.com,44658,DIRECT,4daba13e2b0dfd92,False,True,,,
Dauup Authorization,Publishers Seller ID Tracker,Dauup,Publisher,TBD,Publisher Ads.txt,"dauup.com, 44659, DIRECT, 4daba13e2b0dfd92",dauup.com,44659,DIRECT,4daba13e2b0dfd92,False,True,,,
Dauup Authorization,Publishers Seller ID Tracker,Dauup,Publisher,TBD,Publisher Ads.txt,"dauup.com, 44660, DIRECT, 4daba13e2b0dfd92",dauup.com,44660,DIRECT,4daba13e2b0dfd92,False,True,,,
Dauup Authorization,Publishers Seller ID Tracker,Dauup,Publisher,TBD,Publisher Ads.txt,"dauup.com, 44661, DIRECT, 4daba13e2b0dfd92",dauup.com,44661,DIRECT,4daba13e2b0dfd92,False,True,,,
Dauup Authorization,Publishers Seller ID Tracker,Dauup,Publisher,TBD,Publisher Ads.txt,"dauup.com, 44662, DIRECT, 4daba13e2b0dfd92",dauup.com,44662,DIRECT,4daba13e2b0dfd92,False,True,,,
Dauup Authorization,Publishers Seller ID Tracker,Dauup,Publisher,TBD,Publisher Ads.txt,"dauup.com, 44663, DIRECT, 4daba13e2b0dfd92",dauup.com,44663,DIRECT,4daba13e2b0dfd92,False,True,,,
Dauup Authorization,Publishers Seller ID Tracker,Dauup,Publisher,TBD,Publisher Ads.txt,"dauup.com, 44664, DIRECT, 4daba13e2b0dfd92",dauup.com,44664,DIRECT,4daba13e2b0dfd92,False,True,,,
Dauup Authorization,Publishers Seller ID Tracker,Dauup,Publisher,TBD,Publisher Ads.txt,"dauup.com, 44665, DIRECT, 4daba13e2b0dfd92",dauup.com,44665,DIRECT,4daba13e2b0dfd92,False,True,,,
Dauup Authorization,Publishers Seller ID Tracker,Dauup,Publisher,TBD,Publisher Ads.txt,"dauup.com, 44666, DIRECT, 4daba13e2b0dfd92",dauup.com,44666,DIRECT,4daba13e2b0dfd92,False,True,,,
Dauup Authorization,Publishers Seller ID Tracker,Dauup,Publisher,TBD,Publisher Ads.txt,"dauup.com, 44667, DIRECT, 4daba13e2b0dfd92",dauup.com,44667,DIRECT,4daba13e2b0dfd92,False,True,,,
Dauup Authorization,Publishers Seller ID Tracker,Dauup,Publisher,TBD,Publisher Ads.txt,"dauup.com, 44668, DIRECT, 4daba13e2b0dfd92",dauup.com,44668,DIRECT,4daba13e2b0dfd92,False,True,,,
Dauup Authorization,Publishers Seller ID Tracker,Dauup,Publisher,TBD,Publisher Ads.txt,"dauup.com, 44669, DIRECT, 4daba13e2b0dfd92",dauup.com,44669,DIRECT,4daba13e2b0dfd92,False,True,,,
Dauup Authorization,Publishers Seller ID Tracker,Dauup,Publisher,TBD,Publisher Ads.txt,"dauup.com, 44670, DIRECT, 4daba13e2b0dfd92",dauup.com,44670,DIRECT,4daba13e2b0dfd92,False,True,,,
Dauup Authorization,Publishers Seller ID Tracker,Dauup,Publisher,TBD,Publisher Ads.txt,"dauup.com, 44671, DIRECT, 4daba13e2b0dfd92",dauup.com,44671,DIRECT,4daba13e2b0dfd92,False,True,,,
Dauup Authorization,Publishers Seller ID Tracker,Dauup,Publisher,TBD,Publisher Ads.txt,"dauup.com, 44672, DIRECT, 4daba13e2b0dfd92",dauup.com,44672,DIRECT,4daba13e2b0dfd92,False,True,,,
Dauup Authorization,Publishers Seller ID Tracker,Dauup,Publisher,TBD,Publisher Ads.txt,"dauup.com, 44673, DIRECT, 4daba13e2b0dfd92",dauup.com,44673,DIRECT,4daba13e2b0dfd92,False,True,,,
Dauup Authorization,Publishers Seller ID Tracker,Dauup,Publisher,TBD,Publisher Ads.txt,"dauup.com, 44674, DIRECT, 4daba13e2b0dfd92",dauup.com,44674,DIRECT,4daba13e2b0dfd92,False,True,,,
Dauup Authorization,Publishers Seller ID Tracker,Dauup,Publisher,TBD,Publisher Ads.txt,"dauup.com, 44675, DIRECT, 4daba13e2b0dfd92",dauup.com,44675,DIRECT,4daba13e2b0dfd92,False,True,,,
Dauup Authorization,Publishers Seller ID Tracker,Dauup,Publisher,TBD,Publisher Ads.txt,"dauup.com, 44676, DIRECT, 4daba13e2b0dfd92",dauup.com,44676,DIRECT,4daba13e2b0dfd92,False,True,,,
Dauup Authorization,Publishers Seller ID Tracker,Dauup,Publisher,TBD,Publisher Ads.txt,"dauup.com, 44677, DIRECT, 4daba13e2b0dfd92",dauup.com,44677,DIRECT,4daba13e2b0dfd92,False,True,,,
Dauup Authorization,Publishers Seller ID Tracker,Dauup,Publisher,TBD,Publisher Ads.txt,"dauup.com, 44678, DIRECT, 4daba13e2b0dfd92",dauup.com,44678,DIRECT,4daba13e2b0dfd92,False,True,,,
Dauup Authorization,Publishers Seller ID Tracker,Dauup,Publisher,TBD,Publisher Ads.txt,"dauup.com, 44679, DIRECT, 4daba13e2b0dfd92",dauup.com,44679,DIRECT,4daba13e2b0dfd92,False,True,,,
Dauup Authorization,Publishers Seller ID Tracker,Dauup,Publisher,TBD,Publisher Ads.txt,"dauup.com, 44680, DIRECT, 4daba13e2b0dfd92",dauup.com,44680,DIRECT,4daba13e2b0dfd92,False,True,,,
Dauup Authorization,Publishers Seller ID Tracker,Dauup,Publisher,TBD,Publisher Ads.txt,"dauup.com, 44681, DIRECT, 4daba13e2b0dfd92",dauup.com,44681,DIRECT,4daba13e2b0dfd92,False,True,,,
Dauup Authorization,Publishers Seller ID Tracker,Dauup,Publisher,TBD,Publisher Ads.txt,"dauup.com, 44682, DIRECT, 4daba13e2b0dfd92",dauup.com,44682,DIRECT,4daba13e2b0dfd92,False,True,,,
Dauup Authorization,Publishers Seller ID Tracker,Dauup,Publisher,TBD,Publisher Ads.txt,"dauup.com, 44683, DIRECT, 4daba13e2b0dfd92",dauup.com,44683,DIRECT,4daba13e2b0dfd92,False,True,,,
Dauup Authorization,Publishers Seller ID Tracker,Dauup,Publisher,TBD,Publisher Ads.txt,"dauup.com, 44684, DIRECT, 4daba13e2b0dfd92",dauup.com,44684,DIRECT,4daba13e2b0dfd92,False,True,,,
Dauup Authorization,Publishers Seller ID Tracker,Dauup,Publisher,TBD,Publisher Ads.txt,"dauup.com, 44685, DIRECT, 4daba13e2b0dfd92",dauup.com,44685,DIRECT,4daba13e2b0dfd92,False,True,,,
Dauup Authorization,Publishers Seller ID Tracker,Dauup,Publisher,TBD,Publisher Ads.txt,"dauup.com, 44686, DIRECT, 4daba13e2b0dfd92",dauup.com,44686,DIRECT,4daba13e2b0dfd92,False,True,,,
Dauup Authorization,Publishers Seller ID Tracker,Dauup,Publisher,TBD,Publisher Ads.txt,"dauup.com, 44687, DIRECT, 4daba13e2b0dfd92",dauup.com,44687,DIRECT,4daba13e2b0dfd92,False,True,,,
Dauup Authorization,Publishers Seller ID Tracker,Dauup,Publisher,TBD,Publisher Ads.txt,"dauup.com, 44688, DIRECT, 4daba13e2b0dfd92",dauup.com,44688,DIRECT,4daba13e2b0dfd92,False,True,,,
Dauup Authorization,Publishers Seller ID Tracker,Dauup,Publisher,TBD,Publisher Ads.txt,"dauup.com, 44689, DIRECT, 4daba13e2b0dfd92",dauup.com,44689,DIRECT,4daba13e2b0dfd92,False,True,,,
Dauup Authorization,Publishers Seller ID Tracker,Dauup,Publisher,TBD,Publisher Ads.txt,"dauup.com, 44690, DIRECT, 4daba13e2b0dfd92",dauup.com,44690,DIRECT,4daba13e2b0dfd92,False,True,,,
Dauup Authorization,Publishers Seller ID Tracker,Dauup,Publisher,TBD,Publisher Ads.txt,"dauup.com, 44691, DIRECT, 4daba13e2b0dfd92",dauup.com,44691,DIRECT,4daba13e2b0dfd92,False,True,,,
Dauup Authorization,Publishers Seller ID Tracker,Dauup,Publisher,TBD,Publisher Ads.txt,"dauup.com, 44692, DIRECT, 4daba13e2b0dfd92",dauup.com,44692,DIRECT,4daba13e2b0dfd92,False,True,,,
Dauup Authorization,Publishers Seller ID Tracker,Dauup,Publisher,TBD,Publisher Ads.txt,"dauup.com, 44693, DIRECT, 4daba13e2b0dfd92",dauup.com,44693,DIRECT,4daba13e2b0dfd92,False,True,,,
Dauup Authorization,Publishers Seller ID Tracker,Dauup,Publisher,TBD,Publisher Ads.txt,"dauup.com, 44694, DIRECT, 4daba13e2b0dfd92",dauup.com,44694,DIRECT,4daba13e2b0dfd92,False,True,,,
Dauup Authorization,Publishers Seller ID Tracker,Dauup,Publisher,TBD,Publisher Ads.txt,"dauup.com, 44695, DIRECT, 4daba13e2b0dfd92",dauup.com,44695,DIRECT,4daba13e2b0dfd92,False,True,,,
Dauup Authorization,Publishers Seller ID Tracker,Dauup,Publisher,TBD,Publisher Ads.txt,"dauup.com, 44696, DIRECT, 4daba13e2b0dfd92",dauup.com,44696,DIRECT,4daba13e2b0dfd92,False,True,,,
Dauup Authorization,Publishers Seller ID Tracker,Dauup,Publisher,TBD,Publisher Ads.txt,"dauup.com, 44697, DIRECT, 4daba13e2b0dfd92",dauup.com,44697,DIRECT,4daba13e2b0dfd92,False,True,,,
Dauup Authorization,Publishers Seller ID Tracker,Dauup,Publisher,TBD,Publisher Ads.txt,"dauup.com, 44698, DIRECT, 4daba13e2b0dfd92",dauup.com,44698,DIRECT,4daba13e2b0dfd92,False,True,,,
Dauup Authorization,Publishers Seller ID Tracker,Dauup,Publisher,TBD,Publisher Ads.txt,"dauup.com, 44699, DIRECT, 4daba13e2b0dfd92",dauup.com,44699,DIRECT,4daba13e2b0dfd92,False,True,,,
Dauup Authorization,Publishers Seller ID Tracker,Dauup,Publisher,TBD,Publisher Ads.txt,"dauup.com, 44700, DIRECT, 4daba13e2b0dfd92",dauup.com,44700,DIRECT,4daba13e2b0dfd92,False,True,,,
Dauup Authorization,Publishers Seller ID Tracker,Dauup,Publisher,TBD,Publisher Ads.txt,"dauup.com, 44701, DIRECT, 4daba13e2b0dfd92",dauup.com,44701,DIRECT,4daba13e2b0dfd92,False,True,,,
Dauup Authorization,Publishers Seller ID Tracker,Dauup,Publisher,TBD,Publisher Ads.txt,"dauup.com, 44702, DIRECT, 4daba13e2b0dfd92",dauup.com,44702,DIRECT,4daba13e2b0dfd92,False,True,,,
Dauup Authorization,Publishers Seller ID Tracker,Dauup,Publisher,TBD,Publisher Ads.txt,"dauup.com, 44703, DIRECT, 4daba13e2b0dfd92",dauup.com,44703,DIRECT,4daba13e2b0dfd92,False,True,,,
Dauup Authorization,Publishers Seller ID Tracker,Dauup,Publisher,TBD,Publisher Ads.txt,"dauup.com, 44704, DIRECT, 4daba13e2b0dfd92",dauup.com,44704,DIRECT,4daba13e2b0dfd92,False,True,,,
Dauup Authorization,Publishers Seller ID Tracker,Dauup,Publisher,TBD,Publisher Ads.txt,"dauup.com, 44705, DIRECT, 4daba13e2b0dfd92",dauup.com,44705,DIRECT,4daba13e2b0dfd92,False,True,,,
Dauup Authorization,Publishers Seller ID Tracker,Dauup,Publisher,TBD,Publisher Ads.txt,"dauup.com, 44706, DIRECT, 4daba13e2b0dfd92",dauup.com,44706,DIRECT,4daba13e2b0dfd92,False,True,,,
Dauup Authorization,Publishers Seller ID Tracker,Dauup,Publisher,TBD,Publisher Ads.txt,"dauup.com, 44707, DIRECT, 4daba13e2b0dfd92",dauup.com,44707,DIRECT,4daba13e2b0dfd92,False,True,,,
Dauup Authorization,Publishers Seller ID Tracker,Dauup,Publisher,TBD,Publisher Ads.txt,"dauup.com, 44708, DIRECT, 4daba13e2b0dfd92",dauup.com,44708,DIRECT,4daba13e2b0dfd92,False,True,,,
Dauup Authorization,Publishers Seller ID Tracker,Dauup,Publisher,TBD,Publisher Ads.txt,"dauup.com, 44709, DIRECT, 4daba13e2b0dfd92",dauup.com,44709,DIRECT,4daba13e2b0dfd92,False,True,,,
Dauup Authorization,Publishers Seller ID Tracker,Dauup,Publisher,TBD,Publisher Ads.txt,"dauup.com, 44710, DIRECT, 4daba13e2b0dfd92",dauup.com,44710,DIRECT,4daba13e2b0dfd92,False,True,,,
Dauup Authorization,Publishers Seller ID Tracker,Dauup,Publisher,TBD,Publisher Ads.txt,"dauup.com, 44711, DIRECT, 4daba13e2b0dfd92",dauup.com,44711,DIRECT,4daba13e2b0dfd92,False,True,,,
Dauup Authorization,Publishers Seller ID Tracker,Dauup,Publisher,TBD,Publisher Ads.txt,"dauup.com, 44712, DIRECT, 4daba13e2b0dfd92",dauup.com,44712,DIRECT,4daba13e2b0dfd92,False,True,,,
Dauup Authorization,Publishers Seller ID Tracker,Dauup,Publisher,TBD,Publisher Ads.txt,"dauup.com, 44713, DIRECT, 4daba13e2b0dfd92",dauup.com,44713,DIRECT,4daba13e2b0dfd92,False,True,,,
Dauup Authorization,Publishers Seller ID Tracker,Dauup,Publisher,TBD,Publisher Ads.txt,"dauup.com, 44714, DIRECT, 4daba13e2b0dfd92",dauup.com,44714,DIRECT,4daba13e2b0dfd92,False,True,,,
Dauup Authorization,Publishers Seller ID Tracker,Dauup,Publisher,TBD,Publisher Ads.txt,"dauup.com, 44715, DIRECT, 4daba13e2b0dfd92",dauup.com,44715,DIRECT,4daba13e2b0dfd92,False,True,,,
Dauup Authorization,Publishers Seller ID Tracker,Dauup,Publisher,TBD,Publisher Ads.txt,"dauup.com, 44716, DIRECT, 4daba13e2b0dfd92",dauup.com,44716,DIRECT,4daba13e2b0dfd92,False,True,,,
Dauup Authorization,Publishers Seller ID Tracker,Dauup,Publisher,TBD,Publisher Ads.txt,"dauup.com, 44717, DIRECT, 4daba13e2b0dfd92",dauup.com,44717,DIRECT,4daba13e2b0dfd92,False,True,,,
Dauup Authorization,Publishers Seller ID Tracker,Dauup,Publisher,TBD,Publisher Ads.txt,"dauup.com, 44718, DIRECT, 4daba13e2b0dfd92",dauup.com,44718,DIRECT,4daba13e2b0dfd92,False,True,,,
Dauup Authorization,Publishers Seller ID Tracker,Dauup,Publisher,TBD,Publisher Ads.txt,"dauup.com, 44719, DIRECT, 4daba13e2b0dfd92",dauup.com,44719,DIRECT,4daba13e2b0dfd92,False,True,,,
Dauup Authorization,Publishers Seller ID Tracker,Dauup,Publisher,TBD,Publisher Ads.txt,"dauup.com, 44720, DIRECT, 4daba13e2b0dfd92",dauup.com,44720,DIRECT,4daba13e2b0dfd92,False,True,,,
Dauup Authorization,Publishers Seller ID Tracker,Dauup,Publisher,TBD,Publisher Ads.txt,"dauup.com, 44721, DIRECT, 4daba13e2b0dfd92",dauup.com,44721,DIRECT,4daba13e2b0dfd92,False,True,,,
Dauup Authorization,Publishers Seller ID Tracker,Dauup,Publisher,TBD,Publisher Ads.txt,"dauup.com, 44722, DIRECT, 4daba13e2b0dfd92",dauup.com,44722,DIRECT,4daba13e2b0dfd92,False,True,,,
Dauup Authorization,Publishers Seller ID Tracker,Dauup,Publisher,TBD,Publisher Ads.txt,"dauup.com, 44723, DIRECT, 4daba13e2b0dfd92",dauup.com,44723,DIRECT,4daba13e2b0dfd92,False,True,,,
Dauup Authorization,Publishers Seller ID Tracker,Dauup,Publisher,TBD,Publisher Ads.txt,"dauup.com, 44724, DIRECT, 4daba13e2b0dfd92",dauup.com,44724,DIRECT,4daba13e2b0dfd92,False,True,,,
Dauup Authorization,Publishers Seller ID Tracker,Dauup,Publisher,TBD,Publisher Ads.txt,"dauup.com, 44725, DIRECT, 4daba13e2b0dfd92",dauup.com,44725,DIRECT,4daba13e2b0dfd92,False,True,,,
Dauup Authorization,Publishers Seller ID Tracker,Dauup,Publisher,TBD,Publisher Ads.txt,"dauup.com, 44726, DIRECT, 4daba13e2b0dfd92",dauup.com,44726,DIRECT,4daba13e2b0dfd92,False,True,,,
Dauup Authorization,Publishers Seller ID Tracker,Dauup,Publisher,TBD,Publisher Ads.txt,"dauup.com, 44727, DIRECT, 4daba13e2b0dfd92",dauup.com,44727,DIRECT,4daba13e2b0dfd92,False,True,,,
Dauup Authorization,Publishers Seller ID Tracker,Dauup,Publisher,TBD,Publisher Ads.txt,"dauup.com, 44728, DIRECT, 4daba13e2b0dfd92",dauup.com,44728,DIRECT,4daba13e2b0dfd92,False,True,,,
Dauup Authorization,Publishers Seller ID Tracker,Dauup,Publisher,TBD,Publisher Ads.txt,"dauup.com, 44729, DIRECT, 4daba13e2b0dfd92",dauup.com,44729,DIRECT,4daba13e2b0dfd92,False,True,,,
Dauup Authorization,Publishers Seller ID Tracker,Dauup,Publisher,TBD,Publisher Ads.txt,"dauup.com, 44730, DIRECT, 4daba13e2b0dfd92",dauup.com,44730,DIRECT,4daba13e2b0dfd92,False,True,,,
Dauup Authorization,Publishers Seller ID Tracker,Dauup,Publisher,TBD,Publisher Ads.txt,"dauup.com, 44731, DIRECT, 4daba13e2b0dfd92",dauup.com,44731,DIRECT,4daba13e2b0dfd92,False,True,,,
Dauup Authorization,Publishers Seller ID Tracker,Dauup,Publisher,TBD,Publisher Ads.txt,"dauup.com, 44732, DIRECT, 4daba13e2b0dfd92",dauup.com,44732,DIRECT,4daba13e2b0dfd92,False,True,,,
Dauup Authorization,Publishers Seller ID Tracker,Dauup,Publisher,TBD,Publisher Ads.txt,"dauup.com, 44733, DIRECT, 4daba13e2b0dfd92",dauup.com,44733,DIRECT,4daba13e2b0dfd92,False,True,,,
Dauup Authorization,Publishers Seller ID Tracker,Dauup,Publisher,TBD,Publisher Ads.txt,"dauup.com, 44734, DIRECT, 4daba13e2b0dfd92",dauup.com,44734,DIRECT,4daba13e2b0dfd92,False,True,,,
Dauup Authorization,Publishers Seller ID Tracker,Dauup,Publisher,TBD,Publisher Ads.txt,"dauup.com, 44735, DIRECT, 4daba13e2b0dfd92",dauup.com,44735,DIRECT,4daba13e2b0dfd92,False,True,,,
Dauup Authorization,Publishers Seller ID Tracker,Dauup,Publisher,TBD,Publisher Ads.txt,"dauup.com, 44736, DIRECT, 4daba13e2b0dfd92",dauup.com,44736,DIRECT,4daba13e2b0dfd92,False,True,,,
Dauup Authorization,Publishers Seller ID Tracker,Dauup,Publisher,TBD,Publisher Ads.txt,"dauup.com, 44737, DIRECT, 4daba13e2b0dfd92",dauup.com,44737,DIRECT,4daba13e2b0dfd92,False,True,,,
Dauup Authorization,Publishers Seller ID Tracker,Dauup,Publisher,TBD,Publisher Ads.txt,"dauup.com, 44738, DIRECT, 4daba13e2b0dfd92",dauup.com,44738,DIRECT,4daba13e2b0dfd92,False,True,,,
Dauup Authorization,Publishers Seller ID Tracker,Dauup,Publisher,TBD,Publisher Ads.txt,"dauup.com, 44739, DIRECT, 4daba13e2b0dfd92",dauup.com,44739,DIRECT,4daba13e2b0dfd92,False,True,,,
Dauup Authorization,Publishers Seller ID Tracker,Dauup,Publisher,TBD,Publisher Ads.txt,"dauup.com, 44740, DIRECT, 4daba13e2b0dfd92",dauup.com,44740,DIRECT,4daba13e2b0dfd92,False,True,,,
Dauup Authorization,Publishers Seller ID Tracker,Dauup,Publisher,TBD,Publisher Ads.txt,"dauup.com, 44741, DIRECT, 4daba13e2b0dfd92",dauup.com,44741,DIRECT,4daba13e2b0dfd92,False,True,,,
Dauup Authorization,Publishers Seller ID Tracker,Dauup,Publisher,TBD,Publisher Ads.txt,"dauup.com, 44742, DIRECT, 4daba13e2b0dfd92",dauup.com,44742,DIRECT,4daba13e2b0dfd92,False,True,,,
Dauup Authorization,Publishers Seller ID Tracker,Dauup,Publisher,TBD,Publisher Ads.txt,"dauup.com, 44743, DIRECT, 4daba13e2b0dfd92",dauup.com,44743,DIRECT,4daba13e2b0dfd92,False,True,,,
Dauup Authorization,Publishers Seller ID Tracker,Dauup,Publisher,TBD,Publisher Ads.txt,"dauup.com, 44744, DIRECT, 4daba13e2b0dfd92",dauup.com,44744,DIRECT,4daba13e2b0dfd92,False,True,,,
Dauup Authorization,Publishers Seller ID Tracker,Dauup,Publisher,TBD,Publisher Ads.txt,"dauup.com, 44745, DIRECT, 4daba13e2b0dfd92",dauup.com,44745,DIRECT,4daba13e2b0dfd92,False,True,,,
Dauup Authorization,Publishers Seller ID Tracker,Dauup,Publisher,TBD,Publisher Ads.txt,"dauup.com, 44746, DIRECT, 4daba13e2b0dfd92",dauup.com,44746,DIRECT,4daba13e2b0dfd92,False,True,,,
Dauup Authorization,Publishers Seller ID Tracker,Dauup,Publisher,TBD,Publisher Ads.txt,"dauup.com, 44747, DIRECT, 4daba13e2b0dfd92",dauup.com,44747,DIRECT,4daba13e2b0dfd92,False,True,,,
Dauup Authorization,Publishers Seller ID Tracker,Dauup,Publisher,TBD,Publisher Ads.txt,"dauup.com, 44748, DIRECT, 4daba13e2b0dfd92",dauup.com,44748,DIRECT,4daba13e2b0dfd92,False,True,,,
Dauup Authorization,Publishers Seller ID Tracker,Dauup,Publisher,TBD,Publisher Ads.txt,"dauup.com, 44749, DIRECT, 4daba13e2b0dfd92",dauup.com,44749,DIRECT,4daba13e2b0dfd92,False,True,,,
Dauup Authorization,Publishers Seller ID Tracker,Dauup,Publisher,TBD,Publisher Ads.txt,"dauup.com, 44750, DIRECT, 4daba13e2b0dfd92",dauup.com,44750,DIRECT,4daba13e2b0dfd92,False,True,,,
Dauup Authorization,Publishers Seller ID Tracker,Dauup,Publisher,TBD,Publisher Ads.txt,"dauup.com, 44751, DIRECT, 4daba13e2b0dfd92",dauup.com,44751,DIRECT,4daba13e2b0dfd92,False,True,,,
Dauup Authorization,Publishers Seller ID Tracker,Dauup,Publisher,TBD,Publisher Ads.txt,"dauup.com, 44752, DIRECT, 4daba13e2b0dfd92",dauup.com,44752,DIRECT,4daba13e2b0dfd92,False,True,,,
Dauup Authorization,Publishers Seller ID Tracker,Dauup,Publisher,TBD,Publisher Ads.txt,"dauup.com, 44753, DIRECT, 4daba13e2b0dfd92",dauup.com,44753,DIRECT,4daba13e2b0dfd92,False,True,,,
Dauup Authorization,Publishers Seller ID Tracker,Dauup,Publisher,TBD,Publisher Ads.txt,"dauup.com, 44754, DIRECT, 4daba13e2b0dfd92",dauup.com,44754,DIRECT,4daba13e2b0dfd92,False,True,,,
Dauup Authorization,Publishers Seller ID Tracker,Dauup,Publisher,TBD,Publisher Ads.txt,"dauup.com, 44755, DIRECT, 4daba13e2b0dfd92",dauup.com,44755,DIRECT,4daba13e2b0dfd92,False,True,,,
Dauup Authorization,Publishers Seller ID Tracker,Dauup,Publisher,TBD,Publisher Ads.txt,"dauup.com, 44756, DIRECT, 4daba13e2b0dfd92",dauup.com,44756,DIRECT,4daba13e2b0dfd92,False,True,,,
Dauup Authorization,Publishers Seller ID Tracker,Dauup,Publisher,TBD,Publisher Ads.txt,"dauup.com, 44757, DIRECT, 4daba13e2b0dfd92",dauup.com,44757,DIRECT,4daba13e2b0dfd92,False,True,,,
Dauup Authorization,Publishers Seller ID Tracker,Dauup,Publisher,TBD,Publisher Ads.txt,"dauup.com, 44758, DIRECT, 4daba13e2b0dfd92",dauup.com,44758,DIRECT,4daba13e2b0dfd92,False,True,,,
Dauup Authorization,Publishers Seller ID Tracker,Dauup,Publisher,TBD,Publisher Ads.txt,"dauup.com, 44759, DIRECT, 4daba13e2b0dfd92",dauup.com,44759,DIRECT,4daba13e2b0dfd92,False,True,,,
Dauup Authorization,Publishers Seller ID Tracker,Dauup,Publisher,TBD,Publisher Ads.txt,"dauup.com, 44760, DIRECT, 4daba13e2b0dfd92",dauup.com,44760,DIRECT,4daba13e2b0dfd92,False,True,,,
Dauup Authorization,Publishers Seller ID Tracker,Dauup,Publisher,TBD,Publisher Ads.txt,"dauup.com, 44761, DIRECT, 4daba13e2b0dfd92",dauup.com,44761,DIRECT,4daba13e2b0dfd92,False,True,,,
Dauup Authorization,Publishers Seller ID Tracker,Dauup,Publisher,TBD,Publisher Ads.txt,"dauup.com, 44762, DIRECT, 4daba13e2b0dfd92",dauup.com,44762,DIRECT,4daba13e2b0dfd92,False,True,,,
Dauup Authorization,Publishers Seller ID Tracker,Dauup,Publisher,TBD,Publisher Ads.txt,"dauup.com, 44763, DIRECT, 4daba13e2b0dfd92",dauup.com,44763,DIRECT,4daba13e2b0dfd92,False,True,,,
Dauup Authorization,Publishers Seller ID Tracker,Dauup,Publisher,TBD,Publisher Ads.txt,"dauup.com, 44764, DIRECT, 4daba13e2b0dfd92",dauup.com,44764,DIRECT,4daba13e2b0dfd92,False,True,,,
Dauup Authorization,Publishers Seller ID Tracker,Dauup,Publisher,TBD,Publisher Ads.txt,"dauup.com, 44765, DIRECT, 4daba13e2b0dfd92",dauup.com,44765,DIRECT,4daba13e2b0dfd92,False,True,,,
Dauup Authorization,Publishers Seller ID Tracker,Dauup,Publisher,TBD,Publisher Ads.txt,"dauup.com, 44766, DIRECT, 4daba13e2b0dfd92",dauup.com,44766,DIRECT,4daba13e2b0dfd92,False,True,,,
Dauup Authorization,Publishers Seller ID Tracker,Dauup,Publisher,TBD,Publisher Ads.txt,"dauup.com, 44767, DIRECT, 4daba13e2b0dfd92",dauup.com,44767,DIRECT,4daba13e2b0dfd92,False,True,,,
Dauup Authorization,Publishers Seller ID Tracker,Dauup,Publisher,TBD,Publisher Ads.txt,"dauup.com, 44768, DIRECT, 4daba13e2b0dfd92",dauup.com,44768,DIRECT,4daba13e2b0dfd92,False,True,,,
Dauup Authorization,Publishers Seller ID Tracker,Dauup,Publisher,TBD,Publisher Ads.txt,"dauup.com, 44769, DIRECT, 4daba13e2b0dfd92",dauup.com,44769,DIRECT,4daba13e2b0dfd92,False,True,,,
Dauup Authorization,Publishers Seller ID Tracker,Dauup,Publisher,TBD,Publisher Ads.txt,"dauup.com, 44770, DIRECT, 4daba13e2b0dfd92",dauup.com,44770,DIRECT,4daba13e2b0dfd92,False,True,,,
Dauup Authorization,Publishers Seller ID Tracker,Dauup,Publisher,TBD,Publisher Ads.txt,"dauup.com, 44771, DIRECT, 4daba13e2b0dfd92",dauup.com,44771,DIRECT,4daba13e2b0dfd92,False,True,,,
Dauup Authorization,Publishers Seller ID Tracker,Dauup,Publisher,TBD,Publisher Ads.txt,"dauup.com, 44772, DIRECT, 4daba13e2b0dfd92",dauup.com,44772,DIRECT,4daba13e2b0dfd92,False,True,,,
Dauup Authorization,Publishers Seller ID Tracker,Dauup,Publisher,TBD,Publisher Ads.txt,"dauup.com, 44773, DIRECT, 4daba13e2b0dfd92",dauup.com,44773,DIRECT,4daba13e2b0dfd92,False,True,,,
Dauup Authorization,Publishers Seller ID Tracker,Dauup,Publisher,TBD,Publisher Ads.txt,"dauup.com, 44774, DIRECT, 4daba13e2b0dfd92",dauup.com,44774,DIRECT,4daba13e2b0dfd92,False,True,,,
Dauup Authorization,Publishers Seller ID Tracker,Dauup,Publisher,TBD,Publisher Ads.txt,"dauup.com, 44775, DIRECT, 4daba13e2b0dfd92",dauup.com,44775,DIRECT,4daba13e2b0dfd92,False,True,,,
Dauup Authorization,Publishers Seller ID Tracker,Dauup,Publisher,TBD,Publisher Ads.txt,"dauup.com, 44776, DIRECT, 4daba13e2b0dfd92",dauup.com,44776,DIRECT,4daba13e2b0dfd92,False,True,,,
Dauup Authorization,Publishers Seller ID Tracker,Dauup,Publisher,TBD,Publisher Ads.txt,"dauup.com, 44777, DIRECT, 4daba13e2b0dfd92",dauup.com,44777,DIRECT,4daba13e2b0dfd92,False,True,,,
Dauup Authorization,Publishers Seller ID Tracker,Dauup,Publisher,TBD,Publisher Ads.txt,"dauup.com, 44778, DIRECT, 4daba13e2b0dfd92",dauup.com,44778,DIRECT,4daba13e2b0dfd92,False,True,,,
Dauup Authorization,Publishers Seller ID Tracker,Dauup,Publisher,TBD,Publisher Ads.txt,"dauup.com, 44779, DIRECT, 4daba13e2b0dfd92",dauup.com,44779,DIRECT,4daba13e2b0dfd92,False,True,,,
Dauup Authorization,Publishers Seller ID Tracker,Dauup,Publisher,TBD,Publisher Ads.txt,"dauup.com, 44780, DIRECT, 4daba13e2b0dfd92",dauup.com,44780,DIRECT,4daba13e2b0dfd92,False,True,,,
Dauup Authorization,Publishers Seller ID Tracker,Dauup,Publisher,TBD,Publisher Ads.txt,"dauup.com, 44781, DIRECT, 4daba13e2b0dfd92",dauup.com,44781,DIRECT,4daba13e2b0dfd92,False,True,,,
Dauup Authorization,Publishers Seller ID Tracker,Dauup,Publisher,TBD,Publisher Ads.txt,"dauup.com, 44782, DIRECT, 4daba13e2b0dfd92",dauup.com,44782,DIRECT,4daba13e2b0dfd92,False,True,,,
Dauup Authorization,Publishers Seller ID Tracker,Dauup,Publisher,TBD,Publisher Ads.txt,"dauup.com, 44783, DIRECT, 4daba13e2b0dfd92",dauup.com,44783,DIRECT,4daba13e2b0dfd92,False,True,,,
Dauup Authorization,Publishers Seller ID Tracker,Dauup,Publisher,TBD,Publisher Ads.txt,"dauup.com, 44784, DIRECT, 4daba13e2b0dfd92",dauup.com,44784,DIRECT,4daba13e2b0dfd92,False,True,,,
Dauup Authorization,Publishers Seller ID Tracker,Dauup,Publisher,TBD,Publisher Ads.txt,"dauup.com, 44785, DIRECT, 4daba13e2b0dfd92",dauup.com,44785,DIRECT,4daba13e2b0dfd92,False,True,,,
Dauup Authorization,Publishers Seller ID Tracker,Dauup,Publisher,TBD,Publisher Ads.txt,"dauup.com, 44786, DIRECT, 4daba13e2b0dfd92",dauup.com,44786,DIRECT,4daba13e2b0dfd92,False,True,,,
Dauup Authorization,Publishers Seller ID Tracker,Dauup,Publisher,TBD,Publisher Ads.txt,"dauup.com, 44787, DIRECT, 4daba13e2b0dfd92",dauup.com,44787,DIRECT,4daba13e2b0dfd92,False,True,,,
Dauup Authorization,Publishers Seller ID Tracker,Dauup,Publisher,TBD,Publisher Ads.txt,"dauup.com, 44788, DIRECT, 4daba13e2b0dfd92",dauup.com,44788,DIRECT,4daba13e2b0dfd92,False,True,,,
Dauup Authorization,Publishers Seller ID Tracker,Dauup,Publisher,TBD,Publisher Ads.txt,"dauup.com, 44789, DIRECT, 4daba13e2b0dfd92",dauup.com,44789,DIRECT,4daba13e2b0dfd92,False,True,,,
Dauup Authorization,Publishers Seller ID Tracker,Dauup,Publisher,TBD,Publisher Ads.txt,"dauup.com, 44790, DIRECT, 4daba13e2b0dfd92",dauup.com,44790,DIRECT,4daba13e2b0dfd92,False,True,,,
Dauup Authorization,Publishers Seller ID Tracker,Dauup,Publisher,TBD,Publisher Ads.txt,"dauup.com, 44791, DIRECT, 4daba13e2b0dfd92",dauup.com,44791,DIRECT,4daba13e2b0dfd92,False,True,,,
Dauup Authorization,Publishers Seller ID Tracker,Dauup,Publisher,TBD,Publisher Ads.txt,"dauup.com, 44792, DIRECT, 4daba13e2b0dfd92",dauup.com,44792,DIRECT,4daba13e2b0dfd92,False,True,,,
Dauup Authorization,Publishers Seller ID Tracker,Dauup,Publisher,TBD,Publisher Ads.txt,"dauup.com, 44793, DIRECT, 4daba13e2b0dfd92",dauup.com,44793,DIRECT,4daba13e2b0dfd92,False,True,,,
Dauup Authorization,Publishers Seller ID Tracker,Dauup,Publisher,TBD,Publisher Ads.txt,"dauup.com, 44794, DIRECT, 4daba13e2b0dfd92",dauup.com,44794,DIRECT,4daba13e2b0dfd92,False,True,,,
Dauup Authorization,Publishers Seller ID Tracker,Dauup,Publisher,TBD,Publisher Ads.txt,"dauup.com, 44795, DIRECT, 4daba13e2b0dfd92",dauup.com,44795,DIRECT,4daba13e2b0dfd92,False,True,,,
Dauup Authorization,Publishers Seller ID Tracker,Dauup,Publisher,TBD,Publisher Ads.txt,"dauup.com, 44796, DIRECT, 4daba13e2b0dfd92",dauup.com,44796,DIRECT,4daba13e2b0dfd92,False,True,,,
Dauup Authorization,Publishers Seller ID Tracker,Dauup,Publisher,TBD,Publisher Ads.txt,"dauup.com, 44797, DIRECT, 4daba13e2b0dfd92",dauup.com,44797,DIRECT,4daba13e2b0dfd92,False,True,,,
Dauup Authorization,Publishers Seller ID Tracker,Dauup,Publisher,TBD,Publisher Ads.txt,"dauup.com, 44798, DIRECT, 4daba13e2b0dfd92",dauup.com,44798,DIRECT,4daba13e2b0dfd92,False,True,,,
Dauup Authorization,Publishers Seller ID Tracker,Dauup,Publisher,TBD,Publisher Ads.txt,"dauup.com, 44799, DIRECT, 4daba13e2b0dfd92",dauup.com,44799,DIRECT,4daba13e2b0dfd92,False,True,,,
Dauup Authorization,Publishers Seller ID Tracker,Dauup,Publisher,TBD,Publisher Ads.txt,"dauup.com, 44800, DIRECT, 4daba13e2b0dfd92",dauup.com,44800,DIRECT,4daba13e2b0dfd92,False,True,,,
Dauup Authorization,Publishers Seller ID Tracker,Dauup,Publisher,TBD,Publisher Ads.txt,"dauup.com, 44801, DIRECT, 4daba13e2b0dfd92",dauup.com,44801,DIRECT,4daba13e2b0dfd92,False,True,,,
Dauup Authorization,Publishers Seller ID Tracker,Dauup,Publisher,TBD,Publisher Ads.txt,"dauup.com, 44802, DIRECT, 4daba13e2b0dfd92",dauup.com,44802,DIRECT,4daba13e2b0dfd92,False,True,,,
Dauup Authorization,Publishers Seller ID Tracker,Dauup,Publisher,TBD,Publisher Ads.txt,"dauup.com, 44803, DIRECT, 4daba13e2b0dfd92",dauup.com,44803,DIRECT,4daba13e2b0dfd92,False,True,,,
Dauup Authorization,Publishers Seller ID Tracker,Dauup,Publisher,TBD,Publisher Ads.txt,"dauup.com, 44804, DIRECT, 4daba13e2b0dfd92",dauup.com,44804,DIRECT,4daba13e2b0dfd92,False,True,,,
Dauup Authorization,Publishers Seller ID Tracker,Dauup,Publisher,TBD,Publisher Ads.txt,"dauup.com, 44805, DIRECT, 4daba13e2b0dfd92",dauup.com,44805,DIRECT,4daba13e2b0dfd92,False,True,,,
Dauup Authorization,Publishers Seller ID Tracker,Dauup,Publisher,TBD,Publisher Ads.txt,"dauup.com, 44806, DIRECT, 4daba13e2b0dfd92",dauup.com,44806,DIRECT,4daba13e2b0dfd92,False,True,,,
Dauup Authorization,Publishers Seller ID Tracker,Dauup,Publisher,TBD,Publisher Ads.txt,"dauup.com, 44807, DIRECT, 4daba13e2b0dfd92",dauup.com,44807,DIRECT,4daba13e2b0dfd92,False,True,,,
Dauup Authorization,Publishers Seller ID Tracker,Dauup,Publisher,TBD,Publisher Ads.txt,"dauup.com, 44808, DIRECT, 4daba13e2b0dfd92",dauup.com,44808,DIRECT,4daba13e2b0dfd92,False,True,,,
Dauup Authorization,Publishers Seller ID Tracker,Dauup,Publisher,TBD,Publisher Ads.txt,"dauup.com, 44809, DIRECT, 4daba13e2b0dfd92",dauup.com,44809,DIRECT,4daba13e2b0dfd92,False,True,,,
Dauup Authorization,Publishers Seller ID Tracker,Dauup,Publisher,TBD,Publisher Ads.txt,"dauup.com, 44810, DIRECT, 4daba13e2b0dfd92",dauup.com,44810,DIRECT,4daba13e2b0dfd92,False,True,,,
Dauup Authorization,Publishers Seller ID Tracker,Dauup,Publisher,TBD,Publisher Ads.txt,"dauup.com, 44811, DIRECT, 4daba13e2b0dfd92",dauup.com,44811,DIRECT,4daba13e2b0dfd92,False,True,,,
Dauup Authorization,Publishers Seller ID Tracker,Dauup,Publisher,TBD,Publisher Ads.txt,"dauup.com, 44812, DIRECT, 4daba13e2b0dfd92",dauup.com,44812,DIRECT,4daba13e2b0dfd92,False,True,,,
Dauup Authorization,Publishers Seller ID Tracker,Dauup,Publisher,TBD,Publisher Ads.txt,"dauup.com, 44813, DIRECT, 4daba13e2b0dfd92",dauup.com,44813,DIRECT,4daba13e2b0dfd92,False,True,,,
Dauup Authorization,Publishers Seller ID Tracker,Dauup,Publisher,TBD,Publisher Ads.txt,"dauup.com, 44814, DIRECT, 4daba13e2b0dfd92",dauup.com,44814,DIRECT,4daba13e2b0dfd92,False,True,,,
Dauup Authorization,Publishers Seller ID Tracker,Dauup,Publisher,TBD,Publisher Ads.txt,"dauup.com, 44815, DIRECT, 4daba13e2b0dfd92",dauup.com,44815,DIRECT,4daba13e2b0dfd92,False,True,,,
Dauup Authorization,Publishers Seller ID Tracker,Dauup,Publisher,TBD,Publisher Ads.txt,"dauup.com, 44816, DIRECT, 4daba13e2b0dfd92",dauup.com,44816,DIRECT,4daba13e2b0dfd92,False,True,,,
Dauup Authorization,Publishers Seller ID Tracker,Dauup,Publisher,TBD,Publisher Ads.txt,"dauup.com, 44817, DIRECT, 4daba13e2b0dfd92",dauup.com,44817,DIRECT,4daba13e2b0dfd92,False,True,,,
Dauup Authorization,Publishers Seller ID Tracker,Dauup,Publisher,TBD,Publisher Ads.txt,"dauup.com, 44818, DIRECT, 4daba13e2b0dfd92",dauup.com,44818,DIRECT,4daba13e2b0dfd92,False,True,,,
Dauup Authorization,Publishers Seller ID Tracker,Dauup,Publisher,TBD,Publisher Ads.txt,"dauup.com, 44819, DIRECT, 4daba13e2b0dfd92",dauup.com,44819,DIRECT,4daba13e2b0dfd92,False,True,,,
Dauup Authorization,Publishers Seller ID Tracker,Dauup,Publisher,TBD,Publisher Ads.txt,"dauup.com, 44820, DIRECT, 4daba13e2b0dfd92",dauup.com,44820,DIRECT,4daba13e2b0dfd92,False,True,,,
Dauup Authorization,Publishers Seller ID Tracker,Dauup,Publisher,TBD,Publisher Ads.txt,"dauup.com, 44821, DIRECT, 4daba13e2b0dfd92",dauup.com,44821,DIRECT,4daba13e2b0dfd92,False,True,,,
Dauup Authorization,Publishers Seller ID Tracker,Dauup,Publisher,TBD,Publisher Ads.txt,"dauup.com, 44822, DIRECT, 4daba13e2b0dfd92",dauup.com,44822,DIRECT,4daba13e2b0dfd92,False,True,,,
Dauup Authorization,Publishers Seller ID Tracker,Dauup,Publisher,TBD,Publisher Ads.txt,"dauup.com, 44823, DIRECT, 4daba13e2b0dfd92",dauup.com,44823,DIRECT,4daba13e2b0dfd92,False,True,,,
Dauup Authorization,Publishers Seller ID Tracker,Dauup,Publisher,TBD,Publisher Ads.txt,"dauup.com, 44824, DIRECT, 4daba13e2b0dfd92",dauup.com,44824,DIRECT,4daba13e2b0dfd92,False,True,,,
Dauup Authorization,Publishers Seller ID Tracker,Dauup,Publisher,TBD,Publisher Ads.txt,"dauup.com, 44825, DIRECT, 4daba13e2b0dfd92",dauup.com,44825,DIRECT,4daba13e2b0dfd92,False,True,,,
Dauup Authorization,Publishers Seller ID Tracker,Dauup,Publisher,TBD,Publisher Ads.txt,"dauup.com, 44826, DIRECT, 4daba13e2b0dfd92",dauup.com,44826,DIRECT,4daba13e2b0dfd92,False,True,,,
Dauup Authorization,Publishers Seller ID Tracker,Dauup,Publisher,TBD,Publisher Ads.txt,"dauup.com, 44827, DIRECT, 4daba13e2b0dfd92",dauup.com,44827,DIRECT,4daba13e2b0dfd92,False,True,,,
Dauup Authorization,Publishers Seller ID Tracker,Dauup,Publisher,TBD,Publisher Ads.txt,"dauup.com, 44828, DIRECT, 4daba13e2b0dfd92",dauup.com,44828,DIRECT,4daba13e2b0dfd92,False,True,,,
Dauup Authorization,Publishers Seller ID Tracker,Dauup,Publisher,TBD,Publisher Ads.txt,"dauup.com, 44829, DIRECT, 4daba13e2b0dfd92",dauup.com,44829,DIRECT,4daba13e2b0dfd92,False,True,,,
Dauup Authorization,Publishers Seller ID Tracker,Dauup,Publisher,TBD,Publisher Ads.txt,"dauup.com, 44830, DIRECT, 4daba13e2b0dfd92",dauup.com,44830,DIRECT,4daba13e2b0dfd92,False,True,,,
Dauup Authorization,Publishers Seller ID Tracker,Dauup,Publisher,TBD,Publisher Ads.txt,"dauup.com, 44831, DIRECT, 4daba13e2b0dfd92",dauup.com,44831,DIRECT,4daba13e2b0dfd92,False,True,,,
Dauup Authorization,Publishers Seller ID Tracker,Dauup,Publisher,TBD,Publisher Ads.txt,"dauup.com, 44832, DIRECT, 4daba13e2b0dfd92",dauup.com,44832,DIRECT,4daba13e2b0dfd92,False,True,,,
Dauup Authorization,Publishers Seller ID Tracker,Dauup,Publisher,TBD,Publisher Ads.txt,"dauup.com, 44833, DIRECT, 4daba13e2b0dfd92",dauup.com,44833,DIRECT,4daba13e2b0dfd92,False,True,,,
Dauup Authorization,Publishers Seller ID Tracker,Dauup,Publisher,TBD,Publisher Ads.txt,"dauup.com, 44834, DIRECT, 4daba13e2b0dfd92",dauup.com,44834,DIRECT,4daba13e2b0dfd92,False,True,,,
Dauup Authorization,Publishers Seller ID Tracker,Dauup,Publisher,TBD,Publisher Ads.txt,"dauup.com, 44835, DIRECT, 4daba13e2b0dfd92",dauup.com,44835,DIRECT,4daba13e2b0dfd92,False,True,,,
Dauup Authorization,Publishers Seller ID Tracker,Dauup,Publisher,TBD,Publisher Ads.txt,"dauup.com, 44836, DIRECT, 4daba13e2b0dfd92",dauup.com,44836,DIRECT,4daba13e2b0dfd92,False,True,,,
Dauup Authorization,Publishers Seller ID Tracker,Dauup,Publisher,TBD,Publisher Ads.txt,"dauup.com, 44837, DIRECT, 4daba13e2b0dfd92",dauup.com,44837,DIRECT,4daba13e2b0dfd92,False,True,,,
Dauup Authorization,Publishers Seller ID Tracker,Dauup,Publisher,TBD,Publisher Ads.txt,"dauup.com, 44838, DIRECT, 4daba13e2b0dfd92",dauup.com,44838,DIRECT,4daba13e2b0dfd92,False,True,,,
Dauup Authorization,Publishers Seller ID Tracker,Dauup,Publisher,TBD,Publisher Ads.txt,"dauup.com, 44839, DIRECT, 4daba13e2b0dfd92",dauup.com,44839,DIRECT,4daba13e2b0dfd92,False,True,,,
Dauup Authorization,Publishers Seller ID Tracker,Dauup,Publisher,TBD,Publisher Ads.txt,"dauup.com, 44840, DIRECT, 4daba13e2b0dfd92",dauup.com,44840,DIRECT,4daba13e2b0dfd92,False,True,,,
Dauup Authorization,Publishers Seller ID Tracker,Dauup,Publisher,TBD,Publisher Ads.txt,"dauup.com, 44841, DIRECT, 4daba13e2b0dfd92",dauup.com,44841,DIRECT,4daba13e2b0dfd92,False,True,,,
Dauup Authorization,Publishers Seller ID Tracker,Dauup,Publisher,TBD,Publisher Ads.txt,"dauup.com, 44842, DIRECT, 4daba13e2b0dfd92",dauup.com,44842,DIRECT,4daba13e2b0dfd92,False,True,,,
Dauup Authorization,Publishers Seller ID Tracker,Dauup,Publisher,TBD,Publisher Ads.txt,"dauup.com, 44843, DIRECT, 4daba13e2b0dfd92",dauup.com,44843,DIRECT,4daba13e2b0dfd92,False,True,,,
Dauup Authorization,Publishers Seller ID Tracker,Dauup,Publisher,TBD,Publisher Ads.txt,"dauup.com, 44844, DIRECT, 4daba13e2b0dfd92",dauup.com,44844,DIRECT,4daba13e2b0dfd92,False,True,,,
Dauup Authorization,Publishers Seller ID Tracker,Dauup,Publisher,TBD,Publisher Ads.txt,"dauup.com, 44845, DIRECT, 4daba13e2b0dfd92",dauup.com,44845,DIRECT,4daba13e2b0dfd92,False,True,,,
Dauup Authorization,Publishers Seller ID Tracker,Dauup,Publisher,TBD,Publisher Ads.txt,"dauup.com, 44846, DIRECT, 4daba13e2b0dfd92",dauup.com,44846,DIRECT,4daba13e2b0dfd92,False,True,,,
Dauup Authorization,Publishers Seller ID Tracker,Dauup,Publisher,TBD,Publisher Ads.txt,"dauup.com, 44847, DIRECT, 4daba13e2b0dfd92",dauup.com,44847,DIRECT,4daba13e2b0dfd92,False,True,,,
Dauup Authorization,Publishers Seller ID Tracker,Dauup,Publisher,TBD,Publisher Ads.txt,"dauup.com, 44848, DIRECT, 4daba13e2b0dfd92",dauup.com,44848,DIRECT,4daba13e2b0dfd92,False,True,,,
Dauup Authorization,Publishers Seller ID Tracker,Dauup,Publisher,TBD,Publisher Ads.txt,"dauup.com, 44849, DIRECT, 4daba13e2b0dfd92",dauup.com,44849,DIRECT,4daba13e2b0dfd92,False,True,,,
Dauup Authorization,Publishers Seller ID Tracker,Dauup,Publisher,TBD,Publisher Ads.txt,"dauup.com, 44850, DIRECT, 4daba13e2b0dfd92",dauup.com,44850,DIRECT,4daba13e2b0dfd92,False,True,,,
Dauup Authorization,Publishers Seller ID Tracker,Dauup,Publisher,TBD,Publisher Ads.txt,"dauup.com, 44851, DIRECT, 4daba13e2b0dfd92",dauup.com,44851,DIRECT,4daba13e2b0dfd92,False,True,,,
Dauup Authorization,Publishers Seller ID Tracker,Dauup,Publisher,TBD,Publisher Ads.txt,"dauup.com, 44852, DIRECT, 4daba13e2b0dfd92",dauup.com,44852,DIRECT,4daba13e2b0dfd92,False,True,,,
Dauup Authorization,Publishers Seller ID Tracker,Dauup,Publisher,TBD,Publisher Ads.txt,"dauup.com, 44853, DIRECT, 4daba13e2b0dfd92",dauup.com,44853,DIRECT,4daba13e2b0dfd92,False,True,,,
Dauup Authorization,Publishers Seller ID Tracker,Dauup,Publisher,TBD,Publisher Ads.txt,"dauup.com, 44854, DIRECT, 4daba13e2b0dfd92",dauup.com,44854,DIRECT,4daba13e2b0dfd92,False,True,,,
Dauup Authorization,Publishers Seller ID Tracker,Dauup,Publisher,TBD,Publisher Ads.txt,"dauup.com, 44855, DIRECT, 4daba13e2b0dfd92",dauup.com,44855,DIRECT,4daba13e2b0dfd92,False,True,,,
Dauup Authorization,Publishers Seller ID Tracker,Dauup,Publisher,TBD,Publisher Ads.txt,"dauup.com, 44856, DIRECT, 4daba13e2b0dfd92",dauup.com,44856,DIRECT,4daba13e2b0dfd92,False,True,,,
Dauup Authorization,Publishers Seller ID Tracker,Dauup,Publisher,TBD,Publisher Ads.txt,"dauup.com, 44857, DIRECT, 4daba13e2b0dfd92",dauup.com,44857,DIRECT,4daba13e2b0dfd92,False,True,,,
Dauup Authorization,Publishers Seller ID Tracker,Dauup,Publisher,TBD,Publisher Ads.txt,"dauup.com, 44858, DIRECT, 4daba13e2b0dfd92",dauup.com,44858,DIRECT,4daba13e2b0dfd92,False,True,,,
Dauup Authorization,Publishers Seller ID Tracker,Dauup,Publisher,TBD,Publisher Ads.txt,"dauup.com, 44859, DIRECT, 4daba13e2b0dfd92",dauup.com,44859,DIRECT,4daba13e2b0dfd92,False,True,,,
Dauup Authorization,Publishers Seller ID Tracker,Dauup,Publisher,TBD,Publisher Ads.txt,"dauup.com, 44860, DIRECT, 4daba13e2b0dfd92",dauup.com,44860,DIRECT,4daba13e2b0dfd92,False,True,,,
Dauup Authorization,Publishers Seller ID Tracker,Dauup,Publisher,TBD,Publisher Ads.txt,"dauup.com, 44861, DIRECT, 4daba13e2b0dfd92",dauup.com,44861,DIRECT,4daba13e2b0dfd92,False,True,,,
Dauup Authorization,Publishers Seller ID Tracker,Dauup,Publisher,TBD,Publisher Ads.txt,"dauup.com, 44862, DIRECT, 4daba13e2b0dfd92",dauup.com,44862,DIRECT,4daba13e2b0dfd92,False,True,,,
Dauup Authorization,Publishers Seller ID Tracker,Dauup,Publisher,TBD,Publisher Ads.txt,"dauup.com, 44863, DIRECT, 4daba13e2b0dfd92",dauup.com,44863,DIRECT,4daba13e2b0dfd92,False,True,,,
Dauup Authorization,Publishers Seller ID Tracker,Dauup,Publisher,TBD,Publisher Ads.txt,"dauup.com, 44864, DIRECT, 4daba13e2b0dfd92",dauup.com,44864,DIRECT,4daba13e2b0dfd92,False,True,,,
Dauup Authorization,Publishers Seller ID Tracker,Dauup,Publisher,TBD,Publisher Ads.txt,"dauup.com, 44865, DIRECT, 4daba13e2b0dfd92",dauup.com,44865,DIRECT,4daba13e2b0dfd92,False,True,,,
Dauup Authorization,Publishers Seller ID Tracker,Dauup,Publisher,TBD,Publisher Ads.txt,"dauup.com, 44866, DIRECT, 4daba13e2b0dfd92",dauup.com,44866,DIRECT,4daba13e2b0dfd92,False,True,,,
Dauup Authorization,Publishers Seller ID Tracker,Dauup,Publisher,TBD,Publisher Ads.txt,"dauup.com, 44867, DIRECT, 4daba13e2b0dfd92",dauup.com,44867,DIRECT,4daba13e2b0dfd92,False,True,,,
Dauup Authorization,Publishers Seller ID Tracker,Dauup,Publisher,TBD,Publisher Ads.txt,"dauup.com, 44868, DIRECT, 4daba13e2b0dfd92",dauup.com,44868,DIRECT,4daba13e2b0dfd92,False,True,,,
Dauup Authorization,Publishers Seller ID Tracker,Dauup,Publisher,TBD,Publisher Ads.txt,"dauup.com, 44869, DIRECT, 4daba13e2b0dfd92",dauup.com,44869,DIRECT,4daba13e2b0dfd92,False,True,,,
Dauup Authorization,Publishers Seller ID Tracker,Dauup,Publisher,TBD,Publisher Ads.txt,"dauup.com, 44870, DIRECT, 4daba13e2b0dfd92",dauup.com,44870,DIRECT,4daba13e2b0dfd92,False,True,,,
Dauup Authorization,Publishers Seller ID Tracker,Dauup,Publisher,TBD,Publisher Ads.txt,"dauup.com, 44871, DIRECT, 4daba13e2b0dfd92",dauup.com,44871,DIRECT,4daba13e2b0dfd92,False,True,,,
Dauup Authorization,Publishers Seller ID Tracker,Dauup,Publisher,TBD,Publisher Ads.txt,"dauup.com, 44872, DIRECT, 4daba13e2b0dfd92",dauup.com,44872,DIRECT,4daba13e2b0dfd92,False,True,,,
Dauup Authorization,Publishers Seller ID Tracker,Dauup,Publisher,TBD,Publisher Ads.txt,"dauup.com, 44873, DIRECT, 4daba13e2b0dfd92",dauup.com,44873,DIRECT,4daba13e2b0dfd92,False,True,,,
Dauup Authorization,Publishers Seller ID Tracker,Dauup,Publisher,TBD,Publisher Ads.txt,"dauup.com, 44874, DIRECT, 4daba13e2b0dfd92",dauup.com,44874,DIRECT,4daba13e2b0dfd92,False,True,,,
Dauup Authorization,Publishers Seller ID Tracker,Dauup,Publisher,TBD,Publisher Ads.txt,"dauup.com, 44875, DIRECT, 4daba13e2b0dfd92",dauup.com,44875,DIRECT,4daba13e2b0dfd92,False,True,,,
Dauup Authorization,Publishers Seller ID Tracker,Dauup,Publisher,TBD,Publisher Ads.txt,"dauup.com, 44876, DIRECT, 4daba13e2b0dfd92",dauup.com,44876,DIRECT,4daba13e2b0dfd92,False,True,,,
Dauup Authorization,Publishers Seller ID Tracker,Dauup,Publisher,TBD,Publisher Ads.txt,"dauup.com, 44877, DIRECT, 4daba13e2b0dfd92",dauup.com,44877,DIRECT,4daba13e2b0dfd92,False,True,,,
Dauup Authorization,Publishers Seller ID Tracker,Dauup,Publisher,TBD,Publisher Ads.txt,"dauup.com, 44878, DIRECT, 4daba13e2b0dfd92",dauup.com,44878,DIRECT,4daba13e2b0dfd92,False,True,,,
Dauup Authorization,Publishers Seller ID Tracker,Dauup,Publisher,TBD,Publisher Ads.txt,"dauup.com, 44879, DIRECT, 4daba13e2b0dfd92",dauup.com,44879,DIRECT,4daba13e2b0dfd92,False,True,,,
Dauup Authorization,Publishers Seller ID Tracker,Dauup,Publisher,TBD,Publisher Ads.txt,"dauup.com, 44880, DIRECT, 4daba13e2b0dfd92",dauup.com,44880,DIRECT,4daba13e2b0dfd92,False,True,,,
Dauup Authorization,Publishers Seller ID Tracker,Dauup,Publisher,TBD,Publisher Ads.txt,"dauup.com, 44881, DIRECT, 4daba13e2b0dfd92",dauup.com,44881,DIRECT,4daba13e2b0dfd92,False,True,,,
Dauup Authorization,Publishers Seller ID Tracker,Dauup,Publisher,TBD,Publisher Ads.txt,"dauup.com, 44882, DIRECT, 4daba13e2b0dfd92",dauup.com,44882,DIRECT,4daba13e2b0dfd92,False,True,,,
Dauup Authorization,Publishers Seller ID Tracker,Dauup,Publisher,TBD,Publisher Ads.txt,"dauup.com, 44883, DIRECT, 4daba13e2b0dfd92",dauup.com,44883,DIRECT,4daba13e2b0dfd92,False,True,,,
Dauup Authorization,Publishers Seller ID Tracker,Dauup,Publisher,TBD,Publisher Ads.txt,"dauup.com, 44884, DIRECT, 4daba13e2b0dfd92",dauup.com,44884,DIRECT,4daba13e2b0dfd92,False,True,,,
Dauup Authorization,Publishers Seller ID Tracker,Dauup,Publisher,TBD,Publisher Ads.txt,"dauup.com, 44885, DIRECT, 4daba13e2b0dfd92",dauup.com,44885,DIRECT,4daba13e2b0dfd92,False,True,,,
Dauup Authorization,Publishers Seller ID Tracker,Dauup,Publisher,TBD,Publisher Ads.txt,"dauup.com, 44886, DIRECT, 4daba13e2b0dfd92",dauup.com,44886,DIRECT,4daba13e2b0dfd92,False,True,,,
Dauup Authorization,Publishers Seller ID Tracker,Dauup,Publisher,TBD,Publisher Ads.txt,"dauup.com, 44887, DIRECT, 4daba13e2b0dfd92",dauup.com,44887,DIRECT,4daba13e2b0dfd92,False,True,,,
Dauup Authorization,Publishers Seller ID Tracker,Dauup,Publisher,TBD,Publisher Ads.txt,"dauup.com, 44888, DIRECT, 4daba13e2b0dfd92",dauup.com,44888,DIRECT,4daba13e2b0dfd92,False,True,,,
Dauup Authorization,Publishers Seller ID Tracker,Dauup,Publisher,TBD,Publisher Ads.txt,"dauup.com, 44889, DIRECT, 4daba13e2b0dfd92",dauup.com,44889,DIRECT,4daba13e2b0dfd92,False,True,,,
Dauup Authorization,Publishers Seller ID Tracker,Dauup,Publisher,TBD,Publisher Ads.txt,"dauup.com, 44890, DIRECT, 4daba13e2b0dfd92",dauup.com,44890,DIRECT,4daba13e2b0dfd92,False,True,,,
Dauup Authorization,Publishers Seller ID Tracker,Dauup,Publisher,TBD,Publisher Ads.txt,"dauup.com, 44891, DIRECT, 4daba13e2b0dfd92",dauup.com,44891,DIRECT,4daba13e2b0dfd92,False,True,,,
Dauup Authorization,Publishers Seller ID Tracker,Dauup,Publisher,TBD,Publisher Ads.txt,"dauup.com, 44892, DIRECT, 4daba13e2b0dfd92",dauup.com,44892,DIRECT,4daba13e2b0dfd92,False,True,,,
Dauup Authorization,Publishers Seller ID Tracker,Dauup,Publisher,TBD,Publisher Ads.txt,"dauup.com, 44893, DIRECT, 4daba13e2b0dfd92",dauup.com,44893,DIRECT,4daba13e2b0dfd92,False,True,,,
Dauup Authorization,Publishers Seller ID Tracker,Dauup,Publisher,TBD,Publisher Ads.txt,"dauup.com, 44894, DIRECT, 4daba13e2b0dfd92",dauup.com,44894,DIRECT,4daba13e2b0dfd92,False,True,,,
Dauup Authorization,Publishers Seller ID Tracker,Dauup,Publisher,TBD,Publisher Ads.txt,"dauup.com, 44895, DIRECT, 4daba13e2b0dfd92",dauup.com,44895,DIRECT,4daba13e2b0dfd92,False,True,,,
Dauup Authorization,Publishers Seller ID Tracker,Dauup,Publisher,TBD,Publisher Ads.txt,"dauup.com, 44896, DIRECT, 4daba13e2b0dfd92",dauup.com,44896,DIRECT,4daba13e2b0dfd92,False,True,,,
Dauup Authorization,Publishers Seller ID Tracker,Dauup,Publisher,TBD,Publisher Ads.txt,"dauup.com, 44897, DIRECT, 4daba13e2b0dfd92",dauup.com,44897,DIRECT,4daba13e2b0dfd92,False,True,,,
Dauup Authorization,Publishers Seller ID Tracker,Dauup,Publisher,TBD,Publisher Ads.txt,"dauup.com, 44898, DIRECT, 4daba13e2b0dfd92",dauup.com,44898,DIRECT,4daba13e2b0dfd92,False,True,,,
Dauup Authorization,Publishers Seller ID Tracker,Dauup,Publisher,TBD,Publisher Ads.txt,"dauup.com, 44899, DIRECT, 4daba13e2b0dfd92",dauup.com,44899,DIRECT,4daba13e2b0dfd92,False,True,,,
Dauup Authorization,Publishers Seller ID Tracker,Dauup,Publisher,TBD,Publisher Ads.txt,"dauup.com, 44900, DIRECT, 4daba13e2b0dfd92",dauup.com,44900,DIRECT,4daba13e2b0dfd92,False,True,,,
Dauup Authorization,Publishers Seller ID Tracker,Dauup,Publisher,TBD,Publisher Ads.txt,"dauup.com, 44901, DIRECT, 4daba13e2b0dfd92",dauup.com,44901,DIRECT,4daba13e2b0dfd92,False,True,,,
Dauup Authorization,Publishers Seller ID Tracker,Dauup,Publisher,TBD,Publisher Ads.txt,"dauup.com, 44902, DIRECT, 4daba13e2b0dfd92",dauup.com,44902,DIRECT,4daba13e2b0dfd92,False,True,,,
Dauup Authorization,Publishers Seller ID Tracker,Dauup,Publisher,TBD,Publisher Ads.txt,"dauup.com, 44903, DIRECT, 4daba13e2b0dfd92",dauup.com,44903,DIRECT,4daba13e2b0dfd92,False,True,,,
Dauup Authorization,Publishers Seller ID Tracker,Dauup,Publisher,TBD,Publisher Ads.txt,"dauup.com, 44904, DIRECT, 4daba13e2b0dfd92",dauup.com,44904,DIRECT,4daba13e2b0dfd92,False,True,,,
Dauup Authorization,Publishers Seller ID Tracker,Dauup,Publisher,TBD,Publisher Ads.txt,"dauup.com, 44905, DIRECT, 4daba13e2b0dfd92",dauup.com,44905,DIRECT,4daba13e2b0dfd92,False,True,,,
Dauup Authorization,Publishers Seller ID Tracker,Dauup,Publisher,TBD,Publisher Ads.txt,"dauup.com, 44906, DIRECT, 4daba13e2b0dfd92",dauup.com,44906,DIRECT,4daba13e2b0dfd92,False,True,,,
Dauup Authorization,Publishers Seller ID Tracker,Dauup,Publisher,TBD,Publisher Ads.txt,"dauup.com, 44907, DIRECT, 4daba13e2b0dfd92",dauup.com,44907,DIRECT,4daba13e2b0dfd92,False,True,,,
Dauup Authorization,Publishers Seller ID Tracker,Dauup,Publisher,TBD,Publisher Ads.txt,"dauup.com, 44908, DIRECT, 4daba13e2b0dfd92",dauup.com,44908,DIRECT,4daba13e2b0dfd92,False,True,,,
Dauup Authorization,Publishers Seller ID Tracker,Dauup,Publisher,TBD,Publisher Ads.txt,"dauup.com, 44909, DIRECT, 4daba13e2b0dfd92",dauup.com,44909,DIRECT,4daba13e2b0dfd92,False,True,,,
Dauup Authorization,Publishers Seller ID Tracker,Dauup,Publisher,TBD,Publisher Ads.txt,"dauup.com, 44910, DIRECT, 4daba13e2b0dfd92",dauup.com,44910,DIRECT,4daba13e2b0dfd92,False,True,,,
Dauup Authorization,Publishers Seller ID Tracker,Dauup,Publisher,TBD,Publisher Ads.txt,"dauup.com, 44911, DIRECT, 4daba13e2b0dfd92",dauup.com,44911,DIRECT,4daba13e2b0dfd92,False,True,,,
Dauup Authorization,Publishers Seller ID Tracker,Dauup,Publisher,TBD,Publisher Ads.txt,"dauup.com, 44912, DIRECT, 4daba13e2b0dfd92",dauup.com,44912,DIRECT,4daba13e2b0dfd92,False,True,,,
Dauup Authorization,Publishers Seller ID Tracker,Dauup,Publisher,TBD,Publisher Ads.txt,"dauup.com, 44913, DIRECT, 4daba13e2b0dfd92",dauup.com,44913,DIRECT,4daba13e2b0dfd92,False,True,,,
Dauup Authorization,Publishers Seller ID Tracker,Dauup,Publisher,TBD,Publisher Ads.txt,"dauup.com, 44914, DIRECT, 4daba13e2b0dfd92",dauup.com,44914,DIRECT,4daba13e2b0dfd92,False,True,,,
Dauup Authorization,Publishers Seller ID Tracker,Dauup,Publisher,TBD,Publisher Ads.txt,"dauup.com, 44915, DIRECT, 4daba13e2b0dfd92",dauup.com,44915,DIRECT,4daba13e2b0dfd92,False,True,,,
Dauup Authorization,Publishers Seller ID Tracker,Dauup,Publisher,TBD,Publisher Ads.txt,"dauup.com, 44916, DIRECT, 4daba13e2b0dfd92",dauup.com,44916,DIRECT,4daba13e2b0dfd92,False,True,,,
Dauup Authorization,Publishers Seller ID Tracker,Dauup,Publisher,TBD,Publisher Ads.txt,"dauup.com, 44917, DIRECT, 4daba13e2b0dfd92",dauup.com,44917,DIRECT,4daba13e2b0dfd92,False,True,,,
Dauup Authorization,Publishers Seller ID Tracker,Dauup,Publisher,TBD,Publisher Ads.txt,"dauup.com, 44918, DIRECT, 4daba13e2b0dfd92",dauup.com,44918,DIRECT,4daba13e2b0dfd92,False,True,,,
Dauup Authorization,Publishers Seller ID Tracker,Dauup,Publisher,TBD,Publisher Ads.txt,"dauup.com, 44919, DIRECT, 4daba13e2b0dfd92",dauup.com,44919,DIRECT,4daba13e2b0dfd92,False,True,,,
Dauup Authorization,Publishers Seller ID Tracker,Dauup,Publisher,TBD,Publisher Ads.txt,"dauup.com, 44920, DIRECT, 4daba13e2b0dfd92",dauup.com,44920,DIRECT,4daba13e2b0dfd92,False,True,,,
Dauup Authorization,Publishers Seller ID Tracker,Dauup,Publisher,TBD,Publisher Ads.txt,"dauup.com, 44921, DIRECT, 4daba13e2b0dfd92",dauup.com,44921,DIRECT,4daba13e2b0dfd92,False,True,,,
Dauup Authorization,Publishers Seller ID Tracker,Dauup,Publisher,TBD,Publisher Ads.txt,"dauup.com, 44922, DIRECT, 4daba13e2b0dfd92",dauup.com,44922,DIRECT,4daba13e2b0dfd92,False,True,,,
Dauup Authorization,Publishers Seller ID Tracker,Dauup,Publisher,TBD,Publisher Ads.txt,"dauup.com, 44923, DIRECT, 4daba13e2b0dfd92",dauup.com,44923,DIRECT,4daba13e2b0dfd92,False,True,,,
Dauup Authorization,Publishers Seller ID Tracker,Dauup,Publisher,TBD,Publisher Ads.txt,"dauup.com, 44924, DIRECT, 4daba13e2b0dfd92",dauup.com,44924,DIRECT,4daba13e2b0dfd92,False,True,,,
Dauup Authorization,Publishers Seller ID Tracker,Dauup,Publisher,TBD,Publisher Ads.txt,"dauup.com, 44925, DIRECT, 4daba13e2b0dfd92",dauup.com,44925,DIRECT,4daba13e2b0dfd92,False,True,,,
Dauup Authorization,Publishers Seller ID Tracker,Dauup,Publisher,TBD,Publisher Ads.txt,"dauup.com, 44926, DIRECT, 4daba13e2b0dfd92",dauup.com,44926,DIRECT,4daba13e2b0dfd92,False,True,,,
Dauup Authorization,Publishers Seller ID Tracker,Dauup,Publisher,TBD,Publisher Ads.txt,"dauup.com, 44927, DIRECT, 4daba13e2b0dfd92",dauup.com,44927,DIRECT,4daba13e2b0dfd92,False,True,,,
Dauup Authorization,Publishers Seller ID Tracker,Dauup,Publisher,TBD,Publisher Ads.txt,"dauup.com, 44928, DIRECT, 4daba13e2b0dfd92",dauup.com,44928,DIRECT,4daba13e2b0dfd92,False,True,,,
Dauup Authorization,Publishers Seller ID Tracker,Dauup,Publisher,TBD,Publisher Ads.txt,"dauup.com, 44929, DIRECT, 4daba13e2b0dfd92",dauup.com,44929,DIRECT,4daba13e2b0dfd92,False,True,,,
Dauup Authorization,Publishers Seller ID Tracker,Dauup,Publisher,TBD,Publisher Ads.txt,"dauup.com, 44930, DIRECT, 4daba13e2b0dfd92",dauup.com,44930,DIRECT,4daba13e2b0dfd92,False,True,,,
Dauup Authorization,Publishers Seller ID Tracker,Dauup,Publisher,TBD,Publisher Ads.txt,"dauup.com, 44931, DIRECT, 4daba13e2b0dfd92",dauup.com,44931,DIRECT,4daba13e2b0dfd92,False,True,,,
Dauup Authorization,Publishers Seller ID Tracker,Dauup,Publisher,TBD,Publisher Ads.txt,"dauup.com, 44932, DIRECT, 4daba13e2b0dfd92",dauup.com,44932,DIRECT,4daba13e2b0dfd92,False,True,,,
Dauup Authorization,Publishers Seller ID Tracker,Dauup,Publisher,TBD,Publisher Ads.txt,"dauup.com, 44933, DIRECT, 4daba13e2b0dfd92",dauup.com,44933,DIRECT,4daba13e2b0dfd92,False,True,,,
Dauup Authorization,Publishers Seller ID Tracker,Dauup,Publisher,TBD,Publisher Ads.txt,"dauup.com, 44934, DIRECT, 4daba13e2b0dfd92",dauup.com,44934,DIRECT,4daba13e2b0dfd92,False,True,,,
Dauup Authorization,Publishers Seller ID Tracker,Dauup,Publisher,TBD,Publisher Ads.txt,"dauup.com, 44935, DIRECT, 4daba13e2b0dfd92",dauup.com,44935,DIRECT,4daba13e2b0dfd92,False,True,,,
Dauup Authorization,Publishers Seller ID Tracker,Dauup,Publisher,TBD,Publisher Ads.txt,"dauup.com, 44936, DIRECT, 4daba13e2b0dfd92",dauup.com,44936,DIRECT,4daba13e2b0dfd92,False,True,,,
Dauup Authorization,Publishers Seller ID Tracker,Dauup,Publisher,TBD,Publisher Ads.txt,"dauup.com, 44937, DIRECT, 4daba13e2b0dfd92",dauup.com,44937,DIRECT,4daba13e2b0dfd92,False,True,,,
Dauup Authorization,Publishers Seller ID Tracker,Dauup,Publisher,TBD,Publisher Ads.txt,"dauup.com, 44938, DIRECT, 4daba13e2b0dfd92",dauup.com,44938,DIRECT,4daba13e2b0dfd92,False,True,,,
Dauup Authorization,Publishers Seller ID Tracker,Dauup,Publisher,TBD,Publisher Ads.txt,"dauup.com, 44939, DIRECT, 4daba13e2b0dfd92",dauup.com,44939,DIRECT,4daba13e2b0dfd92,False,True,,,
Dauup Authorization,Publishers Seller ID Tracker,Dauup,Publisher,TBD,Publisher Ads.txt,"dauup.com, 44940, DIRECT, 4daba13e2b0dfd92",dauup.com,44940,DIRECT,4daba13e2b0dfd92,False,True,,,
Dauup Authorization,Publishers Seller ID Tracker,Dauup,Publisher,TBD,Publisher Ads.txt,"dauup.com, 44941, DIRECT, 4daba13e2b0dfd92",dauup.com,44941,DIRECT,4daba13e2b0dfd92,False,True,,,
Dauup Authorization,Publishers Seller ID Tracker,Dauup,Publisher,TBD,Publisher Ads.txt,"dauup.com, 44942, DIRECT, 4daba13e2b0dfd92",dauup.com,44942,DIRECT,4daba13e2b0dfd92,False,True,,,
Dauup Authorization,Publishers Seller ID Tracker,Dauup,Publisher,TBD,Publisher Ads.txt,"dauup.com, 44943, DIRECT, 4daba13e2b0dfd92",dauup.com,44943,DIRECT,4daba13e2b0dfd92,False,True,,,
Dauup Authorization,Publishers Seller ID Tracker,Dauup,Publisher,TBD,Publisher Ads.txt,"dauup.com, 44944, DIRECT, 4daba13e2b0dfd92",dauup.com,44944,DIRECT,4daba13e2b0dfd92,False,True,,,
Dauup Authorization,Publishers Seller ID Tracker,Dauup,Publisher,TBD,Publisher Ads.txt,"dauup.com, 44945, DIRECT, 4daba13e2b0dfd92",dauup.com,44945,DIRECT,4daba13e2b0dfd92,False,True,,,
Dauup Authorization,Publishers Seller ID Tracker,Dauup,Publisher,TBD,Publisher Ads.txt,"dauup.com, 44946, DIRECT, 4daba13e2b0dfd92",dauup.com,44946,DIRECT,4daba13e2b0dfd92,False,True,,,
Dauup Authorization,Publishers Seller ID Tracker,Dauup,Publisher,TBD,Publisher Ads.txt,"dauup.com, 44947, DIRECT, 4daba13e2b0dfd92",dauup.com,44947,DIRECT,4daba13e2b0dfd92,False,True,,,
Dauup Authorization,Publishers Seller ID Tracker,Dauup,Publisher,TBD,Publisher Ads.txt,"dauup.com, 44948, DIRECT, 4daba13e2b0dfd92",dauup.com,44948,DIRECT,4daba13e2b0dfd92,False,True,,,
Dauup Authorization,Publishers Seller ID Tracker,Dauup,Publisher,TBD,Publisher Ads.txt,"dauup.com, 44949, DIRECT, 4daba13e2b0dfd92",dauup.com,44949,DIRECT,4daba13e2b0dfd92,False,True,,,
Dauup Authorization,Publishers Seller ID Tracker,Dauup,Publisher,TBD,Publisher Ads.txt,"dauup.com, 44950, DIRECT, 4daba13e2b0dfd92",dauup.com,44950,DIRECT,4daba13e2b0dfd92,False,True,,,
Dauup Authorization,Publishers Seller ID Tracker,Dauup,Publisher,TBD,Publisher Ads.txt,"dauup.com, 44951, DIRECT, 4daba13e2b0dfd92",dauup.com,44951,DIRECT,4daba13e2b0dfd92,False,True,,,
Dauup Authorization,Publishers Seller ID Tracker,Dauup,Publisher,TBD,Publisher Ads.txt,"dauup.com, 44952, DIRECT, 4daba13e2b0dfd92",dauup.com,44952,DIRECT,4daba13e2b0dfd92,False,True,,,
Dauup Authorization,Publishers Seller ID Tracker,Dauup,Publisher,TBD,Publisher Ads.txt,"dauup.com, 44953, DIRECT, 4daba13e2b0dfd92",dauup.com,44953,DIRECT,4daba13e2b0dfd92,False,True,,,
Dauup Authorization,Publishers Seller ID Tracker,Dauup,Publisher,TBD,Publisher Ads.txt,"dauup.com, 44954, DIRECT, 4daba13e2b0dfd92",dauup.com,44954,DIRECT,4daba13e2b0dfd92,False,True,,,
Dauup Authorization,Publishers Seller ID Tracker,Dauup,Publisher,TBD,Publisher Ads.txt,"dauup.com, 44955, DIRECT, 4daba13e2b0dfd92",dauup.com,44955,DIRECT,4daba13e2b0dfd92,False,True,,,
Dauup Authorization,Publishers Seller ID Tracker,Dauup,Publisher,TBD,Publisher Ads.txt,"dauup.com, 44956, DIRECT, 4daba13e2b0dfd92",dauup.com,44956,DIRECT,4daba13e2b0dfd92,False,True,,,
Dauup Authorization,Publishers Seller ID Tracker,Dauup,Publisher,TBD,Publisher Ads.txt,"dauup.com, 44957, DIRECT, 4daba13e2b0dfd92",dauup.com,44957,DIRECT,4daba13e2b0dfd92,False,True,,,
Dauup Authorization,Publishers Seller ID Tracker,Dauup,Publisher,TBD,Publisher Ads.txt,"dauup.com, 44958, DIRECT, 4daba13e2b0dfd92",dauup.com,44958,DIRECT,4daba13e2b0dfd92,False,True,,,
Dauup Authorization,Publishers Seller ID Tracker,Dauup,Publisher,TBD,Publisher Ads.txt,"dauup.com, 44959, DIRECT, 4daba13e2b0dfd92",dauup.com,44959,DIRECT,4daba13e2b0dfd92,False,True,,,
Dauup Authorization,Publishers Seller ID Tracker,Dauup,Publisher,TBD,Publisher Ads.txt,"dauup.com, 44960, DIRECT, 4daba13e2b0dfd92",dauup.com,44960,DIRECT,4daba13e2b0dfd92,False,True,,,
Dauup Authorization,Publishers Seller ID Tracker,Dauup,Publisher,TBD,Publisher Ads.txt,"dauup.com, 44961, DIRECT, 4daba13e2b0dfd92",dauup.com,44961,DIRECT,4daba13e2b0dfd92,False,True,,,
Dauup Authorization,Publishers Seller ID Tracker,Dauup,Publisher,TBD,Publisher Ads.txt,"dauup.com, 44962, DIRECT, 4daba13e2b0dfd92",dauup.com,44962,DIRECT,4daba13e2b0dfd92,False,True,,,
Dauup Authorization,Publishers Seller ID Tracker,Dauup,Publisher,TBD,Publisher Ads.txt,"dauup.com, 44963, DIRECT, 4daba13e2b0dfd92",dauup.com,44963,DIRECT,4daba13e2b0dfd92,False,True,,,
Dauup Authorization,Publishers Seller ID Tracker,Dauup,Publisher,TBD,Publisher Ads.txt,"dauup.com, 44964, DIRECT, 4daba13e2b0dfd92",dauup.com,44964,DIRECT,4daba13e2b0dfd92,False,True,,,
Dauup Authorization,Publishers Seller ID Tracker,Dauup,Publisher,TBD,Publisher Ads.txt,"dauup.com, 44965, DIRECT, 4daba13e2b0dfd92",dauup.com,44965,DIRECT,4daba13e2b0dfd92,False,True,,,
Dauup Authorization,Publishers Seller ID Tracker,Dauup,Publisher,TBD,Publisher Ads.txt,"dauup.com, 44966, DIRECT, 4daba13e2b0dfd92",dauup.com,44966,DIRECT,4daba13e2b0dfd92,False,True,,,
Dauup Authorization,Publishers Seller ID Tracker,Dauup,Publisher,TBD,Publisher Ads.txt,"dauup.com, 44967, DIRECT, 4daba13e2b0dfd92",dauup.com,44967,DIRECT,4daba13e2b0dfd92,False,True,,,
Dauup Authorization,Publishers Seller ID Tracker,Dauup,Publisher,TBD,Publisher Ads.txt,"dauup.com, 44968, DIRECT, 4daba13e2b0dfd92",dauup.com,44968,DIRECT,4daba13e2b0dfd92,False,True,,,
Dauup Authorization,Publishers Seller ID Tracker,Dauup,Publisher,TBD,Publisher Ads.txt,"dauup.com, 44969, DIRECT, 4daba13e2b0dfd92",dauup.com,44969,DIRECT,4daba13e2b0dfd92,False,True,,,
Dauup Authorization,Publishers Seller ID Tracker,Dauup,Publisher,TBD,Publisher Ads.txt,"dauup.com, 44970, DIRECT, 4daba13e2b0dfd92",dauup.com,44970,DIRECT,4daba13e2b0dfd92,False,True,,,
Dauup Authorization,Publishers Seller ID Tracker,Dauup,Publisher,TBD,Publisher Ads.txt,"dauup.com, 44971, DIRECT, 4daba13e2b0dfd92",dauup.com,44971,DIRECT,4daba13e2b0dfd92,False,True,,,
Dauup Authorization,Publishers Seller ID Tracker,Dauup,Publisher,TBD,Publisher Ads.txt,"dauup.com, 44972, DIRECT, 4daba13e2b0dfd92",dauup.com,44972,DIRECT,4daba13e2b0dfd92,False,True,,,
Dauup Authorization,Publishers Seller ID Tracker,Dauup,Publisher,TBD,Publisher Ads.txt,"dauup.com, 44973, DIRECT, 4daba13e2b0dfd92",dauup.com,44973,DIRECT,4daba13e2b0dfd92,False,True,,,
Dauup Authorization,Publishers Seller ID Tracker,Dauup,Publisher,TBD,Publisher Ads.txt,"dauup.com, 44974, DIRECT, 4daba13e2b0dfd92",dauup.com,44974,DIRECT,4daba13e2b0dfd92,False,True,,,
Dauup Authorization,Publishers Seller ID Tracker,Dauup,Publisher,TBD,Publisher Ads.txt,"dauup.com, 44975, DIRECT, 4daba13e2b0dfd92",dauup.com,44975,DIRECT,4daba13e2b0dfd92,False,True,,,
Dauup Authorization,Publishers Seller ID Tracker,Dauup,Publisher,TBD,Publisher Ads.txt,"dauup.com, 44976, DIRECT, 4daba13e2b0dfd92",dauup.com,44976,DIRECT,4daba13e2b0dfd92,False,True,,,
Dauup Authorization,Publishers Seller ID Tracker,Dauup,Publisher,TBD,Publisher Ads.txt,"dauup.com, 44977, DIRECT, 4daba13e2b0dfd92",dauup.com,44977,DIRECT,4daba13e2b0dfd92,False,True,,,
Dauup Authorization,Publishers Seller ID Tracker,Dauup,Publisher,TBD,Publisher Ads.txt,"dauup.com, 44978, DIRECT, 4daba13e2b0dfd92",dauup.com,44978,DIRECT,4daba13e2b0dfd92,False,True,,,
Dauup Authorization,Publishers Seller ID Tracker,Dauup,Publisher,TBD,Publisher Ads.txt,"dauup.com, 44979, DIRECT, 4daba13e2b0dfd92",dauup.com,44979,DIRECT,4daba13e2b0dfd92,False,True,,,
Dauup Authorization,Publishers Seller ID Tracker,Dauup,Publisher,TBD,Publisher Ads.txt,"dauup.com, 44980, DIRECT, 4daba13e2b0dfd92",dauup.com,44980,DIRECT,4daba13e2b0dfd92,False,True,,,
Dauup Authorization,Publishers Seller ID Tracker,Dauup,Publisher,TBD,Publisher Ads.txt,"dauup.com, 44981, DIRECT, 4daba13e2b0dfd92",dauup.com,44981,DIRECT,4daba13e2b0dfd92,False,True,,,
Dauup Authorization,Publishers Seller ID Tracker,Dauup,Publisher,TBD,Publisher Ads.txt,"dauup.com, 44982, DIRECT, 4daba13e2b0dfd92",dauup.com,44982,DIRECT,4daba13e2b0dfd92,False,True,,,
Dauup Authorization,Publishers Seller ID Tracker,Dauup,Publisher,TBD,Publisher Ads.txt,"dauup.com, 44983, DIRECT, 4daba13e2b0dfd92",dauup.com,44983,DIRECT,4daba13e2b0dfd92,False,True,,,
Dauup Authorization,Publishers Seller ID Tracker,Dauup,Publisher,TBD,Publisher Ads.txt,"dauup.com, 44984, DIRECT, 4daba13e2b0dfd92",dauup.com,44984,DIRECT,4daba13e2b0dfd92,False,True,,,
Dauup Authorization,Publishers Seller ID Tracker,Dauup,Publisher,TBD,Publisher Ads.txt,"dauup.com, 44985, DIRECT, 4daba13e2b0dfd92",dauup.com,44985,DIRECT,4daba13e2b0dfd92,False,True,,,
Dauup Authorization,Publishers Seller ID Tracker,Dauup,Publisher,TBD,Publisher Ads.txt,"dauup.com, 44986, DIRECT, 4daba13e2b0dfd92",dauup.com,44986,DIRECT,4daba13e2b0dfd92,False,True,,,
Dauup Authorization,Publishers Seller ID Tracker,Dauup,Publisher,TBD,Publisher Ads.txt,"dauup.com, 44987, DIRECT, 4daba13e2b0dfd92",dauup.com,44987,DIRECT,4daba13e2b0dfd92,False,True,,,
Dauup Authorization,Publishers Seller ID Tracker,Dauup,Publisher,TBD,Publisher Ads.txt,"dauup.com, 44988, DIRECT, 4daba13e2b0dfd92",dauup.com,44988,DIRECT,4daba13e2b0dfd92,False,True,,,
Dauup Authorization,Publishers Seller ID Tracker,Dauup,Publisher,TBD,Publisher Ads.txt,"dauup.com, 44989, DIRECT, 4daba13e2b0dfd92",dauup.com,44989,DIRECT,4daba13e2b0dfd92,False,True,,,
Dauup Authorization,Publishers Seller ID Tracker,Dauup,Publisher,TBD,Publisher Ads.txt,"dauup.com, 44990, DIRECT, 4daba13e2b0dfd92",dauup.com,44990,DIRECT,4daba13e2b0dfd92,False,True,,,
Dauup Authorization,Publishers Seller ID Tracker,Dauup,Publisher,TBD,Publisher Ads.txt,"dauup.com, 44991, DIRECT, 4daba13e2b0dfd92",dauup.com,44991,DIRECT,4daba13e2b0dfd92,False,True,,,
Dauup Authorization,Publishers Seller ID Tracker,Dauup,Publisher,TBD,Publisher Ads.txt,"dauup.com, 44992, DIRECT, 4daba13e2b0dfd92",dauup.com,44992,DIRECT,4daba13e2b0dfd92,False,True,,,
Dauup Authorization,Publishers Seller ID Tracker,Dauup,Publisher,TBD,Publisher Ads.txt,"dauup.com, 44993, DIRECT, 4daba13e2b0dfd92",dauup.com,44993,DIRECT,4daba13e2b0dfd92,False,True,,,
Dauup Authorization,Publishers Seller ID Tracker,Dauup,Publisher,TBD,Publisher Ads.txt,"dauup.com, 44994, DIRECT, 4daba13e2b0dfd92",dauup.com,44994,DIRECT,4daba13e2b0dfd92,False,True,,,
Dauup Authorization,Publishers Seller ID Tracker,Dauup,Publisher,TBD,Publisher Ads.txt,"dauup.com, 44995, DIRECT, 4daba13e2b0dfd92",dauup.com,44995,DIRECT,4daba13e2b0dfd92,False,True,,,
Dauup Authorization,Publishers Seller ID Tracker,Dauup,Publisher,TBD,Publisher Ads.txt,"dauup.com, 44996, DIRECT, 4daba13e2b0dfd92",dauup.com,44996,DIRECT,4daba13e2b0dfd92,False,True,,,
Dauup Authorization,Publishers Seller ID Tracker,Dauup,Publisher,TBD,Publisher Ads.txt,"dauup.com, 44997, DIRECT, 4daba13e2b0dfd92",dauup.com,44997,DIRECT,4daba13e2b0dfd92,False,True,,,
Dauup Authorization,Publishers Seller ID Tracker,Dauup,Publisher,TBD,Publisher Ads.txt,"dauup.com, 44998, DIRECT, 4daba13e2b0dfd92",dauup.com,44998,DIRECT,4daba13e2b0dfd92,False,True,,,
Dauup Authorization,Publishers Seller ID Tracker,Dauup,Publisher,TBD,Publisher Ads.txt,"dauup.com, 44999, DIRECT, 4daba13e2b0dfd92",dauup.com,44999,DIRECT,4daba13e2b0dfd92,False,True,,,
Dauup Authorization,Publishers Seller ID Tracker,Dauup,Publisher,TBD,Publisher Ads.txt,"dauup.com, 45000, DIRECT, 4daba13e2b0dfd92",dauup.com,45000,DIRECT,4daba13e2b0dfd92,False,True,,,
Dauup Authorization,Publishers Seller ID Tracker,Dauup,Publisher,TBD,Publisher Ads.txt,"dauup.com, 45001, DIRECT, 4daba13e2b0dfd92",dauup.com,45001,DIRECT,4daba13e2b0dfd92,False,True,,,
Dauup Authorization,Publishers Seller ID Tracker,Dauup,Publisher,TBD,Publisher Ads.txt,"dauup.com, 45002, DIRECT, 4daba13e2b0dfd92",dauup.com,45002,DIRECT,4daba13e2b0dfd92,False,True,,,
Dauup Authorization,Publishers Seller ID Tracker,Dauup,Publisher,TBD,Publisher Ads.txt,"dauup.com, 45003, DIRECT, 4daba13e2b0dfd92",dauup.com,45003,DIRECT,4daba13e2b0dfd92,False,True,,,
Dauup Authorization,Publishers Seller ID Tracker,Dauup,Publisher,TBD,Publisher Ads.txt,"dauup.com, 45004, DIRECT, 4daba13e2b0dfd92",dauup.com,45004,DIRECT,4daba13e2b0dfd92,False,True,,,
Dauup Authorization,Publishers Seller ID Tracker,Dauup,Publisher,TBD,Publisher Ads.txt,"dauup.com, 45005, DIRECT, 4daba13e2b0dfd92",dauup.com,45005,DIRECT,4daba13e2b0dfd92,False,True,,,
Dauup Authorization,Publishers Seller ID Tracker,Dauup,Publisher,TBD,Publisher Ads.txt,"dauup.com, 45006, DIRECT, 4daba13e2b0dfd92",dauup.com,45006,DIRECT,4daba13e2b0dfd92,False,True,,,
Dauup Authorization,Publishers Seller ID Tracker,Dauup,Publisher,TBD,Publisher Ads.txt,"dauup.com, 45007, DIRECT, 4daba13e2b0dfd92",dauup.com,45007,DIRECT,4daba13e2b0dfd92,False,True,,,
Dauup Authorization,Publishers Seller ID Tracker,Dauup,Publisher,TBD,Publisher Ads.txt,"dauup.com, 45008, DIRECT, 4daba13e2b0dfd92",dauup.com,45008,DIRECT,4daba13e2b0dfd92,False,True,,,
Dauup Authorization,Publishers Seller ID Tracker,Dauup,Publisher,TBD,Publisher Ads.txt,"dauup.com, 45009, DIRECT, 4daba13e2b0dfd92",dauup.com,45009,DIRECT,4daba13e2b0dfd92,False,True,,,
Dauup Authorization,Publishers Seller ID Tracker,Dauup,Publisher,TBD,Publisher Ads.txt,"dauup.com, 45010, DIRECT, 4daba13e2b0dfd92",dauup.com,45010,DIRECT,4daba13e2b0dfd92,False,True,,,
Dauup Authorization,Publishers Seller ID Tracker,Dauup,Publisher,TBD,Publisher Ads.txt,"dauup.com, 45011, DIRECT, 4daba13e2b0dfd92",dauup.com,45011,DIRECT,4daba13e2b0dfd92,False,True,,,
Dauup Authorization,Publishers Seller ID Tracker,Dauup,Publisher,TBD,Publisher Ads.txt,"dauup.com, 45012, DIRECT, 4daba13e2b0dfd92",dauup.com,45012,DIRECT,4daba13e2b0dfd92,False,True,,,
Dauup Authorization,Publishers Seller ID Tracker,Dauup,Publisher,TBD,Publisher Ads.txt,"dauup.com, 45013, DIRECT, 4daba13e2b0dfd92",dauup.com,45013,DIRECT,4daba13e2b0dfd92,False,True,,,
Dauup Authorization,Publishers Seller ID Tracker,Dauup,Publisher,TBD,Publisher Ads.txt,"dauup.com, 45014, DIRECT, 4daba13e2b0dfd92",dauup.com,45014,DIRECT,4daba13e2b0dfd92,False,True,,,
Dauup Authorization,Publishers Seller ID Tracker,Dauup,Publisher,TBD,Publisher Ads.txt,"dauup.com, 45015, DIRECT, 4daba13e2b0dfd92",dauup.com,45015,DIRECT,4daba13e2b0dfd92,False,True,,,
Dauup Authorization,Publishers Seller ID Tracker,Dauup,Publisher,TBD,Publisher Ads.txt,"dauup.com, 45016, DIRECT, 4daba13e2b0dfd92",dauup.com,45016,DIRECT,4daba13e2b0dfd92,False,True,,,
Dauup Authorization,Publishers Seller ID Tracker,Dauup,Publisher,TBD,Publisher Ads.txt,"dauup.com, 45017, DIRECT, 4daba13e2b0dfd92",dauup.com,45017,DIRECT,4daba13e2b0dfd92,False,True,,,
Dauup Authorization,Publishers Seller ID Tracker,Dauup,Publisher,TBD,Publisher Ads.txt,"dauup.com, 45018, DIRECT, 4daba13e2b0dfd92",dauup.com,45018,DIRECT,4daba13e2b0dfd92,False,True,,,
Dauup Authorization,Publishers Seller ID Tracker,Dauup,Publisher,TBD,Publisher Ads.txt,"dauup.com, 45019, DIRECT, 4daba13e2b0dfd92",dauup.com,45019,DIRECT,4daba13e2b0dfd92,False,True,,,
Dauup Authorization,Publishers Seller ID Tracker,Dauup,Publisher,TBD,Publisher Ads.txt,"dauup.com, 45020, DIRECT, 4daba13e2b0dfd92",dauup.com,45020,DIRECT,4daba13e2b0dfd92,False,True,,,
Dauup Authorization,Publishers Seller ID Tracker,Dauup,Publisher,TBD,Publisher Ads.txt,"dauup.com, 45021, DIRECT, 4daba13e2b0dfd92",dauup.com,45021,DIRECT,4daba13e2b0dfd92,False,True,,,
Dauup Authorization,Publishers Seller ID Tracker,Dauup,Publisher,TBD,Publisher Ads.txt,"dauup.com, 45022, DIRECT, 4daba13e2b0dfd92",dauup.com,45022,DIRECT,4daba13e2b0dfd92,False,True,,,
Dauup Authorization,Publishers Seller ID Tracker,Dauup,Publisher,TBD,Publisher Ads.txt,"dauup.com, 45023, DIRECT, 4daba13e2b0dfd92",dauup.com,45023,DIRECT,4daba13e2b0dfd92,False,True,,,
Dauup Authorization,Publishers Seller ID Tracker,Dauup,Publisher,TBD,Publisher Ads.txt,"dauup.com, 45024, DIRECT, 4daba13e2b0dfd92",dauup.com,45024,DIRECT,4daba13e2b0dfd92,False,True,,,
Dauup Authorization,Publishers Seller ID Tracker,Dauup,Publisher,TBD,Publisher Ads.txt,"dauup.com, 45025, DIRECT, 4daba13e2b0dfd92",dauup.com,45025,DIRECT,4daba13e2b0dfd92,False,True,,,
Dauup Authorization,Publishers Seller ID Tracker,Dauup,Publisher,TBD,Publisher Ads.txt,"dauup.com, 45026, DIRECT, 4daba13e2b0dfd92",dauup.com,45026,DIRECT,4daba13e2b0dfd92,False,True,,,
Dauup Authorization,Publishers Seller ID Tracker,Dauup,Publisher,TBD,Publisher Ads.txt,"dauup.com, 45027, DIRECT, 4daba13e2b0dfd92",dauup.com,45027,DIRECT,4daba13e2b0dfd92,False,True,,,
Dauup Authorization,Publishers Seller ID Tracker,Dauup,Publisher,TBD,Publisher Ads.txt,"dauup.com, 45028, DIRECT, 4daba13e2b0dfd92",dauup.com,45028,DIRECT,4daba13e2b0dfd92,False,True,,,
Dauup Authorization,Publishers Seller ID Tracker,Dauup,Publisher,TBD,Publisher Ads.txt,"dauup.com, 45029, DIRECT, 4daba13e2b0dfd92",dauup.com,45029,DIRECT,4daba13e2b0dfd92,False,True,,,
Dauup Authorization,Publishers Seller ID Tracker,Dauup,Publisher,TBD,Publisher Ads.txt,"dauup.com, 45030, DIRECT, 4daba13e2b0dfd92",dauup.com,45030,DIRECT,4daba13e2b0dfd92,False,True,,,
Dauup Authorization,Publishers Seller ID Tracker,Dauup,Publisher,TBD,Publisher Ads.txt,"dauup.com, 45031, DIRECT, 4daba13e2b0dfd92",dauup.com,45031,DIRECT,4daba13e2b0dfd92,False,True,,,
Dauup Authorization,Publishers Seller ID Tracker,Dauup,Publisher,TBD,Publisher Ads.txt,"dauup.com, 45032, DIRECT, 4daba13e2b0dfd92",dauup.com,45032,DIRECT,4daba13e2b0dfd92,False,True,,,
Dauup Authorization,Publishers Seller ID Tracker,Dauup,Publisher,TBD,Publisher Ads.txt,"dauup.com, 45033, DIRECT, 4daba13e2b0dfd92",dauup.com,45033,DIRECT,4daba13e2b0dfd92,False,True,,,
Dauup Authorization,Publishers Seller ID Tracker,Dauup,Publisher,TBD,Publisher Ads.txt,"dauup.com, 45034, DIRECT, 4daba13e2b0dfd92",dauup.com,45034,DIRECT,4daba13e2b0dfd92,False,True,,,
Dauup Authorization,Publishers Seller ID Tracker,Dauup,Publisher,TBD,Publisher Ads.txt,"dauup.com, 45035, DIRECT, 4daba13e2b0dfd92",dauup.com,45035,DIRECT,4daba13e2b0dfd92,False,True,,,
Dauup Authorization,Publishers Seller ID Tracker,Dauup,Publisher,TBD,Publisher Ads.txt,"dauup.com, 45036, DIRECT, 4daba13e2b0dfd92",dauup.com,45036,DIRECT,4daba13e2b0dfd92,False,True,,,
Dauup Authorization,Publishers Seller ID Tracker,Dauup,Publisher,TBD,Publisher Ads.txt,"dauup.com, 45037, DIRECT, 4daba13e2b0dfd92",dauup.com,45037,DIRECT,4daba13e2b0dfd92,False,True,,,
Dauup Authorization,Publishers Seller ID Tracker,Dauup,Publisher,TBD,Publisher Ads.txt,"dauup.com, 45038, DIRECT, 4daba13e2b0dfd92",dauup.com,45038,DIRECT,4daba13e2b0dfd92,False,True,,,
Dauup Authorization,Publishers Seller ID Tracker,Dauup,Publisher,TBD,Publisher Ads.txt,"dauup.com, 45039, DIRECT, 4daba13e2b0dfd92",dauup.com,45039,DIRECT,4daba13e2b0dfd92,False,True,,,
Dauup Authorization,Publishers Seller ID Tracker,Dauup,Publisher,TBD,Publisher Ads.txt,"dauup.com, 45040, DIRECT, 4daba13e2b0dfd92",dauup.com,45040,DIRECT,4daba13e2b0dfd92,False,True,,,
Dauup Authorization,Publishers Seller ID Tracker,Dauup,Publisher,TBD,Publisher Ads.txt,"dauup.com, 45041, DIRECT, 4daba13e2b0dfd92",dauup.com,45041,DIRECT,4daba13e2b0dfd92,False,True,,,
Dauup Authorization,Publishers Seller ID Tracker,Dauup,Publisher,TBD,Publisher Ads.txt,"dauup.com, 45042, DIRECT, 4daba13e2b0dfd92",dauup.com,45042,DIRECT,4daba13e2b0dfd92,False,True,,,
Dauup Authorization,Publishers Seller ID Tracker,Dauup,Publisher,TBD,Publisher Ads.txt,"dauup.com, 45043, DIRECT, 4daba13e2b0dfd92",dauup.com,45043,DIRECT,4daba13e2b0dfd92,False,True,,,
Dauup Authorization,Publishers Seller ID Tracker,Dauup,Publisher,TBD,Publisher Ads.txt,"dauup.com, 45044, DIRECT, 4daba13e2b0dfd92",dauup.com,45044,DIRECT,4daba13e2b0dfd92,False,True,,,
Dauup Authorization,Publishers Seller ID Tracker,Dauup,Publisher,TBD,Publisher Ads.txt,"dauup.com, 45045, DIRECT, 4daba13e2b0dfd92",dauup.com,45045,DIRECT,4daba13e2b0dfd92,False,True,,,
Dauup Authorization,Publishers Seller ID Tracker,Dauup,Publisher,TBD,Publisher Ads.txt,"dauup.com, 45046, DIRECT, 4daba13e2b0dfd92",dauup.com,45046,DIRECT,4daba13e2b0dfd92,False,True,,,
Dauup Authorization,Publishers Seller ID Tracker,Dauup,Publisher,TBD,Publisher Ads.txt,"dauup.com, 45047, DIRECT, 4daba13e2b0dfd92",dauup.com,45047,DIRECT,4daba13e2b0dfd92,False,True,,,
Dauup Authorization,Publishers Seller ID Tracker,Dauup,Publisher,TBD,Publisher Ads.txt,"dauup.com, 45048, DIRECT, 4daba13e2b0dfd92",dauup.com,45048,DIRECT,4daba13e2b0dfd92,False,True,,,
Dauup Authorization,Publishers Seller ID Tracker,Dauup,Publisher,TBD,Publisher Ads.txt,"dauup.com, 45049, DIRECT, 4daba13e2b0dfd92",dauup.com,45049,DIRECT,4daba13e2b0dfd92,False,True,,,
Dauup Authorization,Publishers Seller ID Tracker,Dauup,Publisher,TBD,Publisher Ads.txt,"dauup.com, 45050, DIRECT, 4daba13e2b0dfd92",dauup.com,45050,DIRECT,4daba13e2b0dfd92,False,True,,,
Dauup Authorization,Publishers Seller ID Tracker,Dauup,Publisher,TBD,Publisher Ads.txt,"dauup.com, 45051, DIRECT, 4daba13e2b0dfd92",dauup.com,45051,DIRECT,4daba13e2b0dfd92,False,True,,,
Dauup Authorization,Publishers Seller ID Tracker,Dauup,Publisher,TBD,Publisher Ads.txt,"dauup.com, 45052, DIRECT, 4daba13e2b0dfd92",dauup.com,45052,DIRECT,4daba13e2b0dfd92,False,True,,,
Dauup Authorization,Publishers Seller ID Tracker,Dauup,Publisher,TBD,Publisher Ads.txt,"dauup.com, 45053, DIRECT, 4daba13e2b0dfd92",dauup.com,45053,DIRECT,4daba13e2b0dfd92,False,True,,,
Dauup Authorization,Publishers Seller ID Tracker,Dauup,Publisher,TBD,Publisher Ads.txt,"dauup.com, 45054, DIRECT, 4daba13e2b0dfd92",dauup.com,45054,DIRECT,4daba13e2b0dfd92,False,True,,,
Dauup Authorization,Publishers Seller ID Tracker,Dauup,Publisher,TBD,Publisher Ads.txt,"dauup.com, 45055, DIRECT, 4daba13e2b0dfd92",dauup.com,45055,DIRECT,4daba13e2b0dfd92,False,True,,,
Dauup Authorization,Publishers Seller ID Tracker,Dauup,Publisher,TBD,Publisher Ads.txt,"dauup.com, 45056, DIRECT, 4daba13e2b0dfd92",dauup.com,45056,DIRECT,4daba13e2b0dfd92,False,True,,,
Dauup Authorization,Publishers Seller ID Tracker,Dauup,Publisher,TBD,Publisher Ads.txt,"dauup.com, 45057, DIRECT, 4daba13e2b0dfd92",dauup.com,45057,DIRECT,4daba13e2b0dfd92,False,True,,,
Dauup Authorization,Publishers Seller ID Tracker,Dauup,Publisher,TBD,Publisher Ads.txt,"dauup.com, 45058, DIRECT, 4daba13e2b0dfd92",dauup.com,45058,DIRECT,4daba13e2b0dfd92,False,True,,,
Dauup Authorization,Publishers Seller ID Tracker,Dauup,Publisher,TBD,Publisher Ads.txt,"dauup.com, 45059, DIRECT, 4daba13e2b0dfd92",dauup.com,45059,DIRECT,4daba13e2b0dfd92,False,True,,,
Dauup Authorization,Publishers Seller ID Tracker,Dauup,Publisher,TBD,Publisher Ads.txt,"dauup.com, 45060, DIRECT, 4daba13e2b0dfd92",dauup.com,45060,DIRECT,4daba13e2b0dfd92,False,True,,,
Dauup Authorization,Publishers Seller ID Tracker,Dauup,Publisher,TBD,Publisher Ads.txt,"dauup.com, 45061, DIRECT, 4daba13e2b0dfd92",dauup.com,45061,DIRECT,4daba13e2b0dfd92,False,True,,,
Dauup Authorization,Publishers Seller ID Tracker,Dauup,Publisher,TBD,Publisher Ads.txt,"dauup.com, 45062, DIRECT, 4daba13e2b0dfd92",dauup.com,45062,DIRECT,4daba13e2b0dfd92,False,True,,,
Dauup Authorization,Publishers Seller ID Tracker,Dauup,Publisher,TBD,Publisher Ads.txt,"dauup.com, 45063, DIRECT, 4daba13e2b0dfd92",dauup.com,45063,DIRECT,4daba13e2b0dfd92,False,True,,,
Dauup Authorization,Publishers Seller ID Tracker,Dauup,Publisher,TBD,Publisher Ads.txt,"dauup.com, 45064, DIRECT, 4daba13e2b0dfd92",dauup.com,45064,DIRECT,4daba13e2b0dfd92,False,True,,,
Dauup Authorization,Publishers Seller ID Tracker,Dauup,Publisher,TBD,Publisher Ads.txt,"dauup.com, 45065, DIRECT, 4daba13e2b0dfd92",dauup.com,45065,DIRECT,4daba13e2b0dfd92,False,True,,,
Dauup Authorization,Publishers Seller ID Tracker,Dauup,Publisher,TBD,Publisher Ads.txt,"dauup.com, 45066, DIRECT, 4daba13e2b0dfd92",dauup.com,45066,DIRECT,4daba13e2b0dfd92,False,True,,,
Dauup Authorization,Publishers Seller ID Tracker,Dauup,Publisher,TBD,Publisher Ads.txt,"dauup.com, 45067, DIRECT, 4daba13e2b0dfd92",dauup.com,45067,DIRECT,4daba13e2b0dfd92,False,True,,,
Dauup Authorization,Publishers Seller ID Tracker,Dauup,Publisher,TBD,Publisher Ads.txt,"dauup.com, 45068, DIRECT, 4daba13e2b0dfd92",dauup.com,45068,DIRECT,4daba13e2b0dfd92,False,True,,,
Dauup Authorization,Publishers Seller ID Tracker,Dauup,Publisher,TBD,Publisher Ads.txt,"dauup.com, 45069, DIRECT, 4daba13e2b0dfd92",dauup.com,45069,DIRECT,4daba13e2b0dfd92,False,True,,,
Dauup Authorization,Publishers Seller ID Tracker,Dauup,Publisher,TBD,Publisher Ads.txt,"dauup.com, 45070, DIRECT, 4daba13e2b0dfd92",dauup.com,45070,DIRECT,4daba13e2b0dfd92,False,True,,,
Dauup Authorization,Publishers Seller ID Tracker,Dauup,Publisher,TBD,Publisher Ads.txt,"dauup.com, 45071, DIRECT, 4daba13e2b0dfd92",dauup.com,45071,DIRECT,4daba13e2b0dfd92,False,True,,,
Dauup Authorization,Publishers Seller ID Tracker,Dauup,Publisher,TBD,Publisher Ads.txt,"dauup.com, 45072, DIRECT, 4daba13e2b0dfd92",dauup.com,45072,DIRECT,4daba13e2b0dfd92,False,True,,,
Dauup Authorization,Publishers Seller ID Tracker,Dauup,Publisher,TBD,Publisher Ads.txt,"dauup.com, 45073, DIRECT, 4daba13e2b0dfd92",dauup.com,45073,DIRECT,4daba13e2b0dfd92,False,True,,,
Dauup Authorization,Publishers Seller ID Tracker,Dauup,Publisher,TBD,Publisher Ads.txt,"dauup.com, 45074, DIRECT, 4daba13e2b0dfd92",dauup.com,45074,DIRECT,4daba13e2b0dfd92,False,True,,,
Dauup Authorization,Publishers Seller ID Tracker,Dauup,Publisher,TBD,Publisher Ads.txt,"dauup.com, 45075, DIRECT, 4daba13e2b0dfd92",dauup.com,45075,DIRECT,4daba13e2b0dfd92,False,True,,,
Dauup Authorization,Publishers Seller ID Tracker,Dauup,Publisher,TBD,Publisher Ads.txt,"dauup.com, 45076, DIRECT, 4daba13e2b0dfd92",dauup.com,45076,DIRECT,4daba13e2b0dfd92,False,True,,,
Dauup Authorization,Publishers Seller ID Tracker,Dauup,Publisher,TBD,Publisher Ads.txt,"dauup.com, 45077, DIRECT, 4daba13e2b0dfd92",dauup.com,45077,DIRECT,4daba13e2b0dfd92,False,True,,,
Dauup Authorization,Publishers Seller ID Tracker,Dauup,Publisher,TBD,Publisher Ads.txt,"dauup.com, 45078, DIRECT, 4daba13e2b0dfd92",dauup.com,45078,DIRECT,4daba13e2b0dfd92,False,True,,,
Dauup Authorization,Publishers Seller ID Tracker,Dauup,Publisher,TBD,Publisher Ads.txt,"dauup.com, 45079, DIRECT, 4daba13e2b0dfd92",dauup.com,45079,DIRECT,4daba13e2b0dfd92,False,True,,,
Dauup Authorization,Publishers Seller ID Tracker,Dauup,Publisher,TBD,Publisher Ads.txt,"dauup.com, 45080, DIRECT, 4daba13e2b0dfd92",dauup.com,45080,DIRECT,4daba13e2b0dfd92,False,True,,,
Dauup Authorization,Publishers Seller ID Tracker,Dauup,Publisher,TBD,Publisher Ads.txt,"dauup.com, 45081, DIRECT, 4daba13e2b0dfd92",dauup.com,45081,DIRECT,4daba13e2b0dfd92,False,True,,,
Dauup Authorization,Publishers Seller ID Tracker,Dauup,Publisher,TBD,Publisher Ads.txt,"dauup.com, 45082, DIRECT, 4daba13e2b0dfd92",dauup.com,45082,DIRECT,4daba13e2b0dfd92,False,True,,,
Dauup Authorization,Publishers Seller ID Tracker,Dauup,Publisher,TBD,Publisher Ads.txt,"dauup.com, 45083, DIRECT, 4daba13e2b0dfd92",dauup.com,45083,DIRECT,4daba13e2b0dfd92,False,True,,,
Dauup Authorization,Publishers Seller ID Tracker,Dauup,Publisher,TBD,Publisher Ads.txt,"dauup.com, 45084, DIRECT, 4daba13e2b0dfd92",dauup.com,45084,DIRECT,4daba13e2b0dfd92,False,True,,,
Dauup Authorization,Publishers Seller ID Tracker,Dauup,Publisher,TBD,Publisher Ads.txt,"dauup.com, 45085, DIRECT, 4daba13e2b0dfd92",dauup.com,45085,DIRECT,4daba13e2b0dfd92,False,True,,,
Dauup Authorization,Publishers Seller ID Tracker,Dauup,Publisher,TBD,Publisher Ads.txt,"dauup.com, 45086, DIRECT, 4daba13e2b0dfd92",dauup.com,45086,DIRECT,4daba13e2b0dfd92,False,True,,,
Dauup Authorization,Publishers Seller ID Tracker,Dauup,Publisher,TBD,Publisher Ads.txt,"dauup.com, 45087, DIRECT, 4daba13e2b0dfd92",dauup.com,45087,DIRECT,4daba13e2b0dfd92,False,True,,,
Dauup Authorization,Publishers Seller ID Tracker,Dauup,Publisher,TBD,Publisher Ads.txt,"dauup.com, 45088, DIRECT, 4daba13e2b0dfd92",dauup.com,45088,DIRECT,4daba13e2b0dfd92,False,True,,,
Dauup Authorization,Publishers Seller ID Tracker,Dauup,Publisher,TBD,Publisher Ads.txt,"dauup.com, 45089, DIRECT, 4daba13e2b0dfd92",dauup.com,45089,DIRECT,4daba13e2b0dfd92,False,True,,,
Dauup Authorization,Publishers Seller ID Tracker,Dauup,Publisher,TBD,Publisher Ads.txt,"dauup.com, 45090, DIRECT, 4daba13e2b0dfd92",dauup.com,45090,DIRECT,4daba13e2b0dfd92,False,True,,,
Dauup Authorization,Publishers Seller ID Tracker,Dauup,Publisher,TBD,Publisher Ads.txt,"dauup.com, 45091, DIRECT, 4daba13e2b0dfd92",dauup.com,45091,DIRECT,4daba13e2b0dfd92,False,True,,,
Dauup Authorization,Publishers Seller ID Tracker,Dauup,Publisher,TBD,Publisher Ads.txt,"dauup.com, 45092, DIRECT, 4daba13e2b0dfd92",dauup.com,45092,DIRECT,4daba13e2b0dfd92,False,True,,,
Dauup Authorization,Publishers Seller ID Tracker,Dauup,Publisher,TBD,Publisher Ads.txt,"dauup.com, 45093, DIRECT, 4daba13e2b0dfd92",dauup.com,45093,DIRECT,4daba13e2b0dfd92,False,True,,,
Dauup Authorization,Publishers Seller ID Tracker,Dauup,Publisher,TBD,Publisher Ads.txt,"dauup.com, 45094, DIRECT, 4daba13e2b0dfd92",dauup.com,45094,DIRECT,4daba13e2b0dfd92,False,True,,,
Dauup Authorization,Publishers Seller ID Tracker,Dauup,Publisher,TBD,Publisher Ads.txt,"dauup.com, 45095, DIRECT, 4daba13e2b0dfd92",dauup.com,45095,DIRECT,4daba13e2b0dfd92,False,True,,,
Dauup Authorization,Publishers Seller ID Tracker,Dauup,Publisher,TBD,Publisher Ads.txt,"dauup.com, 45096, DIRECT, 4daba13e2b0dfd92",dauup.com,45096,DIRECT,4daba13e2b0dfd92,False,True,,,
Dauup Authorization,Publishers Seller ID Tracker,Dauup,Publisher,TBD,Publisher Ads.txt,"dauup.com, 45097, DIRECT, 4daba13e2b0dfd92",dauup.com,45097,DIRECT,4daba13e2b0dfd92,False,True,,,
Dauup Authorization,Publishers Seller ID Tracker,Dauup,Publisher,TBD,Publisher Ads.txt,"dauup.com, 45098, DIRECT, 4daba13e2b0dfd92",dauup.com,45098,DIRECT,4daba13e2b0dfd92,False,True,,,
Dauup Authorization,Publishers Seller ID Tracker,Dauup,Publisher,TBD,Publisher Ads.txt,"dauup.com, 45099, DIRECT, 4daba13e2b0dfd92",dauup.com,45099,DIRECT,4daba13e2b0dfd92,False,True,,,
Dauup Authorization,Publishers Seller ID Tracker,Dauup,Publisher,TBD,Publisher Ads.txt,"dauup.com, 45100, DIRECT, 4daba13e2b0dfd92",dauup.com,45100,DIRECT,4daba13e2b0dfd92,False,True,,,
Dauup Authorization,Publishers Seller ID Tracker,Dauup,Publisher,TBD,Publisher Ads.txt,"dauup.com, 45101, DIRECT, 4daba13e2b0dfd92",dauup.com,45101,DIRECT,4daba13e2b0dfd92,False,True,,,
Dauup Authorization,Publishers Seller ID Tracker,Dauup,Publisher,TBD,Publisher Ads.txt,"dauup.com, 45102, DIRECT, 4daba13e2b0dfd92",dauup.com,45102,DIRECT,4daba13e2b0dfd92,False,True,,,
Dauup Authorization,Publishers Seller ID Tracker,Dauup,Publisher,TBD,Publisher Ads.txt,"dauup.com, 45103, DIRECT, 4daba13e2b0dfd92",dauup.com,45103,DIRECT,4daba13e2b0dfd92,False,True,,,
Dauup Authorization,Publishers Seller ID Tracker,Dauup,Publisher,TBD,Publisher Ads.txt,"dauup.com, 45104, DIRECT, 4daba13e2b0dfd92",dauup.com,45104,DIRECT,4daba13e2b0dfd92,False,True,,,
Dauup Authorization,Publishers Seller ID Tracker,Dauup,Publisher,TBD,Publisher Ads.txt,"dauup.com, 45105, DIRECT, 4daba13e2b0dfd92",dauup.com,45105,DIRECT,4daba13e2b0dfd92,False,True,,,
Dauup Authorization,Publishers Seller ID Tracker,Dauup,Publisher,TBD,Publisher Ads.txt,"dauup.com, 45106, DIRECT, 4daba13e2b0dfd92",dauup.com,45106,DIRECT,4daba13e2b0dfd92,False,True,,,
Dauup Authorization,Publishers Seller ID Tracker,Dauup,Publisher,TBD,Publisher Ads.txt,"dauup.com, 45107, DIRECT, 4daba13e2b0dfd92",dauup.com,45107,DIRECT,4daba13e2b0dfd92,False,True,,,
Dauup Authorization,Publishers Seller ID Tracker,Dauup,Publisher,TBD,Publisher Ads.txt,"dauup.com, 45108, DIRECT, 4daba13e2b0dfd92",dauup.com,45108,DIRECT,4daba13e2b0dfd92,False,True,,,
Dauup Authorization,Publishers Seller ID Tracker,Dauup,Publisher,TBD,Publisher Ads.txt,"dauup.com, 45109, DIRECT, 4daba13e2b0dfd92",dauup.com,45109,DIRECT,4daba13e2b0dfd92,False,True,,,
Dauup Authorization,Publishers Seller ID Tracker,Dauup,Publisher,TBD,Publisher Ads.txt,"dauup.com, 45110, DIRECT, 4daba13e2b0dfd92",dauup.com,45110,DIRECT,4daba13e2b0dfd92,False,True,,,
Dauup Authorization,Publishers Seller ID Tracker,Dauup,Publisher,TBD,Publisher Ads.txt,"dauup.com, 45111, DIRECT, 4daba13e2b0dfd92",dauup.com,45111,DIRECT,4daba13e2b0dfd92,False,True,,,
Dauup Authorization,Publishers Seller ID Tracker,Dauup,Publisher,TBD,Publisher Ads.txt,"dauup.com, 45112, DIRECT, 4daba13e2b0dfd92",dauup.com,45112,DIRECT,4daba13e2b0dfd92,False,True,,,
Dauup Authorization,Publishers Seller ID Tracker,Dauup,Publisher,TBD,Publisher Ads.txt,"dauup.com, 45113, DIRECT, 4daba13e2b0dfd92",dauup.com,45113,DIRECT,4daba13e2b0dfd92,False,True,,,
Dauup Authorization,Publishers Seller ID Tracker,Dauup,Publisher,TBD,Publisher Ads.txt,"dauup.com, 45114, DIRECT, 4daba13e2b0dfd92",dauup.com,45114,DIRECT,4daba13e2b0dfd92,False,True,,,
Dauup Authorization,Publishers Seller ID Tracker,Dauup,Publisher,TBD,Publisher Ads.txt,"dauup.com, 45115, DIRECT, 4daba13e2b0dfd92",dauup.com,45115,DIRECT,4daba13e2b0dfd92,False,True,,,
Dauup Authorization,Publishers Seller ID Tracker,Dauup,Publisher,TBD,Publisher Ads.txt,"dauup.com, 45116, DIRECT, 4daba13e2b0dfd92",dauup.com,45116,DIRECT,4daba13e2b0dfd92,False,True,,,
Dauup Authorization,Publishers Seller ID Tracker,Dauup,Publisher,TBD,Publisher Ads.txt,"dauup.com, 45117, DIRECT, 4daba13e2b0dfd92",dauup.com,45117,DIRECT,4daba13e2b0dfd92,False,True,,,
Dauup Authorization,Publishers Seller ID Tracker,Dauup,Publisher,TBD,Publisher Ads.txt,"dauup.com, 45118, DIRECT, 4daba13e2b0dfd92",dauup.com,45118,DIRECT,4daba13e2b0dfd92,False,True,,,
Dauup Authorization,Publishers Seller ID Tracker,Dauup,Publisher,TBD,Publisher Ads.txt,"dauup.com, 45119, DIRECT, 4daba13e2b0dfd92",dauup.com,45119,DIRECT,4daba13e2b0dfd92,False,True,,,
Dauup Authorization,Publishers Seller ID Tracker,Dauup,Publisher,TBD,Publisher Ads.txt,"dauup.com, 45120, DIRECT, 4daba13e2b0dfd92",dauup.com,45120,DIRECT,4daba13e2b0dfd92,False,True,,,
Dauup Authorization,Publishers Seller ID Tracker,Dauup,Publisher,TBD,Publisher Ads.txt,"dauup.com, 45121, DIRECT, 4daba13e2b0dfd92",dauup.com,45121,DIRECT,4daba13e2b0dfd92,False,True,,,
Dauup Authorization,Publishers Seller ID Tracker,Dauup,Publisher,TBD,Publisher Ads.txt,"dauup.com, 45122, DIRECT, 4daba13e2b0dfd92",dauup.com,45122,DIRECT,4daba13e2b0dfd92,False,True,,,
Dauup Authorization,Publishers Seller ID Tracker,Dauup,Publisher,TBD,Publisher Ads.txt,"dauup.com, 45123, DIRECT, 4daba13e2b0dfd92",dauup.com,45123,DIRECT,4daba13e2b0dfd92,False,True,,,
Dauup Authorization,Publishers Seller ID Tracker,Dauup,Publisher,TBD,Publisher Ads.txt,"dauup.com, 45124, DIRECT, 4daba13e2b0dfd92",dauup.com,45124,DIRECT,4daba13e2b0dfd92,False,True,,,
Dauup Authorization,Publishers Seller ID Tracker,Dauup,Publisher,TBD,Publisher Ads.txt,"dauup.com, 45125, DIRECT, 4daba13e2b0dfd92",dauup.com,45125,DIRECT,4daba13e2b0dfd92,False,True,,,
Dauup Authorization,Publishers Seller ID Tracker,Dauup,Publisher,TBD,Publisher Ads.txt,"dauup.com, 45126, DIRECT, 4daba13e2b0dfd92",dauup.com,45126,DIRECT,4daba13e2b0dfd92,False,True,,,
Dauup Authorization,Publishers Seller ID Tracker,Dauup,Publisher,TBD,Publisher Ads.txt,"dauup.com, 45127, DIRECT, 4daba13e2b0dfd92",dauup.com,45127,DIRECT,4daba13e2b0dfd92,False,True,,,
Dauup Authorization,Publishers Seller ID Tracker,Dauup,Publisher,TBD,Publisher Ads.txt,"dauup.com, 45128, DIRECT, 4daba13e2b0dfd92",dauup.com,45128,DIRECT,4daba13e2b0dfd92,False,True,,,
Dauup Authorization,Publishers Seller ID Tracker,Dauup,Publisher,TBD,Publisher Ads.txt,"dauup.com, 45129, DIRECT, 4daba13e2b0dfd92",dauup.com,45129,DIRECT,4daba13e2b0dfd92,False,True,,,
Dauup Authorization,Publishers Seller ID Tracker,Dauup,Publisher,TBD,Publisher Ads.txt,"dauup.com, 45130, DIRECT, 4daba13e2b0dfd92",dauup.com,45130,DIRECT,4daba13e2b0dfd92,False,True,,,
Dauup Authorization,Publishers Seller ID Tracker,Dauup,Publisher,TBD,Publisher Ads.txt,"dauup.com, 45131, DIRECT, 4daba13e2b0dfd92",dauup.com,45131,DIRECT,4daba13e2b0dfd92,False,True,,,
Dauup Authorization,Publishers Seller ID Tracker,Dauup,Publisher,TBD,Publisher Ads.txt,"dauup.com, 45132, DIRECT, 4daba13e2b0dfd92",dauup.com,45132,DIRECT,4daba13e2b0dfd92,False,True,,,
Dauup Authorization,Publishers Seller ID Tracker,Dauup,Publisher,TBD,Publisher Ads.txt,"dauup.com, 45133, DIRECT, 4daba13e2b0dfd92",dauup.com,45133,DIRECT,4daba13e2b0dfd92,False,True,,,
Dauup Authorization,Publishers Seller ID Tracker,Dauup,Publisher,TBD,Publisher Ads.txt,"dauup.com, 45134, DIRECT, 4daba13e2b0dfd92",dauup.com,45134,DIRECT,4daba13e2b0dfd92,False,True,,,
Dauup Authorization,Publishers Seller ID Tracker,Dauup,Publisher,TBD,Publisher Ads.txt,"dauup.com, 45135, DIRECT, 4daba13e2b0dfd92",dauup.com,45135,DIRECT,4daba13e2b0dfd92,False,True,,,
Dauup Authorization,Publishers Seller ID Tracker,Dauup,Publisher,TBD,Publisher Ads.txt,"dauup.com, 45136, DIRECT, 4daba13e2b0dfd92",dauup.com,45136,DIRECT,4daba13e2b0dfd92,False,True,,,
Dauup Authorization,Publishers Seller ID Tracker,Dauup,Publisher,TBD,Publisher Ads.txt,"dauup.com, 45137, DIRECT, 4daba13e2b0dfd92",dauup.com,45137,DIRECT,4daba13e2b0dfd92,False,True,,,
Dauup Authorization,Publishers Seller ID Tracker,Dauup,Publisher,TBD,Publisher Ads.txt,"dauup.com, 45138, DIRECT, 4daba13e2b0dfd92",dauup.com,45138,DIRECT,4daba13e2b0dfd92,False,True,,,
Dauup Authorization,Publishers Seller ID Tracker,Dauup,Publisher,TBD,Publisher Ads.txt,"dauup.com, 45139, DIRECT, 4daba13e2b0dfd92",dauup.com,45139,DIRECT,4daba13e2b0dfd92,False,True,,,
Dauup Authorization,Publishers Seller ID Tracker,Dauup,Publisher,TBD,Publisher Ads.txt,"dauup.com, 45140, DIRECT, 4daba13e2b0dfd92",dauup.com,45140,DIRECT,4daba13e2b0dfd92,False,True,,,
Dauup Authorization,Publishers Seller ID Tracker,Dauup,Publisher,TBD,Publisher Ads.txt,"dauup.com, 45141, DIRECT, 4daba13e2b0dfd92",dauup.com,45141,DIRECT,4daba13e2b0dfd92,False,True,,,
Dauup Authorization,Publishers Seller ID Tracker,Dauup,Publisher,TBD,Publisher Ads.txt,"dauup.com, 45142, DIRECT, 4daba13e2b0dfd92",dauup.com,45142,DIRECT,4daba13e2b0dfd92,False,True,,,
Dauup Authorization,Publishers Seller ID Tracker,Dauup,Publisher,TBD,Publisher Ads.txt,"dauup.com, 45143, DIRECT, 4daba13e2b0dfd92",dauup.com,45143,DIRECT,4daba13e2b0dfd92,False,True,,,
Dauup Authorization,Publishers Seller ID Tracker,Dauup,Publisher,TBD,Publisher Ads.txt,"dauup.com, 45144, DIRECT, 4daba13e2b0dfd92",dauup.com,45144,DIRECT,4daba13e2b0dfd92,False,True,,,
Dauup Authorization,Publishers Seller ID Tracker,Dauup,Publisher,TBD,Publisher Ads.txt,"dauup.com, 45145, DIRECT, 4daba13e2b0dfd92",dauup.com,45145,DIRECT,4daba13e2b0dfd92,False,True,,,
Dauup Authorization,Publishers Seller ID Tracker,Dauup,Publisher,TBD,Publisher Ads.txt,"dauup.com, 45146, DIRECT, 4daba13e2b0dfd92",dauup.com,45146,DIRECT,4daba13e2b0dfd92,False,True,,,
Dauup Authorization,Publishers Seller ID Tracker,Dauup,Publisher,TBD,Publisher Ads.txt,"dauup.com, 45147, DIRECT, 4daba13e2b0dfd92",dauup.com,45147,DIRECT,4daba13e2b0dfd92,False,True,,,
Dauup Authorization,Publishers Seller ID Tracker,Dauup,Publisher,TBD,Publisher Ads.txt,"dauup.com, 45148, DIRECT, 4daba13e2b0dfd92",dauup.com,45148,DIRECT,4daba13e2b0dfd92,False,True,,,
Dauup Authorization,Publishers Seller ID Tracker,Dauup,Publisher,TBD,Publisher Ads.txt,"dauup.com, 45149, DIRECT, 4daba13e2b0dfd92",dauup.com,45149,DIRECT,4daba13e2b0dfd92,False,True,,,
Dauup Authorization,Publishers Seller ID Tracker,Dauup,Publisher,TBD,Publisher Ads.txt,"dauup.com, 45150, DIRECT, 4daba13e2b0dfd92",dauup.com,45150,DIRECT,4daba13e2b0dfd92,False,True,,,
Dauup Authorization,Publishers Seller ID Tracker,Dauup,Publisher,TBD,Publisher Ads.txt,"dauup.com, 45151, DIRECT, 4daba13e2b0dfd92",dauup.com,45151,DIRECT,4daba13e2b0dfd92,False,True,,,
Dauup Authorization,Publishers Seller ID Tracker,Dauup,Publisher,TBD,Publisher Ads.txt,"dauup.com, 45152, DIRECT, 4daba13e2b0dfd92",dauup.com,45152,DIRECT,4daba13e2b0dfd92,False,True,,,
Dauup Authorization,Publishers Seller ID Tracker,Dauup,Publisher,TBD,Publisher Ads.txt,"dauup.com, 45153, DIRECT, 4daba13e2b0dfd92",dauup.com,45153,DIRECT,4daba13e2b0dfd92,False,True,,,
Dauup Authorization,Publishers Seller ID Tracker,Dauup,Publisher,TBD,Publisher Ads.txt,"dauup.com, 45154, DIRECT, 4daba13e2b0dfd92",dauup.com,45154,DIRECT,4daba13e2b0dfd92,False,True,,,
Dauup Authorization,Publishers Seller ID Tracker,Dauup,Publisher,TBD,Publisher Ads.txt,"dauup.com, 45155, DIRECT, 4daba13e2b0dfd92",dauup.com,45155,DIRECT,4daba13e2b0dfd92,False,True,,,
Dauup Authorization,Publishers Seller ID Tracker,Dauup,Publisher,TBD,Publisher Ads.txt,"dauup.com, 45156, DIRECT, 4daba13e2b0dfd92",dauup.com,45156,DIRECT,4daba13e2b0dfd92,False,True,,,
Dauup Authorization,Publishers Seller ID Tracker,Dauup,Publisher,TBD,Publisher Ads.txt,"dauup.com, 45157, DIRECT, 4daba13e2b0dfd92",dauup.com,45157,DIRECT,4daba13e2b0dfd92,False,True,,,
Dauup Authorization,Publishers Seller ID Tracker,Dauup,Publisher,TBD,Publisher Ads.txt,"dauup.com, 45158, DIRECT, 4daba13e2b0dfd92",dauup.com,45158,DIRECT,4daba13e2b0dfd92,False,True,,,
Dauup Authorization,Publishers Seller ID Tracker,Dauup,Publisher,TBD,Publisher Ads.txt,"dauup.com, 45159, DIRECT, 4daba13e2b0dfd92",dauup.com,45159,DIRECT,4daba13e2b0dfd92,False,True,,,
Dauup Authorization,Publishers Seller ID Tracker,Dauup,Publisher,TBD,Publisher Ads.txt,"dauup.com, 45160, DIRECT, 4daba13e2b0dfd92",dauup.com,45160,DIRECT,4daba13e2b0dfd92,False,True,,,
Dauup Authorization,Publishers Seller ID Tracker,Dauup,Publisher,TBD,Publisher Ads.txt,"dauup.com, 45161, DIRECT, 4daba13e2b0dfd92",dauup.com,45161,DIRECT,4daba13e2b0dfd92,False,True,,,
Dauup Authorization,Publishers Seller ID Tracker,Dauup,Publisher,TBD,Publisher Ads.txt,"dauup.com, 45162, DIRECT, 4daba13e2b0dfd92",dauup.com,45162,DIRECT,4daba13e2b0dfd92,False,True,,,
Dauup Authorization,Publishers Seller ID Tracker,Dauup,Publisher,TBD,Publisher Ads.txt,"dauup.com, 45163, DIRECT, 4daba13e2b0dfd92",dauup.com,45163,DIRECT,4daba13e2b0dfd92,False,True,,,
Dauup Authorization,Publishers Seller ID Tracker,Dauup,Publisher,TBD,Publisher Ads.txt,"dauup.com, 45164, DIRECT, 4daba13e2b0dfd92",dauup.com,45164,DIRECT,4daba13e2b0dfd92,False,True,,,
Dauup Authorization,Publishers Seller ID Tracker,Dauup,Publisher,TBD,Publisher Ads.txt,"dauup.com, 45165, DIRECT, 4daba13e2b0dfd92",dauup.com,45165,DIRECT,4daba13e2b0dfd92,False,True,,,
Dauup Authorization,Publishers Seller ID Tracker,Dauup,Publisher,TBD,Publisher Ads.txt,"dauup.com, 45166, DIRECT, 4daba13e2b0dfd92",dauup.com,45166,DIRECT,4daba13e2b0dfd92,False,True,,,
Dauup Authorization,Publishers Seller ID Tracker,Dauup,Publisher,TBD,Publisher Ads.txt,"dauup.com, 45167, DIRECT, 4daba13e2b0dfd92",dauup.com,45167,DIRECT,4daba13e2b0dfd92,False,True,,,
Dauup Authorization,Publishers Seller ID Tracker,Dauup,Publisher,TBD,Publisher Ads.txt,"dauup.com, 45168, DIRECT, 4daba13e2b0dfd92",dauup.com,45168,DIRECT,4daba13e2b0dfd92,False,True,,,
Dauup Authorization,Publishers Seller ID Tracker,Dauup,Publisher,TBD,Publisher Ads.txt,"dauup.com, 45169, DIRECT, 4daba13e2b0dfd92",dauup.com,45169,DIRECT,4daba13e2b0dfd92,False,True,,,
Dauup Authorization,Publishers Seller ID Tracker,Dauup,Publisher,TBD,Publisher Ads.txt,"dauup.com, 45170, DIRECT, 4daba13e2b0dfd92",dauup.com,45170,DIRECT,4daba13e2b0dfd92,False,True,,,
Dauup Authorization,Publishers Seller ID Tracker,Dauup,Publisher,TBD,Publisher Ads.txt,"dauup.com, 45171, DIRECT, 4daba13e2b0dfd92",dauup.com,45171,DIRECT,4daba13e2b0dfd92,False,True,,,
Dauup Authorization,Publishers Seller ID Tracker,Dauup,Publisher,TBD,Publisher Ads.txt,"dauup.com, 45172, DIRECT, 4daba13e2b0dfd92",dauup.com,45172,DIRECT,4daba13e2b0dfd92,False,True,,,
Dauup Authorization,SSP Seller ID Tracker,Dauup,SSP,Verve,SSP Ads.txt / Sellers.json,"dauup.com, 34101, DIRECT",dauup.com,34101,DIRECT,,False,False,,,
Dauup Authorization,SSP Seller ID Tracker,Dauup,SSP,PubNative,SSP Ads.txt / Sellers.json,"dauup.com, 34102, DIRECT",dauup.com,34102,DIRECT,,False,False,,,
Dauup Authorization,SSP Seller ID Tracker,Dauup,SSP,InMobi,SSP Ads.txt / Sellers.json,"dauup.com, 34103, DIRECT",dauup.com,34103,DIRECT,,False,False,,,
Dauup Authorization,SSP Seller ID Tracker,Dauup,SSP,Smaato,SSP Ads.txt / Sellers.json,"dauup.com, 34104, DIRECT",dauup.com,34104,DIRECT,,False,False,,,
Dauup Authorization,SSP Seller ID Tracker,Dauup,SSP,Digital Turbine,SSP Ads.txt / Sellers.json,"dauup.com, 34105, DIRECT",dauup.com,34105,DIRECT,,False,False,,,
Dauup Authorization,SSP Seller ID Tracker,Dauup,SSP,AlgoriX,SSP Ads.txt / Sellers.json,"dauup.com, 34106, DIRECT",dauup.com,34106,DIRECT,,False,False,,,
Dauup Authorization,SSP Seller ID Tracker,Dauup,SSP,Mobfox,SSP Ads.txt / Sellers.json,"dauup.com, 34107, DIRECT",dauup.com,34107,DIRECT,,False,False,,,
Dauup Authorization,SSP Seller ID Tracker,Dauup,SSP,Nimbus,SSP Ads.txt / Sellers.json,"dauup.com, 34108, DIRECT",dauup.com,34108,DIRECT,,False,False,,,
Dauup Authorization,SSP Seller ID Tracker,Dauup,SSP,Displayio,SSP Ads.txt / Sellers.json,"dauup.com, 34109, DIRECT",dauup.com,34109,DIRECT,,False,False,,,
Dauup Authorization,SSP Seller ID Tracker,Dauup,SSP,EPOM,SSP Ads.txt / Sellers.json,"dauup.com, 34110, DIRECT",dauup.com,34110,DIRECT,,False,False,,,
Dauup Authorization,SSP Seller ID Tracker,Dauup,SSP,VRTCAL,SSP Ads.txt / Sellers.json,"dauup.com, 34111, DIRECT",dauup.com,34111,DIRECT,,False,False,,,
Dauup Authorization,SSP Seller ID Tracker,Dauup,SSP,IQZone,SSP Ads.txt / Sellers.json,"dauup.com, 34113, DIRECT",dauup.com,34113,DIRECT,,False,False,,,
Dauup Authorization,SSP Seller ID Tracker,Dauup,SSP,PubMatic,SSP Ads.txt / Sellers.json,"dauup.com, 34114, DIRECT",dauup.com,34114,DIRECT,,False,False,,,
Dauup Authorization,SSP Seller ID Tracker,Dauup,SSP,Opera,SSP Ads.txt / Sellers.json,"dauup.com, 34115, DIRECT",dauup.com,34115,DIRECT,,False,False,,,
Dauup Authorization,SSP Seller ID Tracker,Dauup,SSP,BizzClick/Blasto,SSP Ads.txt / Sellers.json,"dauup.com, 34116, DIRECT",dauup.com,34116,DIRECT,,False,False,,,
Dauup Authorization,SSP Seller ID Tracker,Dauup,SSP,GothamAds,SSP Ads.txt / Sellers.json,"dauup.com, 34117, DIRECT",dauup.com,34117,DIRECT,,False,False,,,
Dauup Authorization,SSP Seller ID Tracker,Dauup,SSP,AdColony,SSP Ads.txt / Sellers.json,"dauup.com, 34118, DIRECT",dauup.com,34118,DIRECT,,False,False,,,
Dauup Authorization,SSP Seller ID Tracker,Dauup,SSP,LoopMe,SSP Ads.txt / Sellers.json,"dauup.com, 34119, DIRECT",dauup.com,34119,DIRECT,,False,False,,,
Dauup Authorization,SSP Seller ID Tracker,Dauup,SSP,SmarterMobi,SSP Ads.txt / Sellers.json,"dauup.com, 34120, DIRECT",dauup.com,34120,DIRECT,,False,False,,,
Dauup Authorization,SSP Seller ID Tracker,Dauup,SSP,YeahMobi,SSP Ads.txt / Sellers.json,"dauup.com, 34121, DIRECT",dauup.com,34121,DIRECT,,False,False,,,
Dauup Authorization,SSP Seller ID Tracker,Dauup,SSP,Yieldmo,SSP Ads.txt / Sellers.json,"dauup.com, 34122, DIRECT",dauup.com,34122,DIRECT,,False,False,,,
Dauup Authorization,SSP Seller ID Tracker,Dauup,SSP,Sonobi,SSP Ads.txt / Sellers.json,"dauup.com, 34123, DIRECT",dauup.com,34123,DIRECT,,False,False,,,
Dauup Authorization,SSP Seller ID Tracker,Dauup,SSP,Unity,SSP Ads.txt / Sellers.json,"dauup.com, 34124, DIRECT",dauup.com,34124,DIRECT,,False,False,,,
Dauup Authorization,SSP Seller ID Tracker,Dauup,SSP,SmartyAds,SSP Ads.txt / Sellers.json,"dauup.com, 34125, DIRECT",dauup.com,34125,DIRECT,,False,False,,,
Dauup Authorization,SSP Seller ID Tracker,Dauup,SSP,Vungle,SSP Ads.txt / Sellers.json,"dauup.com, 34126, DIRECT",dauup.com,34126,DIRECT,,False,False,,,
Dauup Authorization,SSP Seller ID Tracker,Dauup,SSP,Tredio,SSP Ads.txt / Sellers.json,"dauup.com, 34127, DIRECT",dauup.com,34127,DIRECT,,False,False,,,
Dauup Authorization,SSP Seller ID Tracker,Dauup,SSP,Azerion,SSP Ads.txt / Sellers.json,"dauup.com, 34128, DIRECT",dauup.com,34128,DIRECT,,False,False,,,
Dauup Authorization,SSP Seller ID Tracker,Dauup,SSP,MobileFuse,SSP Ads.txt / Sellers.json,"dauup.com, 34129, DIRECT",dauup.com,34129,DIRECT,,False,False,,,
Dauup Authorization,SSP Seller ID Tracker,Dauup,SSP,Mobilityware,SSP Ads.txt / Sellers.json,"dauup.com, 34130, DIRECT",dauup.com,34130,DIRECT,,False,False,,,
Dauup Authorization,SSP Seller ID Tracker,Dauup,SSP,VFR.ai,SSP Ads.txt / Sellers.json,"dauup.com, 34131, DIRECT",dauup.com,34131,DIRECT,,False,False,,,
Dauup Authorization,SSP Seller ID Tracker,Dauup,SSP,Gadsme,SSP Ads.txt / Sellers.json,"dauup.com, 34132, DIRECT",dauup.com,34132,DIRECT,,False,False,,,
Dauup Authorization,SSP Seller ID Tracker,Dauup,SSP,NewsOn,SSP Ads.txt / Sellers.json,"dauup.com, 34133, DIRECT",dauup.com,34133,DIRECT,,False,False,,,
Dauup Authorization,SSP Seller ID Tracker,Dauup,SSP,FutureToday,SSP Ads.txt / Sellers.json,"dauup.com, 34134, DIRECT",dauup.com,34134,DIRECT,,False,False,,,
Dauup Authorization,SSP Seller ID Tracker,Dauup,SSP,Azure Tech,SSP Ads.txt / Sellers.json,"dauup.com, 34135, DIRECT",dauup.com,34135,DIRECT,,False,False,,,
Dauup Authorization,SSP Seller ID Tracker,Dauup,SSP,Krush,SSP Ads.txt / Sellers.json,"dauup.com, 34136, DIRECT",dauup.com,34136,DIRECT,,False,False,,,
Dauup Authorization,SSP Seller ID Tracker,Dauup,SSP,Luna,SSP Ads.txt / Sellers.json,"dauup.com, 34137, DIRECT",dauup.com,34137,DIRECT,,False,False,,,
Dauup Authorization,SSP Seller ID Tracker,Dauup,SSP,Nexxen,SSP Ads.txt / Sellers.json,"dauup.com, 34138, DIRECT",dauup.com,34138,DIRECT,,False,False,,,
Dauup Authorization,SSP Seller ID Tracker,Dauup,SSP,Loyal,SSP Ads.txt / Sellers.json,"dauup.com, 34139, DIRECT",dauup.com,34139,DIRECT,,False,False,,,
Dauup Authorization,SSP Seller ID Tracker,Dauup,SSP,Gravite,SSP Ads.txt / Sellers.json,"dauup.com, 34140, DIRECT",dauup.com,34140,DIRECT,,False,False,,,
Dauup Authorization,SSP Seller ID Tracker,Dauup,SSP,Ogury,SSP Ads.txt / Sellers.json,"dauup.com, 34141, DIRECT",dauup.com,34141,DIRECT,,False,False,,,
Dauup Authorization,SSP Seller ID Tracker,Dauup,SSP,Sovrn,SSP Ads.txt / Sellers.json,"dauup.com, 34142, DIRECT",dauup.com,34142,DIRECT,,False,False,,,
Dauup Authorization,SSP Seller ID Tracker,Dauup,SSP,TaurusX,SSP Ads.txt / Sellers.json,"dauup.com, 34143, DIRECT",dauup.com,34143,DIRECT,,False,False,,,
Dauup Authorization,SSP Seller ID Tracker,Dauup,SSP,HitApps,SSP Ads.txt / Sellers.json,"dauup.com, 34144, DIRECT",dauup.com,34144,DIRECT,,False,False,,,
Dauup Authorization,SSP Seller ID Tracker,Dauup,SSP,Kodio,SSP Ads.txt / Sellers.json,"dauup.com, 34145, DIRECT",dauup.com,34145,DIRECT,,False,False,,,
Dauup Authorization,SSP Seller ID Tracker,Dauup,SSP,SportX,SSP Ads.txt / Sellers.json,"dauup.com, 34146, DIRECT",dauup.com,34146,DIRECT,,False,False,,,
Dauup Authorization,SSP Seller ID Tracker,Dauup,SSP,NavioTV,SSP Ads.txt / Sellers.json,"dauup.com, 34147, DIRECT",dauup.com,34147,DIRECT,,False,False,,,
Dauup Authorization,SSP Seller ID Tracker,Dauup,SSP,MetaX,SSP Ads.txt / Sellers.json,"dauup.com, 34148, DIRECT",dauup.com,34148,DIRECT,,False,False,,,
Dauup Authorization,SSP Seller ID Tracker,Dauup,SSP,Adtelligent,SSP Ads.txt / Sellers.json,"dauup.com, 34149, DIRECT",dauup.com,34149,DIRECT,,False,False,,,
Dauup Authorization,SSP Seller ID Tracker,Dauup,SSP,LGAds,SSP Ads.txt / Sellers.json,"dauup.com, 34150, DIRECT",dauup.com,34150,DIRECT,,False,False,,,
Dauup Authorization,SSP Seller ID Tracker,Dauup,SSP,odkmedia,SSP Ads.txt / Sellers.json,"dauup.com, 34151, DIRECT",dauup.com,34151,DIRECT,,False,False,,,
Dauup Authorization,SSP Seller ID Tracker,Dauup,SSP,tviq,SSP Ads.txt / Sellers.json,"dauup.com, 34152, DIRECT",dauup.com,34152,DIRECT,,False,False,,,
Dauup Authorization,SSP Seller ID Tracker,Dauup,SSP,Zepheere,SSP Ads.txt / Sellers.json,"dauup.com, 34153, DIRECT",dauup.com,34153,DIRECT,,False,False,,,
Dauup Authorization,SSP Seller ID Tracker,Dauup,SSP,CadentTV,SSP Ads.txt / Sellers.json,"dauup.com, 34154, DIRECT",dauup.com,34154,DIRECT,,False,False,,,
Dauup Authorization,SSP Seller ID Tracker,Dauup,SSP,OpenX,SSP Ads.txt / Sellers.json,"dauup.com, 34155, DIRECT",dauup.com,34155,DIRECT,,False,False,,,
Dauup Authorization,SSP Seller ID Tracker,Dauup,SSP,MarkApp,SSP Ads.txt / Sellers.json,"dauup.com, 34156, DIRECT",dauup.com,34156,DIRECT,,False,False,,,
Dauup Authorization,SSP Seller ID Tracker,Dauup,SSP,TCL,SSP Ads.txt / Sellers.json,"dauup.com, 34157, DIRECT",dauup.com,34157,DIRECT,,False,False,,,
Dauup Authorization,SSP Seller ID Tracker,Dauup,SSP,AppoDeal,SSP Ads.txt / Sellers.json,"dauup.com, 34158, DIRECT",dauup.com,34158,DIRECT,,False,False,,,
Dauup Authorization,SSP Seller ID Tracker,Dauup,SSP,LimeX,SSP Ads.txt / Sellers.json,"dauup.com, 34159, DIRECT",dauup.com,34159,DIRECT,,False,False,,,
Dauup Authorization,SSP Seller ID Tracker,Dauup,SSP,TradPlus,SSP Ads.txt / Sellers.json,"dauup.com, 34160, DIRECT",dauup.com,34160,DIRECT,,False,False,,,
Dauup Authorization,SSP Seller ID Tracker,Dauup,SSP,FlatAds,SSP Ads.txt / Sellers.json,"dauup.com, 34161, DIRECT",dauup.com,34161,DIRECT,,False,False,,,
Dauup Authorization,SSP Seller ID Tracker,Dauup,SSP,AdMixer,SSP Ads.txt / Sellers.json,"dauup.com, 34162, DIRECT",dauup.com,34162,DIRECT,,False,False,,,
Dauup Authorization,SSP Seller ID Tracker,Dauup,SSP,E-Planning,SSP Ads.txt / Sellers.json,"dauup.com, 34163, DIRECT",dauup.com,34163,DIRECT,,False,False,,,
Dauup Authorization,SSP Seller ID Tracker,Dauup,SSP,Screencore,SSP Ads.txt / Sellers.json,"dauup.com, 34164, DIRECT",dauup.com,34164,DIRECT,,False,False,,,
Dauup Authorization,SSP Seller ID Tracker,Dauup,SSP,Viber,SSP Ads.txt / Sellers.json,"dauup.com, 34165, DIRECT",dauup.com,34165,DIRECT,,False,False,,,
Dauup Authorization,SSP Seller ID Tracker,Dauup,SSP,SpaceMob,SSP Ads.txt / Sellers.json,"dauup.com, 34166, DIRECT",dauup.com,34166,DIRECT,,False,False,,,
Dauup Authorization,SSP Seller ID Tracker,Dauup,SSP,Lacuna,SSP Ads.txt / Sellers.json,"dauup.com, 34167, DIRECT",dauup.com,34167,DIRECT,,False,False,,,
Dauup Authorization,SSP Seller ID Tracker,Dauup,SSP,JunGroup,SSP Ads.txt / Sellers.json,"dauup.com, 34168, DIRECT",dauup.com,34168,DIRECT,,False,False,,,
Dauup Authorization,SSP Seller ID Tracker,Dauup,SSP,Bat-Ads,SSP Ads.txt / Sellers.json,"dauup.com, 34169, DIRECT",dauup.com,34169,DIRECT,,False,False,,,
Dauup Authorization,SSP Seller ID Tracker,Dauup,SSP,DuoPeak,SSP Ads.txt / Sellers.json,"dauup.com, 34170, DIRECT",dauup.com,34170,DIRECT,,False,False,,,
Dauup Authorization,SSP Seller ID Tracker,Dauup,SSP,Zeta Global,SSP Ads.txt / Sellers.json,"dauup.com, 34171, DIRECT",dauup.com,34171,DIRECT,,False,False,,,
Dauup Authorization,SSP Seller ID Tracker,Dauup,SSP,ushareit,SSP Ads.txt / Sellers.json,"dauup.com, 34172, DIRECT",dauup.com,34172,DIRECT,,False,False,,,
Dauup Authorization,SSP Seller ID Tracker,Dauup,SSP,WURL,SSP Ads.txt / Sellers.json,"dauup.com, 34173, DIRECT",dauup.com,34173,DIRECT,,False,False,,,
Dauup Authorization,SSP Seller ID Tracker,Dauup,SSP,Kika,SSP Ads.txt / Sellers.json,"dauup.com, 34174, DIRECT, 4daba13e2b0dfd92",dauup.com,34174,DIRECT,4daba13e2b0dfd92,False,False,,,
Dauup Authorization,SSP Seller ID Tracker,Dauup,SSP,Axis Marketplace,SSP Ads.txt / Sellers.json,"dauup.com, 34175, DIRECT, 4daba13e2b0dfd92",dauup.com,34175,DIRECT,4daba13e2b0dfd92,False,False,,,
Dauup Authorization,SSP Seller ID Tracker,Dauup,SSP,Bigo,SSP Ads.txt / Sellers.json,"dauup.com, 34176, DIRECT, 4daba13e2b0dfd92",dauup.com,34176,DIRECT,4daba13e2b0dfd92,False,False,,,
Dauup Authorization,SSP Seller ID Tracker,Dauup,SSP,Conneqt Media,SSP Ads.txt / Sellers.json,"dauup.com, 34177, DIRECT, 4daba13e2b0dfd92",dauup.com,34177,DIRECT,4daba13e2b0dfd92,False,False,,,
Dauup Authorization,SSP Seller ID Tracker,Dauup,SSP,Mobitech,SSP Ads.txt / Sellers.json,"dauup.com, 34178, DIRECT, 4daba13e2b0dfd92",dauup.com,34178,DIRECT,4daba13e2b0dfd92,False,False,,,
Dauup Authorization,SSP Seller ID Tracker,Dauup,SSP,OrkaTV,SSP Ads.txt / Sellers.json,"dauup.com, 34179, DIRECT, 4daba13e2b0dfd92",dauup.com,34179,DIRECT,4daba13e2b0dfd92,False,False,,,
Dauup Authorization,SSP Seller ID Tracker,Dauup,SSP,Samsung,SSP Ads.txt / Sellers.json,"dauup.com, 34180, DIRECT, 4daba13e2b0dfd92",dauup.com,34180,DIRECT,4daba13e2b0dfd92,False,False,,,
Dauup Authorization,SSP Seller ID Tracker,Dauup,SSP,Vidazoo,SSP Ads.txt / Sellers.json,"dauup.com, 34181, DIRECT, 4daba13e2b0dfd92",dauup.com,34181,DIRECT,4daba13e2b0dfd92,False,False,,,
Dauup Authorization,SSP Seller ID Tracker,Dauup,SSP,Xiaomi,SSP Ads.txt / Sellers.json,"dauup.com, 34182, DIRECT, 4daba13e2b0dfd92",dauup.com,34182,DIRECT,4daba13e2b0dfd92,False,False,,,
Dauup Authorization,SSP Seller ID Tracker,Dauup,SSP,Zeam,SSP Ads.txt / Sellers.json,"dauup.com, 34183, DIRECT, 4daba13e2b0dfd92",dauup.com,34183,DIRECT,4daba13e2b0dfd92,False,False,,,
Dauup Authorization,SSP Seller ID Tracker,Dauup,SSP,Mango Mob,SSP Ads.txt / Sellers.json,"dauup.com, 34184, DIRECT, 4daba13e2b0dfd92",dauup.com,34184,DIRECT,4daba13e2b0dfd92,False,False,,,
Dauup Authorization,SSP Seller ID Tracker,Dauup,SSP,Amagi,SSP Ads.txt / Sellers.json,"dauup.com, 34185, DIRECT, 4daba13e2b0dfd92",dauup.com,34185,DIRECT,4daba13e2b0dfd92,False,False,,,
Dauup Authorization,SSP Seller ID Tracker,Dauup,SSP,Eskimi,SSP Ads.txt / Sellers.json,"dauup.com, 34186, DIRECT, 4daba13e2b0dfd92",dauup.com,34186,DIRECT,4daba13e2b0dfd92,False,False,,,
Dauup Authorization,SSP Seller ID Tracker,Dauup,SSP,Tec-Do,SSP Ads.txt / Sellers.json,"dauup.com, 34187, DIRECT, 4daba13e2b0dfd92",dauup.com,34187,DIRECT,4daba13e2b0dfd92,False,False,,,
Dauup Authorization,SSP Seller ID Tracker,Dauup,SSP,AdJoe,SSP Ads.txt / Sellers.json,"dauup.com, 34188, DIRECT, 4daba13e2b0dfd92",dauup.com,34188,DIRECT,4daba13e2b0dfd92,False,False,,,
Dauup Authorization,SSP Seller ID Tracker,Dauup,SSP,Oveeo,SSP Ads.txt / Sellers.json,"dauup.com, 34189, DIRECT, 4daba13e2b0dfd92",dauup.com,34189,DIRECT,4daba13e2b0dfd92,False,False,,,
Dauup Authorization,SSP Seller ID Tracker,Dauup,SSP,Anzu,SSP Ads.txt / Sellers.json,"dauup.com, 34190, DIRECT, 4daba13e2b0dfd92",dauup.com,34190,DIRECT,4daba13e2b0dfd92,False,False,,,
Dauup Authorization,SSP Seller ID Tracker,Dauup,SSP,Yandex,SSP Ads.txt / Sellers.json,"dauup.com, 34191, DIRECT, 4daba13e2b0dfd92",dauup.com,34191,DIRECT,4daba13e2b0dfd92,False,False,,,
Dauup Authorization,SSP Seller ID Tracker,Dauup,SSP,Epsilon,SSP Ads.txt / Sellers.json,"dauup.com, 34192, DIRECT, 4daba13e2b0dfd92",dauup.com,34192,DIRECT,4daba13e2b0dfd92,False,False,,,
Dauup Authorization,SSP Seller ID Tracker,Dauup,SSP,Boldwin,SSP Ads.txt / Sellers.json,"dauup.com, 34193, DIRECT, 4daba13e2b0dfd92",dauup.com,34193,DIRECT,4daba13e2b0dfd92,False,False,,,
Dauup Authorization,SSP Seller ID Tracker,Dauup,SSP,Fomo-TV,SSP Ads.txt / Sellers.json,"dauup.com, 34194, DIRECT, 4daba13e2b0dfd92",dauup.com,34194,DIRECT,4daba13e2b0dfd92,False,False,,,
Dauup Authorization,SSP Seller ID Tracker,Dauup,SSP,Taboola,SSP Ads.txt / Sellers.json,"dauup.com, 34195, DIRECT, 4daba13e2b0dfd92",dauup.com,34195,DIRECT,4daba13e2b0dfd92,False,False,,,
Dauup Authorization,SSP Seller ID Tracker,Dauup,SSP,Adte,SSP Ads.txt / Sellers.json,"dauup.com, 34196, DIRECT, 4daba13e2b0dfd92",dauup.com,34196,DIRECT,4daba13e2b0dfd92,False,False,,,
Dauup Authorization,SSP Seller ID Tracker,Dauup,SSP,zMaticoo,SSP Ads.txt / Sellers.json,"dauup.com, 34197, DIRECT, 4daba13e2b0dfd92",dauup.com,34197,DIRECT,4daba13e2b0dfd92,False,False,,,
Dauup Authorization,SSP Seller ID Tracker,Dauup,SSP,Markito,SSP Ads.txt / Sellers.json,"dauup.com, 34198, DIRECT, 4daba13e2b0dfd92",dauup.com,34198,DIRECT,4daba13e2b0dfd92,False,False,,,
Dauup Authorization,SSP Seller ID Tracker,Dauup,SSP,Mindtos,SSP Ads.txt / Sellers.json,"dauup.com, 34199, DIRECT, 4daba13e2b0dfd92",dauup.com,34199,DIRECT,4daba13e2b0dfd92,False,False,,,
Dauup Authorization,SSP Seller ID Tracker,Dauup,SSP,Blue Focus,SSP Ads.txt / Sellers.json,"dauup.com, 34200, DIRECT, 4daba13e2b0dfd92",dauup.com,34200,DIRECT,4daba13e2b0dfd92,False,False,,,
Dauup Authorization,SSP Seller ID Tracker,Dauup,SSP,Indicue,SSP Ads.txt / Sellers.json,"dauup.com, 34201, DIRECT, 4daba13e2b0dfd92",dauup.com,34201,DIRECT,4daba13e2b0dfd92,False,False,,,
Dauup Authorization,SSP Seller ID Tracker,Dauup,SSP,Ignite,SSP Ads.txt / Sellers.json,"dauup.com, 34202, DIRECT, 4daba13e2b0dfd92",dauup.com,34202,DIRECT,4daba13e2b0dfd92,False,False,,,
Dauup Authorization,SSP Seller ID Tracker,Dauup,SSP,Nativo,SSP Ads.txt / Sellers.json,"dauup.com, 34203, DIRECT, 4daba13e2b0dfd92",dauup.com,34203,DIRECT,4daba13e2b0dfd92,False,False,,,
Dauup Authorization,SSP Seller ID Tracker,Dauup,SSP,Adasta,SSP Ads.txt / Sellers.json,"dauup.com, 34204, DIRECT, 4daba13e2b0dfd92",dauup.com,34204,DIRECT,4daba13e2b0dfd92,False,False,,,
Dauup Authorization,SSP Seller ID Tracker,Dauup,SSP,Melodong,SSP Ads.txt / Sellers.json,"dauup.com, 34205, DIRECT, 4daba13e2b0dfd92",dauup.com,34205,DIRECT,4daba13e2b0dfd92,False,False,,,
Dauup Authorization,SSP Seller ID Tracker,Dauup,SSP,Pwr-Ads,SSP Ads.txt / Sellers.json,"dauup.com, 34206, DIRECT, 4daba13e2b0dfd92",dauup.com,34206,DIRECT,4daba13e2b0dfd92,False,False,,,
Dauup Authorization,SSP Seller ID Tracker,Dauup,SSP,New ID,SSP Ads.txt / Sellers.json,"dauup.com, 34207, DIRECT, 4daba13e2b0dfd92",dauup.com,34207,DIRECT,4daba13e2b0dfd92,False,False,,,
Dauup Authorization,SSP Seller ID Tracker,Dauup,SSP,VGI,SSP Ads.txt / Sellers.json,"dauup.com, 34208, DIRECT, 4daba13e2b0dfd92",dauup.com,34208,DIRECT,4daba13e2b0dfd92,False,False,,,
Dauup Authorization,SSP Seller ID Tracker,Dauup,SSP,AscendX,SSP Ads.txt / Sellers.json,"dauup.com, 34209, DIRECT, 4daba13e2b0dfd92",dauup.com,34209,DIRECT,4daba13e2b0dfd92,False,False,,,
Dauup Authorization,SSP Seller ID Tracker,Dauup,SSP,Rise,SSP Ads.txt / Sellers.json,"dauup.com, 34210, DIRECT, 4daba13e2b0dfd92",dauup.com,34210,DIRECT,4daba13e2b0dfd92,False,False,,,
Dauup Authorization,SSP Seller ID Tracker,Dauup,SSP,Illumin,SSP Ads.txt / Sellers.json,"dauup.com, 34211, DIRECT, 4daba13e2b0dfd92",dauup.com,34211,DIRECT,4daba13e2b0dfd92,False,False,,,
Dauup Authorization,SSP Seller ID Tracker,Dauup,SSP,Collectcent,SSP Ads.txt / Sellers.json,"dauup.com, 34212, DIRECT, 4daba13e2b0dfd93",dauup.com,34212,DIRECT,4daba13e2b0dfd93,False,False,,,
Dauup Authorization,SSP Seller ID Tracker,Dauup,SSP,Germane,SSP Ads.txt / Sellers.json,"dauup.com, 34213, DIRECT, 4daba13e2b0dfd94",dauup.com,34213,DIRECT,4daba13e2b0dfd94,False,False,,,
Dauup Authorization,SSP Seller ID Tracker,Dauup,SSP,Instreamatic,SSP Ads.txt / Sellers.json,"dauup.com, 34214, DIRECT, 4daba13e2b0dfd95",dauup.com,34214,DIRECT,4daba13e2b0dfd95,False,False,,,
Dauup Authorization,SSP Seller ID Tracker,Dauup,SSP,Mobismarter,SSP Ads.txt / Sellers.json,"dauup.com, 34215, DIRECT, 4daba13e2b0dfd96",dauup.com,34215,DIRECT,4daba13e2b0dfd96,False,False,,,
Dauup Authorization,SSP Seller ID Tracker,Dauup,SSP,Anzu,SSP Ads.txt / Sellers.json,"dauup.com, 34216, DIRECT, 4daba13e2b0dfd93",dauup.com,34216,DIRECT,4daba13e2b0dfd93,False,False,,,
Dauup Authorization,SSP Seller ID Tracker,Dauup,SSP,Nextent TV,SSP Ads.txt / Sellers.json,"dauup.com, 34217, DIRECT, 4daba13e2b0dfd96",dauup.com,34217,DIRECT,4daba13e2b0dfd96,False,False,,,
Dauup Authorization,SSP Seller ID Tracker,Dauup,SSP,Iion,SSP Ads.txt / Sellers.json,"dauup.com, 34218, DIRECT, 4daba13e2b0dfd97",dauup.com,34218,DIRECT,4daba13e2b0dfd97,False,False,,,
Dauup Authorization,SSP Seller ID Tracker,Dauup,SSP,BidEase,SSP Ads.txt / Sellers.json,"dauup.com, 34219, DIRECT, 4daba13e2b0dfd97",dauup.com,34219,DIRECT,4daba13e2b0dfd97,False,False,,,
Dauup Authorization,SSP Seller ID Tracker,Dauup,SSP,Voisetech,SSP Ads.txt / Sellers.json,"dauup.com, 34220, DIRECT, 4daba13e2b0dfd97",dauup.com,34220,DIRECT,4daba13e2b0dfd97,False,False,,,
Dauup Authorization,SSP Seller ID Tracker,Dauup,SSP,Vistars,SSP Ads.txt / Sellers.json,"dauup.com, 34221, DIRECT, 4daba13e2b0dfd97",dauup.com,34221,DIRECT,4daba13e2b0dfd97,False,False,,,
Dauup Authorization,SSP Seller ID Tracker,Dauup,SSP,BidMatrix,SSP Ads.txt / Sellers.json,"dauup.com, 34222, DIRECT, 4daba13e2b0dfd97",dauup.com,34222,DIRECT,4daba13e2b0dfd97,False,False,,,
Dauup Authorization,SSP Seller ID Tracker,Dauup,SSP,TheMediamGroup,SSP Ads.txt / Sellers.json,"dauup.com, 34223, DIRECT, 4daba13e2b0dfd97",dauup.com,34223,DIRECT,4daba13e2b0dfd97,False,False,,,
Dauup Authorization,SSP Seller ID Tracker,Dauup,SSP,VestaMedia,SSP Ads.txt / Sellers.json,"dauup.com, 34224, DIRECT, 4daba13e2b0dfd97",dauup.com,34224,DIRECT,4daba13e2b0dfd97,False,False,,,
Dauup Authorization,SSP Seller ID Tracker,Dauup,SSP,anzu,SSP Ads.txt / Sellers.json,"dauup.com,34225,DIRECT,4daba13e2b0dfd98",dauup.com,34225,DIRECT,4daba13e2b0dfd98,False,False,,,
Dauup Authorization,SSP Seller ID Tracker,Dauup,SSP,between,SSP Ads.txt / Sellers.json,"dauup.com,34226,DIRECT,4daba13e2b0dfd98",dauup.com,34226,DIRECT,4daba13e2b0dfd98,False,False,,,
Dauup Authorization,SSP Seller ID Tracker,Dauup,SSP,connatix,SSP Ads.txt / Sellers.json,"dauup.com,34227,DIRECT,4daba13e2b0dfd98",dauup.com,34227,DIRECT,4daba13e2b0dfd98,False,False,,,
Dauup Authorization,SSP Seller ID Tracker,Dauup,SSP,equativ,SSP Ads.txt / Sellers.json,"dauup.com,34228,DIRECT,4daba13e2b0dfd98",dauup.com,34228,DIRECT,4daba13e2b0dfd98,False,False,,,
Dauup Authorization,SSP Seller ID Tracker,Dauup,SSP,google,SSP Ads.txt / Sellers.json,"dauup.com,34229,DIRECT,4daba13e2b0dfd98",dauup.com,34229,DIRECT,4daba13e2b0dfd98,False,False,,,
Dauup Authorization,SSP Seller ID Tracker,Dauup,SSP,improve,SSP Ads.txt / Sellers.json,"dauup.com,34230,DIRECT,4daba13e2b0dfd98",dauup.com,34230,DIRECT,4daba13e2b0dfd98,False,False,,,
Dauup Authorization,SSP Seller ID Tracker,Dauup,SSP,indexexchange,SSP Ads.txt / Sellers.json,"dauup.com,34231,DIRECT,4daba13e2b0dfd98",dauup.com,34231,DIRECT,4daba13e2b0dfd98,False,False,,,
Dauup Authorization,SSP Seller ID Tracker,Dauup,SSP,ironsrc,SSP Ads.txt / Sellers.json,"dauup.com,34232,DIRECT,4daba13e2b0dfd98",dauup.com,34232,DIRECT,4daba13e2b0dfd98,False,False,,,
Dauup Authorization,SSP Seller ID Tracker,Dauup,SSP,krushmedia,SSP Ads.txt / Sellers.json,"dauup.com,34233,DIRECT,4daba13e2b0dfd98",dauup.com,34233,DIRECT,4daba13e2b0dfd98,False,False,,,
Dauup Authorization,SSP Seller ID Tracker,Dauup,SSP,outbrain,SSP Ads.txt / Sellers.json,"dauup.com,34234,DIRECT,4daba13e2b0dfd98",dauup.com,34234,DIRECT,4daba13e2b0dfd98,False,False,,,
Dauup Authorization,SSP Seller ID Tracker,Dauup,SSP,pulsepoint,SSP Ads.txt / Sellers.json,"dauup.com,34235,DIRECT,4daba13e2b0dfd98",dauup.com,34235,DIRECT,4daba13e2b0dfd98,False,False,,,
Dauup Authorization,SSP Seller ID Tracker,Dauup,SSP,rubicon,SSP Ads.txt / Sellers.json,"dauup.com,34236,DIRECT,4daba13e2b0dfd98",dauup.com,34236,DIRECT,4daba13e2b0dfd98,False,False,,,
Dauup Authorization,SSP Seller ID Tracker,Dauup,SSP,startio,SSP Ads.txt / Sellers.json,"dauup.com,34237,DIRECT,4daba13e2b0dfd98",dauup.com,34237,DIRECT,4daba13e2b0dfd98,False,False,,,
Dauup Authorization,SSP Seller ID Tracker,Dauup,SSP,themediagrid,SSP Ads.txt / Sellers.json,"dauup.com,34238,DIRECT,4daba13e2b0dfd98",dauup.com,34238,DIRECT,4daba13e2b0dfd98,False,False,,,
Dauup Authorization,SSP Seller ID Tracker,Dauup,SSP,triplelift,SSP Ads.txt / Sellers.json,"dauup.com,34239,DIRECT,4daba13e2b0dfd98",dauup.com,34239,DIRECT,4daba13e2b0dfd98,False,False,,,
Dauup Authorization,SSP Seller ID Tracker,Dauup,SSP,videoheroes,SSP Ads.txt / Sellers.json,"dauup.com,34240,DIRECT,4daba13e2b0dfd98",dauup.com,34240,DIRECT,4daba13e2b0dfd98,False,False,,,
Dauup Authorization,SSP Seller ID Tracker,Dauup,SSP,velocity.io,SSP Ads.txt / Sellers.json,"dauup.com,34241,DIRECT,4daba13e2b0dfd99",dauup.com,34241,DIRECT,4daba13e2b0dfd99,False,False,,,
Dauup Authorization,SSP Seller ID Tracker,Dauup,SSP,TBD,SSP Ads.txt / Sellers.json,"dauup.com, 34242, DIRECT",dauup.com,34242,DIRECT,,False,True,,,
Dauup Authorization,SSP Seller ID Tracker,Dauup,SSP,TBD,SSP Ads.txt / Sellers.json,"dauup.com, 34243, DIRECT",dauup.com,34243,DIRECT,,False,True,,,
Dauup Authorization,SSP Seller ID Tracker,Dauup,SSP,TBD,SSP Ads.txt / Sellers.json,"dauup.com, 34244, DIRECT",dauup.com,34244,DIRECT,,False,True,,,
Dauup Authorization,SSP Seller ID Tracker,Dauup,SSP,TBD,SSP Ads.txt / Sellers.json,"dauup.com, 34245, DIRECT",dauup.com,34245,DIRECT,,False,True,,,
Dauup Authorization,SSP Seller ID Tracker,Dauup,SSP,TBD,SSP Ads.txt / Sellers.json,"dauup.com, 34246, DIRECT",dauup.com,34246,DIRECT,,False,True,,,
Dauup Authorization,SSP Seller ID Tracker,Dauup,SSP,TBD,SSP Ads.txt / Sellers.json,"dauup.com, 34247, DIRECT",dauup.com,34247,DIRECT,,False,True,,,
Dauup Authorization,SSP Seller ID Tracker,Dauup,SSP,TBD,SSP Ads.txt / Sellers.json,"dauup.com, 34248, DIRECT",dauup.com,34248,DIRECT,,False,True,,,
Dauup Authorization,SSP Seller ID Tracker,Dauup,SSP,TBD,SSP Ads.txt / Sellers.json,"dauup.com, 34249, DIRECT",dauup.com,34249,DIRECT,,False,True,,,
Dauup Authorization,SSP Seller ID Tracker,Dauup,SSP,TBD,SSP Ads.txt / Sellers.json,"dauup.com, 34250, DIRECT",dauup.com,34250,DIRECT,,False,True,,,
Dauup Authorization,SSP Seller ID Tracker,Dauup,SSP,TBD,SSP Ads.txt / Sellers.json,"dauup.com, 34251, DIRECT",dauup.com,34251,DIRECT,,False,True,,,
Dauup Authorization,SSP Seller ID Tracker,Dauup,SSP,TBD,SSP Ads.txt / Sellers.json,"dauup.com, 34252, DIRECT",dauup.com,34252,DIRECT,,False,True,,,
Dauup Authorization,SSP Seller ID Tracker,Dauup,SSP,TBD,SSP Ads.txt / Sellers.json,"dauup.com, 34253, DIRECT",dauup.com,34253,DIRECT,,False,True,,,
Partner Demand Enablement,Supply Line,SSP / Partner,Publisher,adtelligent,Publisher Ads.txt,"adtelligent.com, 775983, RESELLER, 8ce87912eb022a51",adtelligent.com,775983,RESELLER,8ce87912eb022a51,False,False,,adtelligent,Dauup
Partner Demand Enablement,Supply Line,SSP / Partner,Publisher,Algorix,Publisher Ads.txt,"algorix.co, 604689, RESELLER, 5b394c12fea27a1d",algorix.co,604689,RESELLER,5b394c12fea27a1d,False,False,,Algorix,Dauup
Partner Demand Enablement,Supply Line,SSP / Partner,Publisher,Algorix,Publisher Ads.txt,"33across.com, 001Pg00001VAQQKIA5, RESELLER, bbea06d9c4d2853c",33across.com,001Pg00001VAQQKIA5,RESELLER,bbea06d9c4d2853c,False,False,,Algorix,RESELLER
Partner Demand Enablement,Supply Line,SSP / Partner,Publisher,Algorix,Publisher Ads.txt,"sabio.us, 100160, RESELLER, 96ed93aaa9795702",sabio.us,100160,RESELLER,96ed93aaa9795702,False,False,,Algorix,RESELLER
Partner Demand Enablement,Supply Line,SSP / Partner,Publisher,Algorix,Publisher Ads.txt,"axonix.com, 59218, reseller",axonix.com,59218,RESELLER,,False,False,,Algorix,RESELLER
Partner Demand Enablement,Supply Line,SSP / Partner,Publisher,Algorix,Publisher Ads.txt,"Tredio.io,357a6fdf7642bf815a88822c447d9dc436891,RESELLER",tredio.io,357a6fdf7642bf815a88822c447d9dc436891,RESELLER,,False,False,,Algorix,RESELLER
Partner Demand Enablement,Supply Line,SSP / Partner,Publisher,Algorix,Publisher Ads.txt,"tunnl.com, 62006, RESELLER",tunnl.com,62006,RESELLER,,False,False,,Algorix,RESELLER
Partner Demand Enablement,Supply Line,SSP / Partner,Publisher,Algorix,Publisher Ads.txt,"Media.net, 8CUH2L333, RESELLER",media.net,8CUH2L333,RESELLER,,False,False,,Algorix,RESELLER
Partner Demand Enablement,Supply Line,SSP / Partner,Publisher,Algorix,Publisher Ads.txt,"eyeconicspot.com, 4819, RESELLER, 2cec374be7db7217",eyeconicspot.com,4819,RESELLER,2cec374be7db7217,False,False,,Algorix,RESELLER
Partner Demand Enablement,Supply Line,SSP / Partner,Publisher,Algorix,Publisher Ads.txt,"triplelift.com, 13043, RESELLER, 6c33edb13117fd86",triplelift.com,13043,RESELLER,6c33edb13117fd86,False,False,,Algorix,RESELLER
Partner Demand Enablement,Supply Line,SSP / Partner,Publisher,Algorix,Publisher Ads.txt,"onlinemediasolutions.com, 20444, RESELLER",onlinemediasolutions.com,20444,RESELLER,,False,False,,Algorix,RESELLER
Partner Demand Enablement,Supply Line,SSP / Partner,Publisher,Algorix,Publisher Ads.txt,"risecodes.com, 686ea3dfe2c0d50001e494e2, RESELLER",risecodes.com,686ea3dfe2c0d50001e494e2,RESELLER,,False,False,,Algorix,RESELLER
Partner Demand Enablement,Supply Line,SSP / Partner,Publisher,Algorix,Publisher Ads.txt,"Media.net, 8CUJ45KQQ, RESELLER",media.net,8CUJ45KQQ,RESELLER,,False,False,,Algorix,RESELLER
Partner Demand Enablement,Supply Line,SSP / Partner,Publisher,Algorix,Publisher Ads.txt,"onetag.com, 94f408092cae673, RESELLER",onetag.com,94f408092cae673,RESELLER,,False,False,,Algorix,RESELLER
Partner Demand Enablement,Supply Line,SSP / Partner,Publisher,Algorix,Publisher Ads.txt,"uis.mobfox.com, 2346, RESELLER, 5529a3d1f59865be",uis.mobfox.com,2346,RESELLER,5529a3d1f59865be,False,False,,Algorix,RESELLER
Partner Demand Enablement,Supply Line,SSP / Partner,Publisher,Bidease,Publisher Ads.txt,"bidease.com, Sxrqj3TxlZ60, RESELLER",bidease.com,Sxrqj3TxlZ60,RESELLER,,False,False,,Bidease,RESELLER
Partner Demand Enablement,Supply Line,SSP / Partner,Publisher,Bidease,Publisher Ads.txt,"pubmatic.com, 165980, RESELLER, 5d62403b186f2ace",pubmatic.com,165980,RESELLER,5d62403b186f2ace,False,False,,Bidease,RESELLER
Partner Demand Enablement,Supply Line,SSP / Partner,Publisher,Bidease,Publisher Ads.txt,"video.unrulymedia.com, 739131256, RESELLER",video.unrulymedia.com,739131256,RESELLER,,False,False,,Bidease,RESELLER
Partner Demand Enablement,Supply Line,SSP / Partner,Publisher,Bidease,Publisher Ads.txt,"display.io, 224469, RESELLER",display.io,224469,RESELLER,,False,False,,Bidease,RESELLER
Partner Demand Enablement,Supply Line,SSP / Partner,Publisher,Consumable,Publisher Ads.txt,"consumable.com, 2001664, RESELLER, aefcd3d2f45b5070",consumable.com,2001664,RESELLER,aefcd3d2f45b5070,False,False,,Consumable,Dauup
Partner Demand Enablement,Supply Line,SSP / Partner,Publisher,Consumable,Publisher Ads.txt,"tritondigital.com, 106423, RESELLER, 19b4454d0b87b58b",tritondigital.com,106423,RESELLER,19b4454d0b87b58b,False,False,,Consumable,RESELLER
Partner Demand Enablement,Supply Line,SSP / Partner,Publisher,Consumable,Publisher Ads.txt,"adswizz.com, 561, RESELLER",adswizz.com,561,RESELLER,,False,False,,Consumable,RESELLER
Partner Demand Enablement,Supply Line,SSP / Partner,Publisher,Consumable,Publisher Ads.txt,"adswizz.com, 80, RESELLER",adswizz.com,80,RESELLER,,False,False,,Consumable,RESELLER
Partner Demand Enablement,Supply Line,SSP / Partner,Publisher,Consumable,Publisher Ads.txt,"adswizz.com, 318, RESELLER",adswizz.com,318,RESELLER,,False,False,,Consumable,RESELLER
Partner Demand Enablement,Supply Line,SSP / Partner,Publisher,Consumable,Publisher Ads.txt,"adswizz.com, 666, RESELLER",adswizz.com,666,RESELLER,,False,False,,Consumable,RESELLER
Partner Demand Enablement,Supply Line,SSP / Partner,Publisher,Consumable,Publisher Ads.txt,"pubmatic.com, 156319, RESELLER, 5d62403b186f2ace",pubmatic.com,156319,RESELLER,5d62403b186f2ace,False,False,,Consumable,RESELLER
Partner Demand Enablement,Supply Line,SSP / Partner,Publisher,Consumable,Publisher Ads.txt,"rubiconproject.com, 24856, RESELLER",rubiconproject.com,24856,RESELLER,,False,False,,Consumable,RESELLER
Partner Demand Enablement,Supply Line,SSP / Partner,Publisher,Consumable,Publisher Ads.txt,"openx.com, 560678323, RESELLER, 6a698e2ec38604c6",openx.com,560678323,RESELLER,6a698e2ec38604c6,False,False,,Consumable,RESELLER
Partner Demand Enablement,Supply Line,SSP / Partner,Publisher,Consumable,Publisher Ads.txt,"smartadserver.com, 4295, RESELLER",smartadserver.com,4295,RESELLER,,False,False,,Consumable,RESELLER
Partner Demand Enablement,Supply Line,SSP / Partner,Publisher,Consumable,Publisher Ads.txt,"conversantmedia.com, 100087, RESELLER, 03113cd04947736d",conversantmedia.com,100087,RESELLER,03113cd04947736d,False,False,,Consumable,RESELLER
Partner Demand Enablement,Supply Line,SSP / Partner,Publisher,Consumable,Publisher Ads.txt,"thisisglobal.com, 5329, RESELLER",thisisglobal.com,5329,RESELLER,,False,False,,Consumable,RESELLER
Partner Demand Enablement,Supply Line,SSP / Partner,Publisher,Consumable,Publisher Ads.txt,"thisisglobal.com, 5330, RESELLER",thisisglobal.com,5330,RESELLER,,False,False,,Consumable,RESELLER
Partner Demand Enablement,Supply Line,SSP / Partner,Publisher,Consumable,Publisher Ads.txt,"yieldmo.com, 3767655858003976647, RESELLER",yieldmo.com,3767655858003976647,RESELLER,,False,False,,Consumable,RESELLER
Partner Demand Enablement,Supply Line,SSP / Partner,Publisher,Consumable,Publisher Ads.txt,"onetag.com, 6c68086c0c61793, RESELLER",onetag.com,6c68086c0c61793,RESELLER,,False,False,,Consumable,RESELLER
Partner Demand Enablement,Supply Line,SSP / Partner,Publisher,Consumable,Publisher Ads.txt,"boldcollective.co, 740685, RESELLER",boldcollective.co,740685,RESELLER,,False,False,,Consumable,RESELLER
Partner Demand Enablement,Supply Line,SSP / Partner,Publisher,Consumable,Publisher Ads.txt,"pubmatic.com, 158408, RESELLER, 5d62403b186f2ace",pubmatic.com,158408,RESELLER,5d62403b186f2ace,False,False,,Consumable,RESELLER
Partner Demand Enablement,Supply Line,SSP / Partner,Publisher,Consumable,Publisher Ads.txt,"lijit.com, 248396, RESELLER, fafdf38b16bf6b2b",lijit.com,248396,RESELLER,fafdf38b16bf6b2b,False,False,,Consumable,RESELLER
Partner Demand Enablement,Supply Line,SSP / Partner,Publisher,Consumable,Publisher Ads.txt,"freewheel.tv, sg1244553, RESELLER",freewheel.tv,sg1244553,RESELLER,,False,False,,Consumable,RESELLER
Partner Demand Enablement,Supply Line,SSP / Partner,Publisher,Consumable,Publisher Ads.txt,"freewheel.tv, 533097-r-523319, RESELLER",freewheel.tv,533097-r-523319,RESELLER,,False,False,,Consumable,RESELLER
Partner Demand Enablement,Supply Line,SSP / Partner,Publisher,Consumable,Publisher Ads.txt,"media.net, 8CU2LX548, RESELLER",media.net,8CU2LX548,RESELLER,,False,False,,Consumable,RESELLER
Partner Demand Enablement,Supply Line,SSP / Partner,Publisher,Consumable,Publisher Ads.txt,"appnexus.com, 7556, RESELLER, f5ab79cb980f11d1",appnexus.com,7556,RESELLER,f5ab79cb980f11d1,False,False,,Consumable,RESELLER
Partner Demand Enablement,Supply Line,SSP / Partner,Publisher,Consumable,Publisher Ads.txt,"targetspot.com, 366, RESELLER, feb28ed826dcf532",targetspot.com,366,RESELLER,feb28ed826dcf532,False,False,,Consumable,RESELLER
Partner Demand Enablement,Supply Line,SSP / Partner,Publisher,E-planning,Publisher Ads.txt,"e-planning.net, 393519737956f8ae, RESELLER, c1ba615865ed87b2",e-planning.net,393519737956f8ae,RESELLER,c1ba615865ed87b2,False,False,,E-planning,Dauup
Partner Demand Enablement,Supply Line,SSP / Partner,Publisher,Equativ,Publisher Ads.txt,"smartadserver.com, 5924, RESELLER, 060d053dcf45cbf3",smartadserver.com,5924,RESELLER,060d053dcf45cbf3,False,False,,Equativ,Dauup
Partner Demand Enablement,Supply Line,SSP / Partner,Publisher,Equativ,Publisher Ads.txt,"pubmatic.com, 156439, RESELLER, 5d62403b186f2ace",pubmatic.com,156439,RESELLER,5d62403b186f2ace,False,False,,Equativ,RESELLER
Partner Demand Enablement,Supply Line,SSP / Partner,Publisher,Equativ,Publisher Ads.txt,"pubmatic.com, 154037, RESELLER, 5d62403b186f2ace",pubmatic.com,154037,RESELLER,5d62403b186f2ace,False,False,,Equativ,RESELLER
Partner Demand Enablement,Supply Line,SSP / Partner,Publisher,Equativ,Publisher Ads.txt,"rubiconproject.com, 16114, RESELLER, 0bfd66d529a55807",rubiconproject.com,16114,RESELLER,0bfd66d529a55807,False,False,,Equativ,RESELLER
Partner Demand Enablement,Supply Line,SSP / Partner,Publisher,Equativ,Publisher Ads.txt,"openx.com, 537149888, RESELLER, 6a698e2ec38604c6",openx.com,537149888,RESELLER,6a698e2ec38604c6,False,False,,Equativ,RESELLER
Partner Demand Enablement,Supply Line,SSP / Partner,Publisher,Equativ,Publisher Ads.txt,"appnexus.com, 3703, RESELLER, f5ab79cb980f11d1",appnexus.com,3703,RESELLER,f5ab79cb980f11d1,False,False,,Equativ,RESELLER
Partner Demand Enablement,Supply Line,SSP / Partner,Publisher,Equativ,Publisher Ads.txt,"loopme.com, 5679, RESELLER, 6c8d5f95897a5a3b",loopme.com,5679,RESELLER,6c8d5f95897a5a3b,False,False,,Equativ,RESELLER
Partner Demand Enablement,Supply Line,SSP / Partner,Publisher,Equativ,Publisher Ads.txt,"xad.com, 958, RESELLER, 81cbf0a75a5e0e9a",xad.com,958,RESELLER,81cbf0a75a5e0e9a,False,False,,Equativ,RESELLER
Partner Demand Enablement,Supply Line,SSP / Partner,Publisher,Equativ,Publisher Ads.txt,"video.unrulymedia.com, 2564526802, RESELLER, 6f752381ad5ec0e5",video.unrulymedia.com,2564526802,RESELLER,6f752381ad5ec0e5,False,False,,Equativ,RESELLER
Partner Demand Enablement,Supply Line,SSP / Partner,Publisher,Equativ,Publisher Ads.txt,"smaato.com, 1100044045, RESELLER, 07bcf65f187117b4",smaato.com,1100044045,RESELLER,07bcf65f187117b4,False,False,,Equativ,RESELLER
Partner Demand Enablement,Supply Line,SSP / Partner,Publisher,Equativ,Publisher Ads.txt,"pubnative.net, 1006576, RESELLER, d641df8625486a7b",pubnative.net,1006576,RESELLER,d641df8625486a7b,False,False,,Equativ,RESELLER
Partner Demand Enablement,Supply Line,SSP / Partner,Publisher,Equativ,Publisher Ads.txt,"verve.com, 15503, RESELLER, 0c8f5958fc2d6270",verve.com,15503,RESELLER,0c8f5958fc2d6270,False,False,,Equativ,RESELLER
Partner Demand Enablement,Supply Line,SSP / Partner,Publisher,Equativ,Publisher Ads.txt,"adyoulike.com, b4bf4fdd9b0b915f746f6747ff432bde, RESELLER, 4ad745ead2958bf7",adyoulike.com,b4bf4fdd9b0b915f746f6747ff432bde,RESELLER,4ad745ead2958bf7,False,False,,Equativ,RESELLER
Partner Demand Enablement,Supply Line,SSP / Partner,Publisher,Equativ,Publisher Ads.txt,"axonix.com, 57264, RESELLER, bc385f2b4a87b721",axonix.com,57264,RESELLER,bc385f2b4a87b721,False,False,,Equativ,RESELLER
Partner Demand Enablement,Supply Line,SSP / Partner,Publisher,Equativ,Publisher Ads.txt,"admanmedia.com, 43, RESELLER",admanmedia.com,43,RESELLER,,False,False,,Equativ,RESELLER
Partner Demand Enablement,Supply Line,SSP / Partner,Publisher,Equativ,Publisher Ads.txt,"sharethrough.com, OAW69Fon, RESELLER, d53b998a7bd4ecd2",sharethrough.com,OAW69Fon,RESELLER,d53b998a7bd4ecd2,False,False,,Equativ,RESELLER
Partner Demand Enablement,Supply Line,SSP / Partner,Publisher,Equativ,Publisher Ads.txt,"contextweb.com, 560288, RESELLER, 89ff185a4c4e857c",contextweb.com,560288,RESELLER,89ff185a4c4e857c,False,False,,Equativ,RESELLER
Partner Demand Enablement,Supply Line,SSP / Partner,Publisher,Equativ,Publisher Ads.txt,"thunder-monetize.com, 1947298216, RESELLER",thunder-monetize.com,1947298216,RESELLER,,False,False,,Equativ,RESELLER
Partner Demand Enablement,Supply Line,SSP / Partner,Publisher,Equativ,Publisher Ads.txt,"contextweb.com, 563115, RESELLER, 89ff185a4c4e857c",contextweb.com,563115,RESELLER,89ff185a4c4e857c,False,False,,Equativ,RESELLER
Partner Demand Enablement,Supply Line,SSP / Partner,Publisher,Equativ,Publisher Ads.txt,"ogury.com, ede8d6ba-5a3f-4dfa-85aa-8cfb3c42f970, RESELLER",ogury.com,ede8d6ba-5a3f-4dfa-85aa-8cfb3c42f970,RESELLER,,False,False,,Equativ,RESELLER
Partner Demand Enablement,Supply Line,SSP / Partner,Publisher,Equativ,Publisher Ads.txt,"appads.in, 107606, RESELLER, #Loopme",appads.in,107606,RESELLER,#loopme,False,False,,Equativ,RESELLER
Partner Demand Enablement,Supply Line,SSP / Partner,Publisher,Equativ,Publisher Ads.txt,"rubiconproject.com, 24600, RESELLER, 0bfd66d529a55807 #Smaato",rubiconproject.com,24600,RESELLER,0bfd66d529a55807 #smaato,False,False,,Equativ,RESELLER
Partner Demand Enablement,Supply Line,SSP / Partner,Publisher,Equativ,Publisher Ads.txt,"pubmatic.com, 156177, RESELLER, 5d62403b186f2ace #Smaato",pubmatic.com,156177,RESELLER,5d62403b186f2ace #smaato,False,False,,Equativ,RESELLER
Partner Demand Enablement,Supply Line,SSP / Partner,Publisher,Equativ,Publisher Ads.txt,"rubiconproject.com, 17328, RESELLER, 0bfd66d529a55807 #Verve (Pubnative)",rubiconproject.com,17328,RESELLER,0bfd66d529a55807 #verve (pubnative),False,False,,Equativ,RESELLER
Partner Demand Enablement,Supply Line,SSP / Partner,Publisher,Freewheel,Publisher Ads.txt,"freewheel.tv, 545588-r-524565, RESELLER",freewheel.tv,545588-r-524565,RESELLER,,False,False,,Freewheel,RESELLER
Partner Demand Enablement,Supply Line,SSP / Partner,Publisher,Freewheel,Publisher Ads.txt,"freewheel.tv, 545588-r-523319, RESELLER",freewheel.tv,545588-r-523319,RESELLER,,False,False,,Freewheel,RESELLER
Partner Demand Enablement,Supply Line,SSP / Partner,Publisher,Inmobi,Publisher Ads.txt,"inmobi.com, 954d536310204f42acc55e5ebf18bc53, RESELLER, 83e75a7ae333ca9d",inmobi.com,954d536310204f42acc55e5ebf18bc53,RESELLER,83e75a7ae333ca9d,False,False,,Inmobi,Dauup
Partner Demand Enablement,Supply Line,SSP / Partner,Publisher,Lacuna,Publisher Ads.txt,"ushareit.com,LC75f1677a17a6970e,RESELLER",ushareit.com,LC75f1677a17a6970e,RESELLER,,False,False,,Lacuna,Dauup
Partner Demand Enablement,Supply Line,SSP / Partner,Publisher,Lacuna,Publisher Ads.txt,"lacunads.com, LC75f1677a17a6970e, RESELLER",lacunads.com,LC75f1677a17a6970e,RESELLER,,False,False,,Lacuna,Dauup
Partner Demand Enablement,Supply Line,SSP / Partner,Publisher,Pubnative (Verve group),Publisher Ads.txt,"pubnative.net, 1016768, RESELLER, d641df8625486a7b",pubnative.net,1016768,RESELLER,d641df8625486a7b,False,False,,Pubnative (Verve group),Dauup
Partner Demand Enablement,Supply Line,SSP / Partner,Publisher,pwr-ads,Publisher Ads.txt,"pwr-games.com, 843651, RESELLER",pwr-games.com,843651,RESELLER,,False,False,,pwr-ads,Dauup
Partner Demand Enablement,Supply Line,SSP / Partner,Publisher,pwr-ads,Publisher Ads.txt,"playlineentertainment.com, 94806, RESELLER",playlineentertainment.com,94806,RESELLER,,False,False,,pwr-ads,Dauup
Partner Demand Enablement,Supply Line,SSP / Partner,Publisher,pwr-ads,Publisher Ads.txt,"ppingg.com, 101804, RESELLER",ppingg.com,101804,RESELLER,,False,False,,pwr-ads,RESELLER
Partner Demand Enablement,Supply Line,SSP / Partner,Publisher,pwr-ads,Publisher Ads.txt,"ppingg.com, 101806, RESELLER",ppingg.com,101806,RESELLER,,False,False,,pwr-ads,RESELLER
Partner Demand Enablement,Supply Line,SSP / Partner,Publisher,pwr-ads,Publisher Ads.txt,"pwr-games.com, 843650, RESELLER",pwr-games.com,843650,RESELLER,,False,False,,pwr-ads,RESELLER
Partner Demand Enablement,Supply Line,SSP / Partner,Publisher,pwr-ads,Publisher Ads.txt,"pwr-games.com, 843652, RESELLER",pwr-games.com,843652,RESELLER,,False,False,,pwr-ads,RESELLER
Partner Demand Enablement,Supply Line,SSP / Partner,Publisher,pwr-ads,Publisher Ads.txt,"streamstak.com, 60784, RESELLER",streamstak.com,60784,RESELLER,,False,False,,pwr-ads,RESELLER
Partner Demand Enablement,Supply Line,SSP / Partner,Publisher,pwr-ads,Publisher Ads.txt,"streamstak.com, 60783, RESELLER",streamstak.com,60783,RESELLER,,False,False,,pwr-ads,RESELLER
Partner Demand Enablement,Supply Line,SSP / Partner,Publisher,pwr-ads,Publisher Ads.txt,"pwr-games.com, 843649, RESELLER",pwr-games.com,843649,RESELLER,,False,False,,pwr-ads,RESELLER
Partner Demand Enablement,Supply Line,SSP / Partner,Publisher,pwr-ads,Publisher Ads.txt,"playlineentertainment.com, 94805, RESELLER",playlineentertainment.com,94805,RESELLER,,False,False,,pwr-ads,RESELLER
Partner Demand Enablement,Supply Line,SSP / Partner,Publisher,pwr-ads,Publisher Ads.txt,"sharethrough.com, jLTNbU7J, RESELLER, d53b998a7bd4ecd2",sharethrough.com,jLTNbU7J,RESELLER,d53b998a7bd4ecd2,False,False,,pwr-ads,RESELLER
Partner Demand Enablement,Supply Line,SSP / Partner,Publisher,pwr-ads,Publisher Ads.txt,"ppingg.com, 101805, RESELLER",ppingg.com,101805,RESELLER,,False,False,,pwr-ads,RESELLER
Partner Demand Enablement,Supply Line,SSP / Partner,Publisher,pwr-ads,Publisher Ads.txt,"streamstak.com, 60785, RESELLER",streamstak.com,60785,RESELLER,,False,False,,pwr-ads,RESELLER
Partner Demand Enablement,Supply Line,SSP / Partner,Publisher,pwr-ads,Publisher Ads.txt,"ppingg.com, 101803, RESELLER",ppingg.com,101803,RESELLER,,False,False,,pwr-ads,RESELLER
Partner Demand Enablement,Supply Line,SSP / Partner,Publisher,pwr-ads,Publisher Ads.txt,"playlineentertainment.com, 94804, RESELLER",playlineentertainment.com,94804,RESELLER,,False,False,,pwr-ads,RESELLER
Partner Demand Enablement,Supply Line,SSP / Partner,Publisher,pwr-ads,Publisher Ads.txt,"loopme.com, 15685, RESELLER, 6c8d5f95897a5a3b",loopme.com,15685,RESELLER,6c8d5f95897a5a3b,False,False,,pwr-ads,RESELLER
Partner Demand Enablement,Supply Line,SSP / Partner,Publisher,Smaato (Verve group),Publisher Ads.txt,"smaato.com, 1100059370, RESELLER, 07bcf65f187117b4",smaato.com,1100059370,RESELLER,07bcf65f187117b4,False,False,,Smaato (Verve group),Dauup
Partner Demand Enablement,Supply Line,SSP / Partner,Publisher,Smaato (Verve group),Publisher Ads.txt,"smaato.com, 1100047589, RESELLER, 07bcf65f187117b4",smaato.com,1100047589,RESELLER,07bcf65f187117b4,False,False,,Smaato (Verve group),Dauup
Partner Demand Enablement,Supply Line,SSP / Partner,Publisher,Smarty Ads,Publisher Ads.txt,"smartyads.com, 847, RESELLER",smartyads.com,847,RESELLER,,False,False,,Smarty Ads,Dauup
Partner Demand Enablement,Supply Line,SSP / Partner,Publisher,Sovrn,Publisher Ads.txt,"lijit.com, 541964, RESELLER, fafdf38b16bf6b2b #SOVRN",lijit.com,541964,RESELLER,fafdf38b16bf6b2b #sovrn,False,False,,Sovrn,Dauup
Partner Demand Enablement,Supply Line,SSP / Partner,Publisher,Tredio,Publisher Ads.txt,"tredio.io, 357a6fdf7642bf815a88822c447d9dc436965, RESELLER",tredio.io,357a6fdf7642bf815a88822c447d9dc436965,RESELLER,,False,False,,Tredio,Dauup
Partner Demand Enablement,Supply Line,SSP / Partner,Publisher,Unruly (Wiseroll),Publisher Ads.txt,"video.unrulymedia.com, 2979066401945419350, RESELLER",video.unrulymedia.com,2979066401945419350,RESELLER,,False,False,,Unruly (Wiseroll),Dauup
Partner Demand Enablement,Supply Line,SSP / Partner,Publisher,Unruly (Yeda),Publisher Ads.txt,"video.unrulymedia.com, 389912353, RESELLER",video.unrulymedia.com,389912353,RESELLER,,False,False,,Unruly (Yeda),Dauup
Partner Demand Enablement,Supply Line,SSP / Partner,Publisher,Voisetech,Publisher Ads.txt,"voisetech.com, 1434, DIRECT, 9009ef0379162448",voisetech.com,1434,DIRECT,9009ef0379162448,False,False,,Voisetech,Direct
Partner Demand Enablement,Supply Line,SSP / Partner,Publisher,Voisetech,Publisher Ads.txt,"google.com, pub-1682595508078257, RESELLER, f08c47fec0942fa0",google.com,pub-1682595508078257,RESELLER,f08c47fec0942fa0,False,False,,Voisetech,RESELLER
Partner Demand Enablement,Supply Line,SSP / Partner,Publisher,Voisetech,Publisher Ads.txt,"pubmatic.com, 165116, RESELLER, 5d62403b186f2ace",pubmatic.com,165116,RESELLER,5d62403b186f2ace,False,False,,Voisetech,RESELLER
Partner Demand Enablement,Supply Line,SSP / Partner,Publisher,Voisetech,Publisher Ads.txt,"smartadserver.com, 4972, RESELLER, 060d053dcf45cbf3",smartadserver.com,4972,RESELLER,060d053dcf45cbf3,False,False,,Voisetech,RESELLER
Partner Demand Enablement,Supply Line,SSP / Partner,Publisher,Voisetech,Publisher Ads.txt,"improvedigital.com, 2877, RESELLER",improvedigital.com,2877,RESELLER,,False,False,,Voisetech,RESELLER
Partner Demand Enablement,Supply Line,SSP / Partner,Publisher,Voisetech,Publisher Ads.txt,"video.unrulymedia.com, 436487936, RESELLER",video.unrulymedia.com,436487936,RESELLER,,False,False,,Voisetech,RESELLER
Partner Demand Enablement,Supply Line,SSP / Partner,Publisher,Voisetech,Publisher Ads.txt,"lijit.com, 511365, RESELLER, fafdf38b16bf6b2b",lijit.com,511365,RESELLER,fafdf38b16bf6b2b,False,False,,Voisetech,RESELLER
Partner Demand Enablement,Supply Line,SSP / Partner,Publisher,Voisetech,Publisher Ads.txt,"connatix.com, 1756208430631890, RESELLER, 2af98acdee0e81ed",connatix.com,1756208430631890,RESELLER,2af98acdee0e81ed,False,False,,Voisetech,RESELLER
Partner Demand Enablement,Supply Line,SSP / Partner,Publisher,Voisetech,Publisher Ads.txt,"freewheel.tv, 534998-r-524565, RESELLER",freewheel.tv,534998-r-524565,RESELLER,,False,False,,Voisetech,RESELLER
Partner Demand Enablement,Supply Line,SSP / Partner,Publisher,Voisetech,Publisher Ads.txt,"freewheel.tv, 534998-r-523319, RESELLER",freewheel.tv,534998-r-523319,RESELLER,,False,False,,Voisetech,RESELLER
Partner Demand Enablement,Supply Line,SSP / Partner,Publisher,Voisetech,Publisher Ads.txt,"xandr.com, 17779, RESELLER",xandr.com,17779,RESELLER,,False,False,,Voisetech,RESELLER
Partner Demand Enablement,Supply Line,SSP / Partner,Publisher,Voisetech,Publisher Ads.txt,"appnexus.com, 17779, RESELLER",appnexus.com,17779,RESELLER,,False,False,,Voisetech,RESELLER
Partner Demand Enablement,Supply Line,SSP / Partner,Publisher,Voisetech,Publisher Ads.txt,"Media.net, 8CU7C02BH, RESELLER",media.net,8CU7C02BH,RESELLER,,False,False,,Voisetech,RESELLER
Partner Demand Enablement,Supply Line,SSP / Partner,Publisher,Voisetech,Publisher Ads.txt,"adform.com, 3400, RESELLER, 9f5210a2f0999e32",adform.com,3400,RESELLER,9f5210a2f0999e32,False,False,,Voisetech,RESELLER
Partner Demand Enablement,Supply Line,SSP / Partner,Publisher,WMG,Publisher Ads.txt,"adwmg.com, 101169, RESELLER, c9688a22012618e7",adwmg.com,101169,RESELLER,c9688a22012618e7,False,False,,WMG,Dauup
Dauup Authorization,Priority,Dauup,Publisher,Dauup,Publisher Ads.txt,"dauup.com, *****, DIRECT, 4daba13e2b0dfd92",dauup.com,*****,DIRECT,4daba13e2b0dfd92,True,True,Format: 39079,Dauup,
Partner Demand Enablement,Priority,Partner,Publisher,Freewheel,Publisher Ads.txt,"freewheel.tv, 545588-r-524565, RESELLER",freewheel.tv,545588-r-524565,RESELLER,,True,False,Format: both,Freewheel,
Partner Demand Enablement,Priority,Partner,Publisher,Freewheel,Publisher Ads.txt,"freewheel.tv, 545588-r-523319, RESELLER",freewheel.tv,545588-r-523319,RESELLER,,True,False,Format: both,Freewheel,
Partner Demand Enablement,Priority,Partner,Publisher,Equativ,Publisher Ads.txt,"smartadserver.com, 5924, RESELLER, 060d053dcf45cbf3",smartadserver.com,5924,RESELLER,060d053dcf45cbf3,True,False,Format: both,Equativ,
Partner Demand Enablement,Priority,Partner,Publisher,Yeda Nexxen,Publisher Ads.txt,"video.unrulymedia.com, 389912353, RESELLER",video.unrulymedia.com,389912353,RESELLER,,True,False,Format: both,Yeda Nexxen,
Partner Demand Enablement,Priority,Partner,Publisher,Consumable,Publisher Ads.txt,"consumable.com, 2001664, RESELLER, aefcd3d2f45b5070",consumable.com,2001664,RESELLER,aefcd3d2f45b5070,True,False,Format: both,Consumable,
Partner Demand Enablement,Priority,Partner,Publisher,Wiseroll Nexxen,Publisher Ads.txt,"video.unrulymedia.com, 2979066401945419350, RESELLER",video.unrulymedia.com,2979066401945419350,RESELLER,,True,False,Format: both,Wiseroll Nexxen,
Partner Demand Enablement,Priority,Partner,Publisher,Smaato,Publisher Ads.txt,"smaato.com, 1100059370, RESELLER, 07bcf65f187117b4",smaato.com,1100059370,RESELLER,07bcf65f187117b4,True,False,Format: inapp,Smaato,
Partner Demand Enablement,Priority,Partner,Publisher,Algorix,Publisher Ads.txt,"algorix.co, 604689, RESELLER, 5b394c12fea27a1d",algorix.co,604689,RESELLER,5b394c12fea27a1d,True,False,Format: both,Algorix,
Partner Demand Enablement,Priority,Partner,Publisher,Pubnative,Publisher Ads.txt,"pubnative.net, 1016768, RESELLER, d641df8625486a7b",pubnative.net,1016768,RESELLER,d641df8625486a7b,True,False,Format: inapp,Pubnative,
Partner Demand Enablement,Priority,Partner,Publisher,adtelligent,Publisher Ads.txt,"adtelligent.com, 775983, RESELLER, 8ce87912eb022a51",adtelligent.com,775983,RESELLER,8ce87912eb022a51,True,False,Format: both,adtelligent,
Partner Demand Enablement,Priority,Partner,Publisher,Lacuna,Publisher Ads.txt,"ushareit.com,LC75f1677a17a6970e,RESELLER",ushareit.com,LC75f1677a17a6970e,RESELLER,,True,False,Format: inapp,Lacuna,
Partner Demand Enablement,Priority,Partner,Publisher,Lacuna,Publisher Ads.txt,"lacunads.com, LC75f1677a17a6970e, RESELLER",lacunads.com,LC75f1677a17a6970e,RESELLER,,True,False,Format: inapp,Lacuna,
Partner Demand Enablement,Priority,Partner,Publisher,Tredio,Publisher Ads.txt,"tredio.io, 357a6fdf7642bf815a88822c447d9dc436965, RESELLER",tredio.io,357a6fdf7642bf815a88822c447d9dc436965,RESELLER,,True,False,Format: both,Tredio,
